timestamp,price_ee,price_fi,price_lv,price_lt,"flow_('ee', 'fi')","flow_('ee', 'lv')",system_production,system_consumption,system_losses,system_frequency,system_system_balance,system_ac_balance,system_production_renewable,system_solar_energy_production
2019-01-01 00:00:00+00:00,21.803749999999997,21.803749999999997,21.803749999999997,21.803749999999997,-67.633675,204.14560833333334,824.6196965277778,859.5478510416666,,49.999124305555554,-34.74836388888889,32.79402916666666,167.3691017361111,
2019-01-02 00:00:00+00:00,44.31791666666667,44.31791666666667,44.31791666666667,42.99041666666667,-20.251704166666666,310.130475,1007.5927100694444,1046.8878354166668,,50.00050520833334,-39.18357256944444,-17.071853472222223,189.73396493055554,
2019-01-03 00:00:00+00:00,57.26416666666666,57.19916666666666,57.26416666666666,55.13291666666667,-106.76549999999999,346.9461833333333,1020.0540864583332,1138.4083746527779,,49.653257986111115,-113.54615243055555,-8.854227777777778,136.35831597222221,
2019-01-04 00:00:00+00:00,54.53583333333333,54.53583333333333,54.53583333333333,54.53583333333333,-439.9450708333333,499.87226250000003,1067.2385489583332,1164.8688291666667,,50.000815625,-97.12269583333334,342.8883545138889,82.26764479166667,
2019-01-05 00:00:00+00:00,52.29583333333333,52.29583333333333,52.29583333333333,52.26458333333333,-131.17227083333333,349.97351249999997,935.5331079861111,1053.1994496527777,,49.998374999999996,-117.4998284722222,13.999702083333332,80.31749444444443,
2019-01-06 00:00:00+00:00,51.09041666666667,51.09041666666667,51.90541666666667,51.90541666666667,-325.411875,486.5275791666667,1015.259525,1043.3545173611112,,50.00015069444444,-27.645068055555555,298.3782173611111,45.680436111111106,
2019-01-07 00:00:00+00:00,51.918749999999996,51.918749999999996,58.650416666666665,58.650416666666665,-519.2124708333333,603.4512166666667,1248.7441125,1153.5268916666666,,50.00013194444445,95.71995729166666,613.9039260416666,95.20229027777778,
2019-01-08 00:00:00+00:00,52.01791666666667,52.01791666666667,58.749583333333334,58.749583333333334,-464.59312500000004,497.7681416666667,1189.3336065972223,1138.7006038194445,,50.00062361111111,51.19370625,516.1013520833334,69.07694270833333,
2019-01-09 00:00:00+00:00,58.31708333333333,58.31708333333333,58.89625,58.845416666666665,-316.4874916666667,430.4007166666667,1251.9563996527777,1179.8065489583335,,50.00057430555555,72.53462361111112,390.1725246527778,22.50517534722222,
2019-01-10 00:00:00+00:00,59.51291666666666,59.51291666666666,64.82083333333334,64.96374999999999,-138.65120416666667,548.5630291666666,1563.4107260416667,1190.4718684027778,,50.00057708333333,373.2935145833333,510.5770722222222,45.12456180555555,
2019-01-11 00:00:00+00:00,51.43833333333333,51.43833333333333,55.12375,55.12375,-330.5343625,614.2966666666667,1482.9366854166665,1153.4907052083333,,49.99969548611111,329.96788645833334,661.3382986111111,167.62643090277777,
2019-01-12 00:00:00+00:00,48.31666666666666,48.31666666666666,48.73,48.73,-258.91557083333333,576.5164916666666,1210.0855885416668,1027.858511111111,,50.000584374999995,182.61846493055555,441.4315711805555,86.94092013888888,
2019-01-13 00:00:00+00:00,47.06791666666667,47.06791666666667,47.06791666666667,47.06791666666667,-124.86060833333333,340.45070416666664,1016.5189701388889,1044.275354861111,,49.999615625000004,-27.545715625,96.21675208333333,47.73357256944444,
2019-01-14 00:00:00+00:00,48.72333333333333,48.72333333333333,48.9575,48.9575,-196.32932916666667,379.8030125,1180.5986170138888,1162.0661277777776,,49.999717708333336,18.878745833333333,216.01957152777777,90.25706180555557,
2019-01-15 00:00:00+00:00,53.95541666666667,53.95541666666667,54.04750000000001,54.04750000000001,-52.7683375,409.4328666666667,1359.0156204861112,1188.250365625,,50.000252777777774,170.91256354166666,225.61234583333334,58.39117152777778,
2019-01-16 00:00:00+00:00,55.44,55.44,55.44,55.44,202.7928208333333,270.8307291666667,1458.239307638889,1193.6632416666666,,50.000394444444446,264.54855486111114,62.39422743055555,84.66801388888888,
2019-01-17 00:00:00+00:00,52.84916666666667,53.00958333333333,52.84916666666667,52.84916666666667,287.92192916666664,362.6145041666667,1602.8231798611112,1193.529045138889,,49.99945590277778,409.24125729166667,121.84365034722221,140.562596875,
2019-01-18 00:00:00+00:00,61.97541666666667,62.2425,61.97541666666667,61.97541666666667,359.3748708333333,221.21534166666666,1517.8679729166665,1200.3564833333335,,50.001304166666664,317.45596076388887,-44.79181527777778,70.26177534722223,
2019-01-19 00:00:00+00:00,54.939166666666665,54.939166666666665,55.29458333333333,55.29458333333333,-158.74304583333333,447.0308,1264.4898083333333,1068.0197524305556,,49.99842326388889,196.68564444444445,356.26996493055555,110.91228715277778,
2019-01-20 00:00:00+00:00,55.215833333333336,55.215833333333336,55.215833333333336,55.215833333333336,68.64719166666667,413.7251166666667,1330.3212284722222,1062.1881618055554,,49.99984548611111,268.26140555555554,199.82867708333333,116.8343548611111,
2019-01-21 00:00:00+00:00,68.82791666666667,68.82791666666667,68.82791666666667,68.82791666666667,450.24525416666665,350.4158916666667,1919.9770083333335,1270.657507986111,,50.000647569444446,649.185326736111,198.485928125,28.622637847222222,
2019-01-22 00:00:00+00:00,64.22958333333334,64.22958333333334,64.22958333333334,64.22958333333334,318.670475,248.00858333333335,1871.6745559027777,1352.086954513889,,50.000524652777784,519.644490625,201.1890173611111,41.43698611111111,
2019-01-23 00:00:00+00:00,68.21833333333333,68.21833333333333,68.8425,69.635,59.49429583333333,444.2405166666667,1936.1279499999998,1281.9904059027779,,49.99921840277778,654.2202934027778,593.5540357638888,61.247845833333336,
2019-01-24 00:00:00+00:00,79.17375,79.17375,79.17375,79.50500000000001,40.1223125,413.62932916666665,1828.4045520833336,1267.1511263888888,,49.999659375,561.3725371527778,521.9710947916667,23.35310173611111,
2019-01-25 00:00:00+00:00,65.13875,65.13875,66.25041666666667,66.31375,-142.52369166666668,314.0607,1560.9802506944443,1284.8993947916667,,50.000169791666664,276.36883090277774,418.3259336805556,44.71568020833334,
2019-01-26 00:00:00+00:00,55.0275,55.0275,55.0275,55.0275,-182.92130416666666,407.7433083333333,1217.8314951388888,1190.6165812499999,,50.00029548611111,27.46609861111111,210.78786458333332,16.148804861111113,
2019-01-27 00:00:00+00:00,53.04083333333333,53.04083333333333,53.04083333333333,51.73166666666666,365.93749166666663,107.80362916666667,1199.5923684027778,1185.4862114583332,,50.00098576388889,14.014859027777778,-350.4861211805556,35.142886805555555,
2019-01-28 00:00:00+00:00,60.824999999999996,60.840833333333336,60.824999999999996,60.605,340.5376416666667,99.44612916666667,1627.5029538194444,1296.8594291666666,,50.00070868055556,330.5948236111111,-9.841385763888887,131.05994236111113,
2019-01-29 00:00:00+00:00,61.6625,61.67791666666667,61.6625,61.6625,194.96241666666666,239.369375,1622.590728125,1284.60100625,,49.998972916666666,338.0045461805555,144.2738451388889,53.48460868055556,
2019-01-30 00:00:00+00:00,59.206250000000004,59.28791666666667,59.206250000000004,59.206250000000004,289.40748333333335,341.5378,1668.5395121527777,1223.885890277778,,49.998721527777775,444.58428680555556,153.32576319444445,70.15595,
2019-01-31 00:00:00+00:00,61.173750000000005,61.173750000000005,61.173750000000005,61.13666666666666,261.9995333333333,291.0834541666667,1560.9723920138888,1238.111551736111,,50.000310069444446,322.77407604166666,61.165203472222224,21.699653819444443,
2019-02-01 00:00:00+00:00,57.294999999999995,57.294999999999995,57.294999999999995,57.294999999999995,304.0352125,362.0639125,1651.57508125,1197.6573833333334,,50.00118472222223,453.7960899305556,150.13837743055558,104.72431631944444,
2019-02-02 00:00:00+00:00,50.98708333333334,50.98708333333334,50.98708333333334,50.98708333333334,243.22620833333335,416.87582916666673,1407.380764236111,1058.0074562500001,,49.99914513888889,349.32048645833333,104.9477173611111,91.14980555555556,
2019-02-03 00:00:00+00:00,50.25375,50.25375,50.25375,50.25375,60.8081625,414.6109666666666,1171.4761989583333,1019.2804298611112,,50.00002326388889,152.23279861111112,93.23463680555557,129.27963333333332,
2019-02-04 00:00:00+00:00,54.89875,54.89875,54.89875,54.89875,229.0620625,322.1946208333333,1505.6182472222222,1186.0750125,,49.998863194444446,319.58782395833333,90.9425736111111,78.56554722222222,
2019-02-05 00:00:00+00:00,55.59583333333333,55.66458333333333,55.59583333333333,54.82875000000001,394.258775,296.9897625,1514.6761166666665,1171.765974652778,,50.00054236111111,342.7726152777778,-52.88996840277778,189.5716420138889,
2019-02-06 00:00:00+00:00,56.502916666666664,56.502916666666664,56.502916666666664,55.36291666666667,150.8424125,334.7056333333333,1352.5013166666668,1191.0624927083334,,49.99876319444444,161.42834618055556,9.388543055555555,63.415180902777784,
2019-02-07 00:00:00+00:00,51.52458333333333,51.52458333333333,51.52458333333333,50.95375000000001,-87.93345833333332,211.01002916666667,998.7934760416667,1187.1653145833334,,50.000309027777774,-188.13840833333336,-98.97001666666667,108.79044270833333,
2019-02-08 00:00:00+00:00,50.10375,50.10375,50.10375,49.622083333333336,-181.70637916666666,279.35012083333334,915.9850232638889,1137.91804375,,50.00050833333333,-221.45126979166668,-40.254580555555556,200.08204340277777,
2019-02-09 00:00:00+00:00,46.94291666666666,46.94291666666666,46.94291666666666,44.76083333333333,143.39968333333334,270.4815791666667,935.9154923611111,988.388473263889,,49.99917361111111,-52.50999930555556,-195.74775555555556,210.5851954861111,
2019-02-10 00:00:00+00:00,45.58958333333334,45.58958333333334,45.58958333333334,43.94,141.19326666666666,192.66942500000002,871.1661850694444,984.4869947916666,,49.99957951388889,-113.32217361111111,-254.84739305555553,199.71949062500002,
2019-02-11 00:00:00+00:00,50.255833333333335,50.255833333333335,50.255833333333335,49.00875,-112.49146666666667,171.34323333333336,814.1938618055556,1139.4200802083333,,49.997798958333334,-324.90595277777777,-212.99286180555555,67.63105208333333,
2019-02-12 00:00:00+00:00,49.09916666666667,48.97375,49.09916666666667,49.09916666666667,-475.0478791666667,412.17980416666666,850.3313309027777,1118.1374885416667,,50.00130034722222,-267.2359836805556,206.69321597222222,146.773121875,
2019-02-13 00:00:00+00:00,48.23833333333334,48.23833333333334,48.23833333333334,47.76625000000001,-213.53817916666665,233.3014208333333,806.7511663194445,1143.8843097222223,,49.99905034722222,-336.78864444444446,-122.91431354166667,89.7429079861111,
2019-02-14 00:00:00+00:00,48.23041666666666,46.83583333333333,48.23041666666666,48.177083333333336,-559.4980958333333,438.1465666666666,851.2428899305555,1107.9662135416665,,50.00055173611111,-256.0657972222222,303.31940104166665,138.21742361111112,
2019-02-15 00:00:00+00:00,46.31458333333333,44.10583333333333,46.31458333333333,46.31458333333333,-635.50275,416.2897708333333,867.7790020833334,1092.9380177083333,,50.00096805555555,-224.29996180555557,410.6001385416667,142.91722534722223,
2019-02-16 00:00:00+00:00,39.7175,39.7175,39.7175,39.685,-341.4791375,417.0108041666667,799.7003076388888,936.6695215277778,,50.000476041666666,-136.38507465277777,205.82950451388888,162.77286805555556,
2019-02-17 00:00:00+00:00,41.637499999999996,41.637499999999996,41.637499999999996,41.61833333333333,-329.1631375,485.3284458333333,775.3467805555556,945.1423020833333,,50.00077847222222,-169.26417430555554,159.74554618055555,132.46624027777776,
2019-02-18 00:00:00+00:00,45.836666666666666,43.79333333333333,45.836666666666666,45.836666666666666,-603.9259166666667,469.12524583333334,820.4605416666667,1079.1465986111111,,50.00040381944444,-257.9982993055556,346.0122517361111,125.95725868055554,
2019-02-19 00:00:00+00:00,43.72291666666666,42.77541666666667,43.72291666666666,43.72291666666666,-494.3288583333333,421.13530833333334,844.3469190972222,1064.4132145833332,,50.00065416666667,-219.39448958333332,274.80088159722226,159.15654861111113,
2019-02-20 00:00:00+00:00,42.77541666666667,42.77541666666667,42.77541666666667,42.77541666666667,-376.29428750000005,342.73436250000003,890.1068986111111,1083.979354513889,,49.825503125,-193.18276180555554,183.05247881944445,200.78055798611112,
2019-02-21 00:00:00+00:00,47.89541666666667,47.89541666666667,47.89541666666667,47.89541666666667,-168.74799583333333,150.26318333333333,844.3786805555555,1130.3910135416668,,49.99983854166666,-285.6239961805556,-116.82256458333333,123.48042187499999,
2019-02-22 00:00:00+00:00,47.177083333333336,46.66583333333333,47.177083333333336,47.07708333333333,-386.57535,266.1329875,785.5028555555556,1148.4704319444445,,50.00032361111111,-362.4703284722222,22.417118055555555,70.87249375,
2019-02-23 00:00:00+00:00,39.585,39.585,39.585,39.585,-441.36862083333335,420.2084875,893.2737829861112,998.6258465277778,,50.00024305555556,-104.72096388888889,338.00320451388893,151.89244479166666,
2019-02-24 00:00:00+00:00,38.2275,38.2275,38.2275,38.21583333333333,-419.7539125,594.8040583333333,803.5543559027778,937.27996875,,50.001155555555556,-133.09997847222223,287.0151548611111,126.33726354166667,
2019-02-25 00:00:00+00:00,42.31458333333333,41.03791666666667,42.31458333333333,42.31458333333333,-551.2002541666667,610.230925,944.2747763888888,1044.7534600694444,,50.00029548611111,-99.71630833333333,451.4904378472222,200.62623993055556,
2019-02-26 00:00:00+00:00,45.30625,45.13041666666667,45.30625,45.30625,-576.6601791666666,530.0950791666667,833.2885190972222,1088.2926006944444,,50.00002465277778,-254.28123819444443,320.58125624999997,91.80126736111112,
2019-02-27 00:00:00+00:00,45.45166666666666,40.81541666666667,45.45166666666666,45.45166666666666,-762.3299791666667,625.3662875,808.7707777777778,1087.1683729166666,,50.00259270833333,-277.5474072916667,485.36374722222223,109.27349895833333,
2019-02-28 00:00:00+00:00,41.932916666666664,40.70875,41.932916666666664,41.932916666666664,-626.2433916666666,559.364475,847.5365083333332,1068.2710993055557,,49.99829305555556,-219.92325972222224,407.4560715277778,178.27907395833333,
2019-03-01 00:00:00+00:00,49.770833333333336,49.53333333333333,49.770833333333336,49.770833333333336,-463.4704458333333,390.1996875,825.0107680555556,1122.767425,,50.00058298611111,-297.1180708333334,165.44873958333335,78.69884618055556,
2019-03-02 00:00:00+00:00,40.92166666666667,40.92166666666667,40.92166666666667,40.92166666666667,-211.70572083333332,394.69732500000003,853.459821875,990.9115986111111,,50.00081180555556,-137.04877708333333,76.49941805555555,173.73660208333334,
2019-03-03 00:00:00+00:00,40.16375,40.16375,40.16375,39.9625,-43.458175000000004,270.0425916666667,704.3946649305556,986.3193888888889,,50.00015868055556,-281.6928208333333,-238.17369444444446,48.46402361111112,
2019-03-04 00:00:00+00:00,46.98875,46.98875,46.98875,46.57750000000001,-97.91485833333333,155.89223333333334,792.1067614583333,1114.9567645833333,,50.000735069444445,-322.6485829861111,-225.08643784722221,28.562469444444446,
2019-03-05 00:00:00+00:00,45.407916666666665,45.407916666666665,45.407916666666665,45.407916666666665,-368.691425,308.8190916666667,907.5159812500001,1134.8704611111111,,50.000378125,-226.80212465277776,141.08260763888887,139.08767534722222,
2019-03-06 00:00:00+00:00,46.13625,45.95041666666666,46.13625,46.13625,-432.42315,271.1476125,865.7514111111111,1164.3348006944443,,49.99978125,-297.91662152777775,135.07197222222223,54.99361458333333,
2019-03-07 00:00:00+00:00,43.70249999999999,43.70249999999999,43.70249999999999,43.70249999999999,-63.77700833333333,170.08425,1019.3314756944445,1134.823359375,,50.000173958333335,-115.30833402777778,-51.54528055555556,155.06738854166667,
2019-03-08 00:00:00+00:00,38.92333333333333,38.92333333333333,38.92333333333333,38.92333333333333,-124.64697083333334,332.1587333333333,955.9663440972222,1045.0331854166666,,50.00077951388889,-88.78230486111111,36.052940625,191.68633506944445,
2019-03-09 00:00:00+00:00,38.05083333333334,38.05083333333334,38.05083333333334,37.419583333333335,24.189483333333328,287.34949166666667,951.7761336805555,947.2347114583333,,49.999691319444445,4.526248611111111,-18.891159722222223,169.04435590277777,
2019-03-10 00:00:00+00:00,39.2975,39.2975,39.2975,38.08083333333334,110.18599166666667,195.39006666666668,851.8377746527779,948.3971506944443,,49.99942847222222,-96.55562604166667,-207.77493437500002,69.26882534722222,
2019-03-11 00:00:00+00:00,45.290416666666665,45.290416666666665,45.220416666666665,45.220416666666665,-177.99294583333332,163.58824166666668,886.6829850694444,1109.3149916666666,,49.99893680555556,-222.30033333333333,-44.83320277777778,89.42916111111111,
2019-03-12 00:00:00+00:00,45.560833333333335,45.560833333333335,45.560833333333335,45.560833333333335,-217.23362916666667,168.56076666666667,889.8752993055555,1138.2452465277777,,50.00151458333333,-247.87119861111108,-29.177668402777776,53.93349201388889,
2019-03-13 00:00:00+00:00,43.069583333333334,43.069583333333334,42.191250000000004,42.191250000000004,-79.12346666666667,129.23501666666667,856.7961250000001,1096.393303125,,50.00069097222222,-239.2076659722222,-160.74832361111112,88.80826840277777,
2019-03-14 00:00:00+00:00,41.67791666666667,41.67791666666667,41.67791666666667,41.67791666666667,-166.88109166666666,192.38132916666666,903.5083850694444,1085.459037152778,,50.00000729166666,-181.6426815972222,-15.173162847222223,115.78607256944444,
2019-03-15 00:00:00+00:00,43.07375,43.07375,43.07375,43.07375,-135.97702083333334,228.0026,905.837984375,1064.541039236111,,50.00141736111111,-158.4389545138889,-21.238025347222223,105.28854722222223,
2019-03-16 00:00:00+00:00,40.55833333333333,40.55833333333333,40.55833333333333,40.55833333333333,53.8248,318.66006250000004,851.7555190972222,959.9690048611111,,49.99963541666667,-108.11364895833333,-161.47842604166667,51.324281944444444,
2019-03-17 00:00:00+00:00,34.44541666666667,34.44541666666667,34.44541666666667,34.44541666666667,213.259325,247.5874375,884.5095826388889,930.3757045138888,,49.999996180555556,-45.96815,-260.457328125,142.33431493055556,
2019-03-18 00:00:00+00:00,41.572916666666664,41.572916666666664,41.572916666666664,41.572916666666664,-32.9819125,212.13369583333335,979.4965517361111,1038.9524961805555,,50.00018541666667,-59.347728125,-24.91015625,163.9318704861111,
2019-03-19 00:00:00+00:00,45.645833333333336,45.645833333333336,45.645833333333336,45.645833333333336,-122.1783375,210.78918750000003,926.208151388889,1071.4987784722223,,49.99919340277778,-144.73912395833335,-24.739068055555556,75.72355972222222,
2019-03-20 00:00:00+00:00,41.30625,41.30625,41.30625,41.30625,-303.3697291666667,299.11975,922.390707638889,1064.3398114583333,,49.999756597222216,-141.5113934027778,163.1497079861111,120.91856944444446,
2019-03-21 00:00:00+00:00,39.529583333333335,39.529583333333335,39.529583333333335,39.529583333333335,-266.5032125,246.39484166666668,843.8972208333333,1050.1818225694444,,50.00075625,-205.77330416666666,60.74981631944445,103.03536111111111,
2019-03-22 00:00:00+00:00,39.8525,39.81916666666667,39.8525,39.8525,-331.05777916666665,321.0832,900.8086211805555,1011.9517086805556,,50.00019409722222,-110.63541145833334,218.77998888888888,163.48980208333333,
2019-03-23 00:00:00+00:00,33.121249999999996,33.121249999999996,33.121249999999996,33.121249999999996,-73.46024583333333,245.4297,857.4996864583333,903.6604305555555,,50.00013368055556,-45.889265277777774,28.13139722222222,176.18660868055557,
2019-03-24 00:00:00+00:00,33.22208333333334,33.22208333333334,33.22208333333334,33.22208333333334,-53.256933333333336,262.89235,809.3837100694444,860.3041611111111,,50.00056076388889,-50.714274305555556,2.5137180555555556,175.9268260416667,
2019-03-25 00:00:00+00:00,38.35458333333333,38.35458333333333,38.35458333333333,38.35458333333333,-285.47554583333334,182.50502500000002,822.840770138889,1017.4385246527777,,50.00031527777778,-194.14984583333333,91.17130763888889,87.96642638888889,
2019-03-26 00:00:00+00:00,39.69583333333333,39.69583333333333,39.69583333333333,39.69583333333333,-224.33366249999997,123.7856125,792.6900739583333,1035.5615770833333,,50.000052430555556,-242.56848472222222,-17.82643611111111,68.8923513888889,
2019-03-27 00:00:00+00:00,39.65625,39.59875,39.65625,39.65625,-461.0284208333333,284.4400125,800.2441267361112,1052.8944722222222,,50.00034861111111,-252.00022777777778,208.7881732638889,24.025537847222225,
2019-03-28 00:00:00+00:00,36.98166666666666,34.63125,36.98166666666666,36.98166666666666,-588.0646291666667,384.8896333333334,812.0469135416666,1008.1340378472222,,50.001045833333336,-195.3620517361111,392.5491524305555,87.04965625,
2019-03-29 00:00:00+00:00,29.592916666666667,29.592916666666667,29.592916666666667,29.592916666666667,-226.03805416666668,223.99629166666668,801.8906274305556,967.7174315972222,,49.999249999999996,-165.41034513888889,60.74152152777778,153.05407083333333,
2019-03-30 00:00:00+00:00,31.897499999999997,31.897499999999997,31.897499999999997,31.897499999999997,-88.10410833333333,267.49955833333337,728.2019510416667,867.4686829861112,,50.00095451388889,-139.0379482638889,-49.394299305555556,104.96013229166667,
2019-03-31 00:00:00+00:00,27.7075,27.7075,27.7075,27.7075,34.4655625,198.21543333333332,783.2833069444445,882.5412503472222,,50.00009583333333,-99.36241527777777,-135.67219965277778,158.82781006944444,
2019-04-01 00:00:00+00:00,38.92166666666667,38.92166666666667,39.032916666666665,39.032916666666665,-251.631,310.7991375,880.7831798611111,1007.0679944444445,,50.000726388888886,-126.38013611111111,124.86707951388888,88.43953090277779,
2019-04-02 00:00:00+00:00,39.235416666666666,35.379583333333336,39.235416666666666,39.235416666666666,-214.2062791666667,296.38141666666667,793.5052711805555,1008.638235763889,,50.002149305555555,-215.15589479166667,0.1893979166666665,70.37028541666666,
2019-04-03 00:00:00+00:00,40.46333333333333,39.53666666666667,40.46333333333333,40.46333333333333,-134.85027083333333,402.04502083333335,891.4641847222223,984.6851145833334,,49.999480902777776,-92.90579791666667,42.63879444444444,140.12616180555557,
2019-04-04 00:00:00+00:00,39.594166666666666,39.594166666666666,39.594166666666666,39.594166666666666,-141.00065833333335,258.5448833333333,759.0640555555556,964.8260215277777,,49.99942569444445,-205.40326736111112,-65.79635520833332,92.22530486111111,
2019-04-05 00:00:00+00:00,43.12166666666667,43.12166666666667,43.114583333333336,43.114583333333336,-259.9459125,303.1115916666667,692.0621684027778,956.9361135416667,,50.000046874999995,-264.42513784722223,-4.333452083333333,60.083545138888894,
2019-04-06 00:00:00+00:00,38.54833333333333,38.54833333333333,38.54833333333333,38.54833333333333,-156.95613333333333,481.055075,761.7653541666666,837.5870614583333,,49.99865104166667,-75.47981527777777,81.94274548611111,60.91706805555556,
2019-04-07 00:00:00+00:00,39.303333333333335,39.303333333333335,39.303333333333335,39.303333333333335,-179.08872083333333,485.123275,808.153170138889,825.4292746527777,,49.99947083333333,-16.896566666666665,161.01669895833334,74.8857170138889,
2019-04-08 00:00:00+00:00,40.812083333333334,40.812083333333334,40.812083333333334,40.812083333333334,-515.8637583333333,473.1212208333333,826.1337222222222,1012.9037819444444,,50.000738541666664,-186.06255347222222,329.6307833333333,64.76402604166667,
2019-04-09 00:00:00+00:00,42.20291666666667,41.93416666666666,42.20291666666667,42.20291666666667,-535.4243416666667,422.7431208333333,813.991713888889,1001.7344569444444,,49.99907326388889,-187.01901840277776,348.39205625,45.175240625,
2019-04-10 00:00:00+00:00,43.990833333333335,43.990833333333335,44.177083333333336,44.177083333333336,-555.4347458333333,442.90549583333336,905.170895486111,1048.0284899305557,,50.000109374999994,-142.19257708333333,413.67067291666666,46.75140972222223,
2019-04-11 00:00:00+00:00,48.11083333333334,48.0375,48.11083333333334,48.11083333333334,-464.52785833333337,327.7531583333333,897.602315625,1038.160201736111,,49.99959722222222,-139.86904270833332,325.0960784722222,38.08403611111111,
2019-04-12 00:00:00+00:00,53.57083333333333,53.57083333333333,53.57083333333333,53.57083333333333,159.69761250000002,-18.103870833333332,857.4257114583334,1007.3747239583333,,49.99976041666667,-150.0524590277778,-309.45962395833334,31.520533680555552,
2019-04-13 00:00:00+00:00,43.49416666666667,43.49416666666667,43.49416666666667,43.49416666666667,-34.16277083333333,346.76177916666666,831.6035625,880.5264854166667,,50.000526388888886,-48.79965,-14.777557986111113,42.308640277777776,
2019-04-14 00:00:00+00:00,42.10541666666666,42.10541666666666,42.10541666666666,42.10541666666666,-158.27645416666667,427.96432916666663,815.5171822916667,852.0169777777778,,50.00044270833334,-36.200871875,122.32438541666667,60.67741562500001,
2019-04-15 00:00:00+00:00,48.65083333333333,48.65083333333333,48.65083333333333,48.65083333333333,-261.87719583333336,382.23724583333336,845.557603125,973.70189375,,50.00037569444444,-127.7440763888889,134.21842916666665,49.536377083333335,
2019-04-16 00:00:00+00:00,50.07416666666666,50.07416666666666,50.07416666666666,50.07416666666666,-242.72212916666663,388.4988916666667,847.8544888888889,962.0024145833335,,49.99792395833333,-113.7032611111111,129.04837118055556,52.847092361111116,
2019-04-17 00:00:00+00:00,47.201249999999995,47.201249999999995,47.201249999999995,47.201249999999995,-265.53011666666663,397.1674666666667,833.027534375,959.7876625,,50.00009756944444,-126.3109923611111,138.92531631944445,31.357895833333334,
2019-04-18 00:00:00+00:00,47.05166666666667,47.05166666666667,47.05166666666667,47.05166666666667,-298.9199458333333,350.61723333333333,799.9312486111111,928.7016017361111,,50.000289583333334,-128.1533263888889,170.26729166666667,25.611711805555554,
2019-04-19 00:00:00+00:00,42.205416666666665,42.205416666666665,50.11875,50.11875,-434.8934,447.5427958333333,791.1850715277777,786.2425538194444,,50.000224305555555,5.708055902777778,440.99484340277775,46.411360763888894,
2019-04-20 00:00:00+00:00,41.23291666666667,41.23291666666667,41.60375,41.60375,-364.46313749999996,516.2506333333333,772.5678923611111,767.1542795138889,,49.999211805555554,6.085744097222221,369.3343965277778,38.52460694444444,
2019-04-21 00:00:00+00:00,37.918749999999996,37.918749999999996,37.918749999999996,37.918749999999996,-275.6672875,332.13943333333333,752.4661861111111,755.4805583333333,,50.000432986111115,-2.476925,273.7728114583333,27.790177430555556,
2019-04-22 00:00:00+00:00,34.180416666666666,34.180416666666666,34.180416666666666,34.180416666666666,-230.5968333333333,268.8700666666667,748.5735541666667,867.6573913194445,,50.000048263888885,-118.55106319444445,111.31020555555556,41.71659131944445,
2019-04-23 00:00:00+00:00,34.509166666666665,34.509166666666665,37.6875,37.6875,-578.9019125,398.13374999999996,725.0558423611111,869.0548913194444,,50.002257291666666,-143.03095277777777,435.99114166666664,31.567805902777778,
2019-04-24 00:00:00+00:00,33.23875,33.23875,39.00333333333334,39.00333333333334,-569.3192833333334,360.3404625,771.6415152777778,871.3309052083333,,49.65263090277778,-98.76010659722222,470.63747222222224,51.446586805555555,
2019-04-25 00:00:00+00:00,41.31,41.31,53.43666666666667,53.43666666666667,-577.2625041666666,412.68800416666664,786.88149375,883.0808572916667,,49.99895590277778,-95.19107291666666,482.54914687499996,60.196693055555556,
2019-04-26 00:00:00+00:00,49.076249999999995,49.076249999999995,55.387499999999996,55.387499999999996,-708.4824,541.1051874999999,781.5864878472222,878.0858472222221,,50.000425,-95.51073611111111,611.9340652777778,37.10174791666667,
2019-04-27 00:00:00+00:00,30.688333333333333,30.688333333333333,34.800000000000004,34.800000000000004,-694.7017583333333,526.1210791666666,669.6184385416667,753.8920496527777,,49.99782013888889,-83.21951805555555,611.5118434027777,58.52798923611111,
2019-04-28 00:00:00+00:00,27.140416666666667,27.140416666666667,27.140416666666667,27.140416666666667,-307.0294916666667,364.73477499999996,724.0944006944444,724.8177680555556,,49.998421875,-0.1287618055555556,307.33209027777775,126.243909375,
2019-04-29 00:00:00+00:00,53.56125,46.93333333333334,53.56125,53.56125,-769.6304541666667,404.3164541666667,659.4999413194445,876.0744472222223,,49.99932326388889,-215.544428125,554.6411951388889,45.662024652777774,
2019-04-30 00:00:00+00:00,51.7525,41.32791666666667,51.7525,51.7525,-856.6116125,497.9839958333334,667.7173381944444,875.4671038194444,,50.000053819444446,-206.74068472222223,647.4415809027778,22.42933125,
2019-05-01 00:00:00+00:00,17.518333333333334,17.518333333333334,17.94708333333333,17.94708333333333,-657.3558416666666,597.6033083333333,652.7967614583333,765.7498666666667,,50.00034618055556,-111.98453437500001,547.6465024305556,46.91653194444444,
2019-05-02 00:00:00+00:00,27.6725,27.6725,27.6725,27.6725,-597.6754,408.7137041666667,677.2451152777778,919.4627010416667,,49.99849861111111,-241.31915,356.357325,66.59444895833333,
2019-05-03 00:00:00+00:00,38.40333333333333,38.40333333333333,38.40333333333333,38.40333333333333,-525.340825,395.3189625,704.8459631944445,920.7939781250001,,49.99823645833333,-215.20241319444443,310.89190833333333,118.66782222222221,
2019-05-04 00:00:00+00:00,39.600833333333334,39.600833333333334,41.808749999999996,41.808749999999996,-596.2149166666667,378.3174916666667,635.8603357638889,807.8319590277778,,50.00067951388889,-171.22733888888888,424.7874736111111,59.04882291666667,
2019-05-05 00:00:00+00:00,38.505,38.505,38.505,38.505,-362.3788416666667,337.80050416666666,617.7036774305556,771.0147354166667,,50.002577083333335,-152.69940833333334,210.36842708333336,24.844332986111112,
2019-05-06 00:00:00+00:00,51.84,51.84,51.84,51.84,-466.72384583333337,339.82325833333334,737.878234375,873.2791142361111,,50.00198888888889,-134.63559375,330.8563670138889,48.41090381944444,
2019-05-07 00:00:00+00:00,50.10958333333334,48.02291666666667,51.865833333333335,51.865833333333335,-646.6174,498.9277541666667,788.021364236111,884.4752062499999,,49.998503125,-95.56693854166667,551.5284673611111,51.34435451388889,
2019-05-08 00:00:00+00:00,61.01458333333333,40.014583333333334,61.01458333333333,61.01458333333333,-751.3520625,526.4085625,798.9660197916667,893.6313895833333,,49.999718055555554,-93.63625763888889,657.3643350694445,49.37351180555556,
2019-05-09 00:00:00+00:00,39.527499999999996,38.28208333333333,48.595,48.595,-603.8164041666666,395.5903166666667,830.4333041666666,871.3246861111111,,49.998836805555555,-40.02496527777778,564.4317590277777,105.935028125,
2019-05-10 00:00:00+00:00,44.29833333333334,39.280833333333334,46.06333333333333,46.06333333333333,-748.6425083333334,490.72262500000005,772.5475458333334,920.9329631944444,,50.00143020833333,-147.394303125,601.1820975694444,28.609513541666665,
2019-05-11 00:00:00+00:00,36.66916666666667,36.66916666666667,36.66916666666667,36.66916666666667,-150.5066375,202.59482916666664,745.5115524305555,793.9581652777778,,49.99843159722222,-48.15966458333333,100.9936625,48.001671875,
2019-05-12 00:00:00+00:00,11.386249999999999,11.386249999999999,11.386249999999999,11.386249999999999,-277.12525,300.8949166666667,650.8383131944444,734.4392635416666,,49.99786493055555,-83.08081388888888,195.45122083333334,43.66576527777778,
2019-05-13 00:00:00+00:00,63.546666666666674,63.546666666666674,63.546666666666674,63.546666666666674,-470.568325,266.32145833333334,635.2141739583334,921.7284510416666,,50.00001180555555,-285.7213545138889,183.53583923611112,56.28915034722222,
2019-05-14 00:00:00+00:00,54.135,54.135,54.135,54.135,-166.0889625,231.9619625,709.2620642361112,922.7603607638889,,50.000819444444446,-213.2512013888889,-45.501646875,77.70981458333333,
2019-05-15 00:00:00+00:00,46.85875000000001,46.85875000000001,46.85875000000001,46.855,55.188454166666666,104.26939166666666,616.3467586805556,887.8255055555555,,50.00145277777778,-271.67525868055554,-326.3971881944444,45.259397569444445,
2019-05-16 00:00:00+00:00,44.37375,44.37375,44.37375,44.3425,60.0535875,107.09230833333334,649.6387319444444,880.4262732638889,,50.00058958333333,-230.8747677083333,-291.1805,45.860175,
2019-05-17 00:00:00+00:00,41.94916666666666,41.94916666666666,41.94916666666666,41.94916666666666,-47.50850416666666,168.6858875,659.75386875,862.6138743055556,,49.99948020833333,-202.79892708333333,-156.16524444444445,64.22197986111111,
2019-05-18 00:00:00+00:00,34.520833333333336,34.520833333333336,34.520833333333336,33.73625,-415.7435083333333,364.03668749999997,497.55655972222223,736.5430277777778,,49.99896527777778,-238.20863090277777,177.81611666666666,73.90933715277778,
2019-05-19 00:00:00+00:00,36.92166666666667,36.92166666666667,36.935833333333335,35.129583333333336,-449.80492499999997,316.1488458333333,503.81079687499994,736.7680392361111,,50.00030243055556,-232.13951180555554,217.18260868055555,69.25696180555556,
2019-05-20 00:00:00+00:00,48.337916666666665,48.337916666666665,48.98083333333333,48.98083333333333,-555.643475,190.34967916666665,546.6068947916667,874.3661357638889,,50.00080763888889,-326.732146875,228.79093402777778,55.474151388888885,
2019-05-21 00:00:00+00:00,50.2525,50.2525,56.367916666666666,56.367916666666666,-620.6993958333334,173.4870875,539.8373847222223,882.091684375,,50.000964583333335,-341.11355243055556,278.84368020833335,26.745547916666666,
2019-05-22 00:00:00+00:00,59.54624999999999,59.54624999999999,71.73958333333333,71.73958333333333,-686.7969416666666,182.04285000000002,538.1184708333334,874.6460201388888,,49.997601736111115,-335.35800312500004,351.12597569444443,20.543793055555554,
2019-05-23 00:00:00+00:00,47.855,47.855,50.6975,50.6975,-548.866275,152.75995,584.6831604166667,863.2634465277778,,49.99953923611111,-277.6129375,272.1497576388889,71.70112534722222,
2019-05-24 00:00:00+00:00,51.42875,51.42875,54.947916666666664,54.947916666666664,-585.1698166666666,167.207175,524.8764611111111,879.0320607638889,,50.00085590277777,-353.2039868055556,230.79966388888886,24.18075451388889,
2019-05-25 00:00:00+00:00,35.17125,35.17125,36.96125,36.96125,-580.5314,327.0239041666667,518.593909375,777.5516986111111,,50.001913888888886,-257.9494951388889,324.0957628472222,97.47668541666667,
2019-05-26 00:00:00+00:00,30.028750000000002,30.028750000000002,33.024166666666666,33.024166666666666,-520.0758666666667,258.0049625,558.0642423611112,771.5916486111112,,49.998584375,-212.54733611111112,307.43130034722225,124.37990520833334,
2019-05-27 00:00:00+00:00,46.76208333333333,46.76208333333333,46.76208333333333,44.2425,-403.78770000000003,199.79582083333332,536.4036618055555,905.3150763888889,,50.00158194444444,-368.13627534722224,34.77458159722222,63.35645173611111,
2019-05-28 00:00:00+00:00,47.09125,45.00416666666666,49.7775,49.7775,-716.1936875,268.4034833333333,499.14588124999995,897.8077072916667,,50.001163194444445,-397.50403680555553,318.60081041666666,40.037699305555556,
2019-05-29 00:00:00+00:00,37.36333333333334,36.4675,44.5275,44.5275,-849.8126958333334,291.7389958333334,454.63109444444444,884.7105079861111,,49.999865972222224,-428.7856732638889,420.16358090277777,70.22295798611111,
2019-05-30 00:00:00+00:00,47.293749999999996,7.91375,49.92916666666667,49.92916666666667,-879.4344458333334,258.608725,449.2680295138889,886.2677281250001,,50.00015069444444,-435.74646423611114,444.2377673611111,72.133746875,
2019-05-31 00:00:00+00:00,32.90833333333333,27.481666666666666,35.6425,35.6425,-868.2654208333333,300.3683916666667,498.9989298611111,876.6897399305556,,50.00049201388889,-376.4048434027778,491.45654965277777,117.64782708333334,
2019-06-01 00:00:00+00:00,21.202916666666667,21.202916666666667,34.63708333333333,34.63708333333333,-718.5674875,344.4803625,451.8793871527778,736.944486111111,,50.00119618055555,-283.8539211805556,436.4318305555555,104.27016180555556,
2019-06-02 00:00:00+00:00,23.46166666666667,23.46166666666667,38.63625,38.63625,-697.0205833333333,308.8163375,423.52192083333335,722.7128590277778,,49.99966076388889,-298.04934236111114,397.8883847222222,82.10097847222222,
2019-06-03 00:00:00+00:00,49.10708333333333,48.76083333333333,51.50958333333333,51.50958333333333,-395.44149583333336,228.13274166666667,594.2062958333333,812.2204083333334,,50.00083159722222,-217.34914618055555,179.29809965277778,77.99674618055556,
2019-06-04 00:00:00+00:00,35.13625,35.13625,36.595,36.595,-338.9784041666667,277.81189166666667,696.0354784722223,828.6277847222223,,50.001009027777776,-132.21226180555556,206.48635486111112,77.038078125,
2019-06-05 00:00:00+00:00,51.14125000000001,50.4025,52.0925,52.0925,-211.29538749999998,180.59175416666668,633.4022815972222,837.0912305555555,,50.00200520833333,-203.63658090277778,7.211654513888888,22.54644097222222,
2019-06-06 00:00:00+00:00,46.06,39.66,46.017500000000005,46.017500000000005,-162.3522375,116.31419166666667,577.4879340277778,879.1977871527778,,50.00172638888889,-301.5039486111111,-139.15462881944444,29.16759340277778,
2019-06-07 00:00:00+00:00,67.27625,59.07958333333334,67.27625,67.27625,-391.87208749999996,322.47466249999997,596.0832788194444,863.0997920138889,,49.649671874999996,-266.18297326388887,123.59105277777778,43.815805555555556,
2019-06-08 00:00:00+00:00,40.16125,16.023333333333333,40.849583333333335,40.849583333333335,-919.65735,455.0518666666667,337.16733854166665,733.3357513888889,,49.99972951388889,-394.7895291666666,526.376025,47.800859027777776,
2019-06-09 00:00:00+00:00,30.451666666666668,11.72375,30.451666666666668,30.451666666666668,-801.2880041666667,482.43534999999997,383.2982274305556,699.2547902777778,,50.00119965277778,-314.6833246527778,487.0402388888889,95.85975659722222,
2019-06-10 00:00:00+00:00,39.89833333333333,23.125416666666666,39.89833333333333,39.89833333333333,-581.6216041666667,240.7440875,332.2400090277778,838.4667149305556,,50.000788541666665,-504.96624513888884,75.9894125,45.39218541666666,
2019-06-11 00:00:00+00:00,44.749583333333334,35.028749999999995,44.749583333333334,44.749583333333334,-605.5055041666667,301.02226666666667,348.5101375,871.9487819444444,,49.998740625,-522.1473517361111,83.16891840277778,36.630595138888886,
2019-06-12 00:00:00+00:00,45.059583333333336,24.911666666666665,45.059583333333336,45.059583333333336,-622.0248916666667,497.55719999999997,440.20708090277776,861.8473711805556,,50.000396180555555,-420.33560555555556,201.93234270833332,154.648559375,
2019-06-13 00:00:00+00:00,61.350833333333334,30.484583333333333,61.350833333333334,61.350833333333334,-617.4562583333333,365.0692916666667,388.19698611111113,894.8690885416668,,50.000315972222225,-505.321465625,111.85910763888889,97.81700486111112,
2019-06-14 00:00:00+00:00,54.36875,31.984583333333333,54.36875,54.36875,-654.1760041666666,431.3604291666666,439.47735,895.9318163194444,,50.00095104166667,-455.1731163194445,198.33235625,44.34476006944445,
2019-06-15 00:00:00+00:00,42.14625,23.820833333333336,42.14625,42.14625,-906.342125,509.76539166666663,308.6402628472222,740.2682496527777,,50.00090173611111,-430.32873958333334,476.75864826388886,33.54909305555556,
2019-06-16 00:00:00+00:00,38.29541666666667,23.69125,38.29541666666667,38.29541666666667,-769.1635166666666,434.85190000000006,291.1732298611111,724.4766017361112,,50.00057291666667,-432.0096975694444,337.09622812500004,15.030359722222222,
2019-06-17 00:00:00+00:00,39.98041666666666,29.937083333333334,39.98041666666666,39.98041666666666,-853.5970291666667,481.86013333333335,352.98729305555554,848.1714211805555,,50.000454166666664,-493.8743493055556,360.8012590277778,56.2423375,
2019-06-18 00:00:00+00:00,52.54333333333333,27.14916666666667,53.340833333333336,53.340833333333336,-863.7987666666667,401.4821958333334,382.8775298611111,846.2664805555555,,49.999102083333334,-462.0621520833334,400.9331677083334,83.24468541666667,
2019-06-19 00:00:00+00:00,59.87833333333333,31.24083333333333,59.87833333333333,59.87833333333333,-897.5754583333334,427.1588125,431.9380878472222,841.201165625,,50.000794444444445,-407.8997458333333,488.9619881944444,33.68753506944444,
2019-06-20 00:00:00+00:00,49.42625,32.428333333333335,49.42625,49.42625,-866.1816708333332,494.2827875,317.52236875,826.6713211805555,,50.00009583333333,-507.8548590277778,359.03257499999995,40.47828472222222,
2019-06-21 00:00:00+00:00,47.574999999999996,26.20375,47.574999999999996,47.574999999999996,-886.018525,554.0798083333333,341.9750378472222,814.8258774305555,,50.000825,-471.48552222222224,414.268634375,49.500960069444446,
2019-06-22 00:00:00+00:00,34.3775,20.145416666666666,34.3775,34.3775,-831.2252833333333,591.9556875,350.00613194444446,674.6989184027777,,50.00009583333333,-323.3062305555556,507.78714375000004,106.71369791666666,
2019-06-23 00:00:00+00:00,36.54958333333333,23.073333333333334,37.581250000000004,37.581250000000004,-841.9884791666667,592.8057208333333,313.9559170138889,624.5524201388889,,50.00244375,-309.216475,533.1382833333333,26.560745486111113,
2019-06-24 00:00:00+00:00,40.4825,32.9375,40.4825,40.4825,-781.446975,537.4460916666667,353.24923368055556,634.6960777777778,,50.00057152777778,-280.2229017361111,501.89751909722224,37.10141909722222,
2019-06-25 00:00:00+00:00,49.43375,43.35125,49.43375,49.43375,-783.6151875,516.0181208333333,361.95768680555557,798.1289993055556,,50.00154930555556,-434.9755809027778,348.60129618055555,10.752477083333334,
2019-06-26 00:00:00+00:00,49.21208333333333,45.497083333333336,49.21208333333333,49.21208333333333,-811.2870958333333,510.33154583333334,463.95453263888885,823.0473027777778,,50.00115486111111,-357.8239711805556,452.41042847222224,17.57109861111111,
2019-06-27 00:00:00+00:00,37.95916666666667,31.197083333333335,37.95916666666667,37.95916666666667,-839.6932375,491.88562499999995,411.93008506944443,827.9278413194445,,49.99972569444444,-414.6231145833333,425.748596875,117.88466527777778,
2019-06-28 00:00:00+00:00,49.17791666666667,37.18458333333333,49.17791666666667,49.17791666666667,-828.7991666666667,517.7087333333333,440.14636423611114,796.8102,,50.0001375,-355.38850729166666,473.32220729166664,132.56964270833333,
2019-06-29 00:00:00+00:00,34.89041666666667,23.833333333333332,34.89041666666667,34.89041666666667,-857.5998083333334,447.6018458333333,265.40174652777773,699.7976888888888,,50.00033159722222,-433.06306770833334,423.402465625,61.684746875,
2019-06-30 00:00:00+00:00,32.85041666666667,19.099166666666665,32.85041666666667,32.85041666666667,-835.08745,334.6920375,222.10649513888887,683.0816138888889,,50.000675,-459.6620833333333,377.1082725694444,53.21800486111111,
2019-07-01 00:00:00+00:00,46.192499999999995,35.974583333333335,46.192499999999995,46.192499999999995,-810.7749291666668,422.05232499999994,436.74529131944445,801.0805479166667,,49.998636805555556,-361.83819861111107,448.5599378472222,165.78788506944446,
2019-07-02 00:00:00+00:00,42.755833333333335,42.755833333333335,42.755833333333335,42.755833333333335,-573.070325,392.8541125,535.5879934027778,782.3936489583334,,50.00138402777778,-245.7083451388889,328.7134815972222,76.71559583333334,
2019-07-03 00:00:00+00:00,40.11958333333333,40.11958333333333,40.11958333333333,40.11958333333333,-639.9604041666666,460.153025,479.8341923611111,799.9401409722223,,49.999328125000005,-319.05640069444445,320.51897256944443,141.468003125,
2019-07-04 00:00:00+00:00,45.809583333333336,45.809583333333336,45.809583333333336,45.63333333333333,-597.3792374999999,344.03914583333335,341.4655722222222,787.6657402777778,,50.000338541666665,-445.18866875,152.08303090277778,70.5085263888889,
2019-07-05 00:00:00+00:00,37.180416666666666,37.108333333333334,37.180416666666666,37.180416666666666,-658.3243,336.2451375,350.87072326388886,787.6006413194444,,50.000593402777774,-435.62872916666663,222.50859409722224,92.56258263888888,
2019-07-06 00:00:00+00:00,29.750416666666666,29.74,29.750416666666666,29.750416666666666,-645.9828291666666,374.6493708333333,251.40590659722224,686.5193711805555,,49.999184375,-433.9327920138889,211.65749201388888,56.290856250000004,
2019-07-07 00:00:00+00:00,27.947083333333335,27.768333333333334,27.947083333333335,27.947083333333335,-728.9938333333333,364.83540833333336,214.80215694444445,682.5154399305555,,50.00025625,-466.46856041666666,261.65548194444443,18.656114930555557,
2019-07-08 00:00:00+00:00,42.85958333333334,33.518750000000004,42.85958333333334,42.85958333333334,-847.5374,533.4027625,290.5533486111111,777.4608760416667,,49.998022569444444,-485.5137847222222,362.2341951388889,35.92348020833333,
2019-07-09 00:00:00+00:00,45.60874999999999,45.03041666666667,45.60874999999999,45.60874999999999,-834.1331208333332,611.3782958333334,362.0425777777778,801.1998326388889,,50.000849652777774,-437.85136944444446,396.3035795138889,65.40477430555556,
2019-07-10 00:00:00+00:00,50.3725,36.98833333333334,50.3725,50.3725,-881.9313125,617.6165041666667,320.9128295138889,793.1437826388889,,49.99898298611111,-470.93886111111107,410.8733055555556,30.171259375,
2019-07-11 00:00:00+00:00,55.678333333333335,45.51833333333334,55.678333333333335,55.678333333333335,-924.361175,671.9152083333333,414.9297135416667,789.4572597222223,,49.99924027777777,-373.27574027777774,549.8442958333333,17.68269236111111,
2019-07-12 00:00:00+00:00,56.90291666666667,44.29,56.90291666666667,56.90291666666667,-903.042825,530.9183875,399.0413611111111,770.69161875,,49.99905798611111,-367.26155208333336,530.4364520833334,20.99516840277778,
2019-07-13 00:00:00+00:00,41.52,37.71791666666667,41.52,41.52,-794.1860041666667,644.272825,272.84004652777776,686.55889375,,49.998504861111115,-412.4948826388889,381.8677034722222,16.697774305555555,
2019-07-14 00:00:00+00:00,39.2825,36.27,39.2825,39.2825,-747.4473791666666,587.0091,257.34777604166663,671.4206989583333,,50.00198541666666,-412.854859375,334.36524375,20.813978819444444,
2019-07-15 00:00:00+00:00,55.73708333333334,53.94,55.73708333333334,55.73708333333334,-844.924625,595.8903333333334,379.0809486111111,758.9201878472222,,50.002547916666664,-378.61723125000003,466.6023013888889,37.33184930555555,
2019-07-16 00:00:00+00:00,51.077916666666674,46.09625,51.077916666666674,51.077916666666674,-866.4340041666666,602.6511333333334,445.24617326388886,768.4282513888888,,49.999723611111115,-321.8399871527778,544.2715267361111,49.13765,
2019-07-17 00:00:00+00:00,53.36958333333333,52.055,53.36958333333333,53.36958333333333,-866.9242958333333,566.8122416666666,439.3783409722222,762.6767045138889,,49.99834305555556,-321.94214965277774,544.9867597222222,39.536751736111114,
2019-07-18 00:00:00+00:00,58.643750000000004,56.46666666666667,58.643750000000004,58.643750000000004,-848.970925,419.95478333333335,393.90097569444447,769.7266916666666,,49.99637083333333,-374.5198413194445,475.08532569444446,59.946972916666674,
2019-07-19 00:00:00+00:00,56.24416666666667,54.04750000000001,56.24416666666667,56.24416666666667,-824.0401291666667,478.940975,408.2461809027778,772.1969489583333,,50.00042534722222,-362.6496142361111,460.7613302083334,65.15268854166668,
2019-07-20 00:00:00+00:00,46.8775,44.10208333333333,46.8775,46.8775,-750.82795,497.785875,226.78137673611113,688.1951635416667,,50.004047569444445,-460.29221215277784,291.29684062499996,25.994905208333332,
2019-07-21 00:00:00+00:00,41.75125,41.13833333333333,41.75125,41.75125,-737.6617375,471.6820583333333,222.177859375,683.4315190972222,,50.001639930555555,-460.13748576388895,277.2743472222222,24.125564583333333,
2019-07-22 00:00:00+00:00,54.564166666666665,54.564166666666665,54.564166666666665,54.564166666666665,-666.1267375,364.50864583333333,369.31072256944447,797.530559375,,49.998499305555555,-427.09716284722225,238.69939548611111,20.10794375,
2019-07-23 00:00:00+00:00,60.059583333333336,60.059583333333336,60.059583333333336,60.059583333333336,-617.4456958333334,385.7965458333333,454.68182812500004,800.5083114583334,,50.00038958333333,-344.72295833333334,272.4093246527778,26.858,
2019-07-24 00:00:00+00:00,62.51291666666666,62.51291666666666,63.199999999999996,63.199999999999996,-734.7214666666667,444.19181249999997,498.1088604166667,804.1870975694444,,50.001540625,-304.8468909722222,429.9861072916667,40.580931944444444,
2019-07-25 00:00:00+00:00,60.93083333333333,59.93666666666667,60.93083333333333,60.93083333333333,-699.2138666666666,398.03050833333333,489.1186965277778,796.0124069444445,,50.00232048611111,-305.744896875,394.17792048611113,41.13732152777778,
2019-07-26 00:00:00+00:00,58.689166666666665,58.689166666666665,58.689166666666665,58.689166666666665,-532.6134041666667,350.04351249999996,488.8467166666667,791.3489527777779,,49.999344444444446,-301.5449208333333,231.54848090277775,43.75771631944444,
2019-07-27 00:00:00+00:00,49.1775,49.1775,49.1775,49.07749999999999,-577.1526833333334,408.25107916666667,331.7176524305556,712.221634375,,49.998931597222224,-379.46295729166667,197.70164375000002,41.254628124999996,
2019-07-28 00:00:00+00:00,43.041666666666664,43.034166666666664,43.13791666666666,43.13791666666666,-668.6918291666667,451.6984708333334,335.0332725694445,711.4156381944445,,50.00033645833334,-375.29553923611115,293.97594444444445,40.60160555555555,
2019-07-29 00:00:00+00:00,57.69875,55.04,57.69875,57.69875,-737.5014625,606.1165208333333,494.4747072916667,816.9912284722222,,50.001078472222225,-321.2902986111111,414.70047465277776,34.85600416666667,
2019-07-30 00:00:00+00:00,51.286249999999995,46.697916666666664,51.286249999999995,51.286249999999995,-779.4345791666666,523.5215875,518.50136875,821.9338170138889,,49.99841701388888,-302.1425951388889,477.92623159722217,85.75683333333333,
2019-07-31 00:00:00+00:00,54.44,48.68375,54.44,54.44,-794.3774374999999,434.83116249999995,492.70806215277776,845.3772020833334,,49.99913993055556,-350.5119559027778,443.74042187500004,49.62902083333333,
2019-08-01 00:00:00+00:00,55.41625,54.59,57.39416666666667,57.39416666666667,-824.2039208333334,410.69825,462.61498368055555,832.1668302083333,,50.00007847222222,-368.3282496527778,457.1602434027778,28.02369513888889,
2019-08-02 00:00:00+00:00,54.971666666666664,54.5375,55.24875,55.24875,-752.8416791666667,384.72897083333334,439.18876875,825.595495138889,,49.99981145833333,-385.2117305555555,366.90663368055556,36.53332013888889,
2019-08-03 00:00:00+00:00,39.88875,39.16708333333333,39.88875,39.88875,-695.7525708333333,358.8547125,293.0643104166667,717.4071916666667,,49.99988888888889,-423.17631006944447,273.26012743055554,42.52124166666667,
2019-08-04 00:00:00+00:00,39.67583333333334,39.349583333333335,39.67583333333334,39.67583333333334,-542.6440791666666,327.1592875,321.1849913194444,713.3128565972222,,50.00132777777778,-391.1900152777778,152.55869513888888,42.83233506944444,
2019-08-05 00:00:00+00:00,57.01125,57.01125,57.01125,57.01125,-359.3451333333333,326.189725,645.9816010416666,830.1574076388889,,49.99934236111111,-183.39753541666667,175.2943263888889,88.24454374999999,
2019-08-06 00:00:00+00:00,55.275,55.275,55.275,55.275,-471.2960958333333,351.24480416666665,621.137428125,870.389157638889,,49.99847604166667,-248.3720291666667,222.31806770833333,30.01386145833333,
2019-08-07 00:00:00+00:00,55.99375,55.99375,58.31791666666667,58.31791666666667,-625.2090916666667,373.71802916666667,602.835465625,886.89304375,,50.00122569444444,-282.9251927083333,342.2328333333333,12.804585416666667,
2019-08-08 00:00:00+00:00,56.387499999999996,56.387499999999996,57.80708333333333,57.80708333333333,-545.8479833333333,317.40014583333334,612.2711184027778,880.9636340277779,,50.00131319444444,-267.676175,278.89710104166664,12.68688298611111,
2019-08-09 00:00:00+00:00,54.60041666666667,54.30375,54.60041666666667,54.60041666666667,-207.15250833333334,176.32674583333335,562.5333100694445,846.1666302083333,,50.00004027777778,-283.16082256944446,-77.4273125,10.927805208333332,
2019-08-10 00:00:00+00:00,35.694583333333334,35.694583333333334,35.694583333333334,35.694583333333334,-488.5765833333333,300.3573333333333,308.15691875,720.8691354166666,,49.99952048611111,-411.6008704861111,78.71371041666666,19.932530555555555,
2019-08-11 00:00:00+00:00,29.137916666666666,29.137916666666666,29.137916666666666,29.137916666666666,-307.87727083333334,238.2043625,346.46030972222223,726.3695597222222,,49.99880520833333,-379.21758263888887,-71.40514930555555,83.31507569444445,
2019-08-12 00:00:00+00:00,51.80125,51.80125,51.80125,51.80125,-575.6915083333333,415.3793083333333,592.8169826388889,844.9328774305555,,49.999402430555556,-250.99291875000003,323.27274166666666,51.44646145833334,
2019-08-13 00:00:00+00:00,55.88583333333333,55.88583333333333,55.88583333333333,55.88583333333333,-462.2003291666667,417.937425,657.9469760416666,834.9805302083333,,50.002246875,-176.12354027777778,287.22047430555557,43.193912499999996,
2019-08-14 00:00:00+00:00,55.805416666666666,55.805416666666666,55.805416666666666,55.805416666666666,-171.50896666666665,344.50112916666666,816.4267652777777,841.4003701388889,,50.001724652777774,-24.556361805555557,146.21394756944446,91.69163402777778,
2019-08-15 00:00:00+00:00,50.92291666666667,50.92291666666667,50.92291666666667,47.15958333333333,-72.58385416666667,210.7539833333333,685.9941645833334,848.3241402777778,,49.999437847222225,-162.1184625,-88.47904270833334,78.43766805555555,
2019-08-16 00:00:00+00:00,50.657916666666665,50.657916666666665,50.657916666666665,50.657916666666665,-134.89921666666666,195.277925,588.524625,842.7973982638889,,49.99838888888889,-253.96839201388892,-120.2118048611111,45.01333159722222,
2019-08-17 00:00:00+00:00,36.23875,30.538749999999997,40.19541666666667,40.19541666666667,-813.34945,570.961525,370.90329479166667,764.9911256944445,,50.00042534722222,-392.9034388888889,420.5690597222222,50.53672222222222,
2019-08-18 00:00:00+00:00,34.36291666666667,33.205416666666665,37.15958333333334,37.15958333333334,-769.6321166666667,422.9653916666667,368.28935972222223,727.4929017361111,,49.99978125,-358.0244642361111,412.4582350694444,68.28531909722223,
2019-08-19 00:00:00+00:00,47.201249999999995,47.201249999999995,47.201249999999995,47.201249999999995,-500.7879541666667,293.754125,544.9233184027778,833.7484232638889,,49.99989895833333,-287.8218246527778,212.57253333333335,89.95611319444444,
2019-08-20 00:00:00+00:00,45.776250000000005,45.776250000000005,45.776250000000005,45.776250000000005,-403.4443875,272.514225,544.2347069444445,765.474817361111,,49.99854305555556,-220.37772083333334,182.97564965277778,68.64647673611111,
2019-08-21 00:00:00+00:00,55.524166666666666,55.52375,55.524166666666666,55.524166666666666,-103.03062916666666,113.17474583333335,618.4834006944444,853.2949916666666,,50.00098611111111,-234.5419142361111,-130.33170555555554,35.49505416666667,
2019-08-22 00:00:00+00:00,53.661249999999995,53.661249999999995,53.661249999999995,53.661249999999995,-73.7692625,48.49487916666667,602.7090701388889,849.8122354166667,,49.999671875000004,-246.86126979166667,-173.35336979166667,73.7765,
2019-08-23 00:00:00+00:00,53.71041666666667,53.71041666666667,53.71041666666667,53.71041666666667,-31.069733333333332,23.954045833333335,532.2473177083334,851.5572715277777,,49.99967083333333,-319.2218909722222,-287.89638090277776,144.23134166666668,
2019-08-24 00:00:00+00:00,45.915,45.915,45.915,45.915,-239.4196916666667,130.70405416666668,322.38917395833334,730.3366572916667,,50.000788888888884,-407.36798541666667,-168.07816840277778,49.67850451388889,
2019-08-25 00:00:00+00:00,33.45291666666667,33.45291666666667,33.45291666666667,33.45291666666667,-480.87356666666665,333.88417499999997,269.18034652777783,723.3658517361112,,50.00077708333333,-453.27693993055556,26.72035034722222,28.642139583333332,
2019-08-26 00:00:00+00:00,55.52041666666667,55.52041666666667,55.52041666666667,55.52041666666667,-271.8337125,88.063475,440.20849409722223,859.4959510416667,,49.826765625,-418.67820624999996,-146.44703541666667,47.056909375000004,
2019-08-27 00:00:00+00:00,57.565416666666664,57.565416666666664,57.565416666666664,57.565416666666664,-339.6694875,116.08155833333335,430.8118486111111,873.9150461805556,,50.001391319444444,-442.1090875,-102.31570694444444,14.330453472222224,
2019-08-28 00:00:00+00:00,57.79208333333333,57.79208333333333,57.79208333333333,57.78541666666666,-64.42453333333333,75.32351666666666,616.0431166666666,860.8006368055555,,49.65035277777778,-244.21472326388889,-179.1169111111111,61.62302291666666,
2019-08-29 00:00:00+00:00,54.01500000000001,54.01500000000001,54.01500000000001,54.01500000000001,-298.4714625,180.48632083333334,646.8660333333332,851.474736111111,,50.00085,-203.96730138888887,94.42754375,73.496915625,
2019-08-30 00:00:00+00:00,55.094166666666666,55.094166666666666,55.06625,55.06625,-177.3409,186.36849583333333,640.8336458333333,855.8342100694445,,50.00102361111111,-214.565265625,-37.76694826388889,34.16263784722222,
2019-08-31 00:00:00+00:00,35.568333333333335,35.568333333333335,35.568333333333335,35.568333333333335,-255.0492875,313.76365,459.4480256944445,732.8111243055556,,49.998971875,-272.8136982638889,-16.78584722222222,15.966727777777777,
2019-09-01 00:00:00+00:00,37.055,37.055,38.03958333333333,38.03958333333333,-369.79605833333335,456.103225,558.5549079861111,716.0757190972222,,50.00096388888889,-156.71026284722222,212.80154097222223,65.78903333333334,
2019-09-02 00:00:00+00:00,50.4375,50.4375,50.4375,50.4375,-342.8358125,294.9613875,694.3187881944444,853.4619548611112,,50.00241631944445,-158.325928125,183.28837777777778,76.90953819444445,
2019-09-03 00:00:00+00:00,54.51291666666666,54.51333333333333,54.51291666666666,54.51291666666666,-236.38771666666665,215.90744583333333,672.4361701388889,857.1973246527778,,50.00031840277778,-184.27661041666667,52.54948576388889,36.644839930555555,
2019-09-04 00:00:00+00:00,54.74166666666667,54.74166666666667,54.74166666666667,54.74166666666667,-44.48372916666667,136.23873333333333,695.2628427083333,854.0620482638889,,50.00134756944445,-158.76001180555556,-113.393675,67.78989652777778,
2019-09-05 00:00:00+00:00,50.52791666666667,50.52791666666667,51.73916666666667,51.73916666666667,-485.2884208333333,438.1187291666667,775.4254256944445,875.5556986111111,,50.001265625,-99.18614895833333,385.0033770833333,132.50315625,
2019-09-06 00:00:00+00:00,52.19375,52.19375,52.58833333333333,52.58833333333333,-490.47718333333336,370.82734166666665,742.2929152777778,854.2755975694445,,49.99852847222222,-111.02162361111111,379.01128020833335,101.30407743055555,
2019-09-07 00:00:00+00:00,47.50791666666667,47.50791666666667,47.50791666666667,47.50791666666667,-327.4451666666667,425.34344583333336,669.8741385416666,736.1136291666667,,50.00132048611111,-65.58332326388889,263.08169444444445,54.57195,
2019-09-08 00:00:00+00:00,45.48916666666667,45.48916666666667,45.48916666666667,45.48916666666667,-188.42718333333335,391.4451208333333,710.8211184027778,732.2853111111111,,50.002005902777775,-20.93905798611111,166.94571736111112,69.7142670138889,
2019-09-09 00:00:00+00:00,61.23291666666666,61.23291666666666,61.84875,61.84875,-289.7303583333333,372.32155416666666,819.0458354166667,862.076221875,,49.999974305555554,-42.38073819444444,247.41010034722225,63.53708888888889,
2019-09-10 00:00:00+00:00,53.495000000000005,53.495000000000005,54.284166666666664,54.284166666666664,-107.33575833333333,354.69324166666667,831.7914315972222,843.7073218749999,,49.99858576388888,-11.69036527777778,95.97118506944445,104.41892430555555,
2019-09-11 00:00:00+00:00,46.592083333333335,46.592083333333335,48.31708333333333,48.31708333333333,-434.22658333333334,460.76207916666664,804.2334194444444,857.9545322916667,,49.99930833333334,-52.79309201388889,380.58569375,197.24696770833333,
2019-09-12 00:00:00+00:00,44.135416666666664,44.135416666666664,47.009166666666665,47.1325,-619.0626125,444.2945375,777.1419545138889,865.5361892361111,,50.00298333333333,-87.20553159722222,531.9614743055556,191.13095833333333,
2019-09-13 00:00:00+00:00,47.95166666666666,47.528333333333336,47.95166666666666,47.95166666666666,-466.37212500000004,309.82992916666666,540.0925927083333,894.2186017361112,,50.000368055555555,-353.2262517361111,112.77992118055556,133.26595208333333,
2019-09-14 00:00:00+00:00,40.251666666666665,40.251666666666665,40.251666666666665,40.251666666666665,-669.4506666666667,498.09324583333336,495.48956006944445,769.3015197916667,,49.99811944444444,-272.6844892361111,396.75989791666666,136.285225,
2019-09-15 00:00:00+00:00,22.292916666666667,22.292916666666667,22.292916666666667,22.292916666666667,-409.1579208333333,182.967275,482.5278753472222,779.1735795138889,,49.99854722222222,-295.85833437499997,114.81268958333334,189.53638263888888,
2019-09-16 00:00:00+00:00,40.94541666666667,40.94541666666667,40.73666666666667,40.44416666666667,-152.9340625,94.2581125,588.9239604166667,901.0816562499999,,50.00202534722222,-311.7815177083333,-159.70346597222223,156.10871701388888,
2019-09-17 00:00:00+00:00,49.185833333333335,49.185833333333335,47.975,47.89416666666667,-238.163425,16.540312500000002,499.0148972222222,922.9802770833334,,50.00199861111111,-423.35037986111115,-185.87161631944446,26.730156597222223,
2019-09-18 00:00:00+00:00,49.11708333333333,49.11708333333333,49.01458333333333,49.01458333333333,-376.4424583333334,90.2383125,530.6097763888888,937.1151899305555,,49.999788888888894,-405.7403850694444,-30.06751875,51.20088784722222,
2019-09-19 00:00:00+00:00,48.475,48.475,48.475,48.475,-513.1799208333333,130.34048333333334,507.468821875,934.4443197916667,,49.99936284722222,-426.0546444444444,86.15192256944445,43.34999236111111,
2019-09-20 00:00:00+00:00,55.697916666666664,55.31375,55.697916666666664,55.697916666666664,-437.16465833333336,68.19817083333334,506.3098548611111,930.3895177083333,,50.00144201388889,-423.3143947916667,16.05281840277778,50.11666875,
2019-09-21 00:00:00+00:00,38.717083333333335,38.717083333333335,38.717083333333335,38.717083333333335,-455.587975,200.79033333333334,414.4456579861111,804.7264493055555,,49.998630902777776,-389.3724413194444,65.5326517361111,116.96374791666666,
2019-09-22 00:00:00+00:00,33.71125,33.71125,33.71125,33.71125,-576.0293875,257.9470083333334,381.6746423611111,791.3877083333333,,49.996991666666666,-408.7293017361111,168.5792420138889,78.05963819444445,
2019-09-23 00:00:00+00:00,53.1575,53.1575,53.1575,53.1575,-395.445675,40.59415416666667,497.96318194444444,941.3545833333333,,49.999378125,-442.6132635416667,-48.65669166666666,33.45454930555556,
2019-09-24 00:00:00+00:00,55.09458333333333,55.095,54.85791666666666,54.85791666666666,-213.10501250000002,-28.755420833333336,600.7643093749999,944.0893430555557,,50.00201388888889,-342.89939791666666,-128.44159097222223,19.441208333333336,
2019-09-25 00:00:00+00:00,54.934583333333336,54.934583333333336,54.74583333333334,54.74583333333334,-428.6187333333333,160.07057083333333,666.8180822916667,965.5771291666666,,49.825384722222225,-296.03643055555557,132.4449482638889,24.119417708333334,
2019-09-26 00:00:00+00:00,90.17166666666667,90.17166666666667,85.87666666666667,85.87666666666667,2.9221833333333316,-95.24226666666668,708.4222388888888,966.8724572916667,,50.00102013888889,-258.56881493055556,-260.0953930555555,12.612964583333333,
2019-09-27 00:00:00+00:00,57.095416666666665,57.095416666666665,57.095416666666665,57.002916666666664,49.258833333333335,-88.58745416666666,668.476229861111,919.5902788194445,,49.99670833333333,-251.1617232638889,-299.9707954861111,32.22475868055555,
2019-09-28 00:00:00+00:00,43.992916666666666,43.992916666666666,43.992916666666666,43.992916666666666,-159.8625625,90.14631666666666,516.92118125,793.4595607638889,,50.00225138888889,-276.1444628472222,-116.43488090277778,71.28832951388888,
2019-09-29 00:00:00+00:00,39.010416666666664,39.010416666666664,39.010416666666664,38.53875,-57.62311666666667,9.243595833333334,522.964915625,785.130732638889,,50.001397222222224,-261.99720833333333,-204.6620871527778,62.34441944444445,
2019-09-30 00:00:00+00:00,45.744166666666665,45.744166666666665,45.638749999999995,44.887499999999996,-255.87684166666665,8.020420833333333,605.3680524305555,904.5583802083333,,49.99891284722222,-298.68395625,-42.728409375,34.23200451388889,
2019-10-01 00:00:00+00:00,44.50958333333333,44.50958333333333,45.835,45.79291666666666,-505.0802083333333,146.39583333333334,716.0961694444445,915.2208649305555,,50.000260069444444,-198.24676493055554,305.654409375,197.2680576388889,
2019-10-02 00:00:00+00:00,48.69833333333333,43.630833333333335,49.63458333333333,49.63458333333333,-798.28235,174.607475,557.4959739583333,938.3402930555554,,50.000145833333335,-379.87126909722224,419.16299895833333,96.19694652777778,
2019-10-03 00:00:00+00:00,49.882083333333334,49.41708333333333,50.35958333333334,50.35958333333334,-685.9757249999999,62.20072083333333,520.4917899305556,964.2649545138889,,49.99852638888889,-442.76431145833334,242.02484722222223,49.458503819444445,
2019-10-04 00:00:00+00:00,53.030833333333334,52.15958333333333,53.030833333333334,53.030833333333334,-752.9181833333333,109.44635,508.79301666666663,993.0219569444445,,50.000030208333335,-483.26437118055554,269.5672295138889,64.10318958333333,
2019-10-05 00:00:00+00:00,40.49333333333333,39.25625,40.49333333333333,40.49333333333333,-785.5474166666667,240.69827916666668,325.37496354166666,889.5452947916667,,49.133345138888885,-550.9521229166667,232.5952875,35.33430798611111,
2019-10-06 00:00:00+00:00,37.76541666666667,36.33708333333333,37.76541666666667,37.76541666666667,-780.8304416666666,194.2526375,308.28939270833337,881.0932138888888,,50.00014166666667,-571.8599979166667,209.12838263888887,24.981209375000002,
2019-10-07 00:00:00+00:00,57.53041666666667,55.3475,57.53041666666667,57.53041666666667,-786.1350583333333,156.42280416666668,526.7807267361111,1012.2990715277779,,50.000325000000004,-484.51414409722224,301.7005270833333,11.638164583333333,
2019-10-08 00:00:00+00:00,58.4175,58.4175,58.36875,53.70916666666667,-220.67027916666666,-77.75539166666667,603.8106277777778,1020.2057145833332,,49.653387152777775,-414.23812743055555,-192.6292170138889,27.722977083333333,
2019-10-09 00:00:00+00:00,55.03666666666667,55.03666666666667,52.61833333333333,52.05083333333334,-54.673591666666674,-152.50456666666665,649.8660128472222,1012.4998111111111,,50.00001354166667,-362.6661972222222,-307.9455142361111,12.673559027777777,
2019-10-10 00:00:00+00:00,53.837916666666665,53.837916666666665,49.98833333333334,49.39333333333334,80.34455416666667,-180.8186875,712.0033090277778,1002.3960322916666,,49.82574652777778,-289.4290795138889,-369.89775347222223,13.606848611111111,
2019-10-11 00:00:00+00:00,49.96208333333333,49.961666666666666,44.96083333333333,44.06875,13.1193875,-112.86491666666666,640.3124340277777,964.2107531249999,,49.99985590277778,-323.9061659722222,-336.17504375,102.66651875,
2019-10-12 00:00:00+00:00,38.614583333333336,38.614583333333336,38.614583333333336,36.82958333333333,-344.37367083333334,159.83415416666665,511.04240069444444,847.4197118055556,,49.999907291666666,-335.67939618055556,7.831340277777778,155.9781440972222,
2019-10-13 00:00:00+00:00,36.294999999999995,36.294999999999995,36.294999999999995,36.28041666666667,-439.9382958333333,181.87594166666668,470.62286458333335,838.9432694444445,,49.998275694444445,-367.49980347222225,72.72311875,108.96904236111112,
2019-10-14 00:00:00+00:00,50.70708333333334,50.70708333333334,49.99166666666667,48.634166666666665,-119.97635416666667,-128.82026249999998,592.4803406249999,1003.6965274305554,,50.00065486111111,-410.9361895833333,-291.5473611111111,87.55187777777778,
2019-10-15 00:00:00+00:00,50.38833333333333,50.38833333333333,50.13708333333333,49.73916666666667,-200.72718749999999,-87.70498333333335,594.5630642361111,968.934463888889,,50.000744097222224,-373.919225,-173.01874722222223,51.92253125,
2019-10-16 00:00:00+00:00,47.86666666666667,47.86666666666667,47.72458333333333,47.53125,-280.62514166666665,-51.863129166666674,589.013375,986.1922486111112,,50.00114895833334,-396.5958847222222,-115.9087746527778,55.93020416666667,
2019-10-17 00:00:00+00:00,54.07125,54.07125,49.71458333333334,49.411249999999995,-245.63010416666665,-42.74108749999999,644.2422506944445,997.6739277777779,,49.998756597222226,-352.94815694444446,-108.01048750000001,33.919707986111106,
2019-10-18 00:00:00+00:00,56.12416666666667,56.12416666666667,53.88583333333333,53.83958333333334,-92.27577500000001,-110.88009999999998,642.5218979166667,971.4920322916665,,49.99936284722222,-328.9026020833333,-235.67990729166664,22.0636625,
2019-10-19 00:00:00+00:00,39.38333333333333,39.25416666666667,39.38333333333333,39.38333333333333,-495.61763333333334,369.2584458333333,593.7837236111111,841.3424062500001,,49.99938541666667,-246.6596378472222,247.99863958333333,95.98475659722222,
2019-10-20 00:00:00+00:00,39.06541666666667,38.38041666666667,39.06541666666667,38.96958333333333,-576.2541666666667,400.0025416666667,570.5287635416666,843.1910934027778,,49.99990833333333,-271.7201798611111,305.83762881944443,46.68682604166666,
2019-10-21 00:00:00+00:00,52.852916666666665,52.01958333333334,52.96208333333333,52.96208333333333,-731.7417833333334,226.84314166666664,567.2828861111111,974.9090496527778,,49.99916597222222,-406.5414003472222,322.16418402777776,56.0200375,
2019-10-22 00:00:00+00:00,46.104166666666664,38.17208333333333,51.129999999999995,51.129999999999995,-938.4790291666667,333.61749583333335,562.4653336805555,976.021413888889,,49.999802430555555,-412.41734930555555,526.5709885416667,162.87114930555558,
2019-10-23 00:00:00+00:00,51.42625,48.010416666666664,52.19083333333333,52.19083333333333,-872.5363583333333,283.40299583333336,474.53151631944445,962.6390916666666,,49.65362152777778,-484.8088673611111,389.02203402777775,86.23728194444445,
2019-10-24 00:00:00+00:00,48.91458333333333,48.85375,48.91458333333333,48.91458333333333,-720.1110583333334,225.40840833333334,470.68906979166667,946.0116979166667,,49.999652777777776,-474.2586,245.75682812499997,86.462,
2019-10-25 00:00:00+00:00,44.6575,39.672916666666666,44.6575,44.6575,-870.4019458333333,420.3902958333333,596.1944604166667,962.9423423611111,,49.99801736111111,-365.5126555555555,504.2921104166666,205.97363784722222,
2019-10-26 00:00:00+00:00,31.08375,29.936666666666667,31.08375,31.08375,-593.4350833333333,308.5217916666667,493.98168194444446,866.4260642361111,,49.99805347222222,-371.41390381944444,223.72639930555556,177.02293298611113,
2019-10-27 00:00:00+00:00,36.34583333333333,36.34583333333333,36.34583333333333,36.34583333333333,-535.2562125000001,211.02033749999998,424.9894805555556,856.94240625,,49.999696875000005,-431.00818506944444,103.63597152777778,110.67438333333332,
2019-10-28 00:00:00+00:00,51.6225,51.04708333333334,51.6225,51.26958333333334,-697.0444791666667,166.9985333333333,557.7630381944444,985.8814864583334,,49.99910625,-427.0857354166667,268.5157628472222,26.467758333333332,
2019-10-29 00:00:00+00:00,51.20208333333333,46.10166666666667,51.20208333333333,51.20208333333333,-911.0611333333333,215.09591250000003,615.8425083333334,1045.6446506944444,,49.99939583333333,-428.68964270833334,482.53259444444444,59.035676041666676,
2019-10-30 00:00:00+00:00,53.19375,50.754999999999995,53.19375,53.19375,-802.0190041666666,138.86870833333333,636.4577197916666,1081.5089173611111,,49.99908229166667,-444.01271909722226,357.79115138888886,49.55278333333334,
2019-10-31 00:00:00+00:00,49.23416666666666,46.637499999999996,49.23416666666666,49.23416666666666,-823.3978458333332,98.3010625,622.9810288194444,1069.5788673611112,,49.99997013888889,-445.582528125,379.2026072916667,92.08686041666667,
2019-11-01 00:00:00+00:00,45.17583333333334,45.17583333333334,43.229166666666664,38.86541666666667,-194.58100833333333,-42.73761666666667,590.8547822916667,1039.8209239583332,,50.001385069444446,-448.48938506944444,-253.43107013888888,53.56265625,
2019-11-02 00:00:00+00:00,35.530833333333334,35.530833333333334,35.530833333333334,35.04083333333333,-486.37245,245.1095875,502.1244934027778,933.4833305555554,,49.99856423611111,-430.5752333333333,55.83738541666666,123.42131736111111,
2019-11-03 00:00:00+00:00,36.74916666666667,36.74916666666667,36.74916666666667,36.23791666666667,-554.8568625,254.09415833333333,433.88153229166664,911.127882638889,,50.00047395833334,-476.351940625,78.79408333333333,36.26484340277778,
2019-11-04 00:00:00+00:00,45.303333333333335,45.303333333333335,45.303333333333335,43.501666666666665,-331.6721333333333,167.62678333333335,715.27004375,1038.046661111111,,49.998409027777775,-322.1069541666667,9.284328125,189.48631006944444,
2019-11-05 00:00:00+00:00,51.2125,51.2125,51.2125,50.55416666666667,-309.0376958333333,60.9108625,749.8856947916667,1067.4193555555555,,50.00008159722222,-316.9389829861111,-8.802386805555557,208.93748402777777,
2019-11-06 00:00:00+00:00,57.107499999999995,57.107499999999995,56.945,56.499583333333334,-0.5059958333333334,2.0394250000000014,845.4146753472222,1077.982223263889,,50.002251736111106,-232.61160486111112,-229.17944062499998,147.424325,
2019-11-07 00:00:00+00:00,54.284166666666664,54.284166666666664,52.74583333333334,52.74583333333334,55.62645416666666,-72.17409583333334,829.1356645833333,1105.9726156250001,,50.00107638888889,-276.91316770833333,-332.76000972222226,28.70906944444444,
2019-11-08 00:00:00+00:00,55.036249999999995,55.036249999999995,50.786249999999995,50.73541666666666,49.956649999999996,-68.17826666666666,811.0837430555555,1061.1732951388888,,49.99638888888889,-250.14234340277778,-299.8218625,46.38745902777778,
2019-11-09 00:00:00+00:00,41.663333333333334,41.663333333333334,41.663333333333334,41.663333333333334,-549.2228958333334,319.3145416666667,501.9464277777778,911.3400284722223,,49.998402777777784,-408.5281121527778,140.4964802083333,39.70263194444445,
2019-11-10 00:00:00+00:00,42.017916666666665,41.784166666666664,42.017916666666665,42.017916666666665,-497.0347791666666,346.8990833333333,585.543595486111,893.4674152777777,,50.000416666666666,-307.0926850694444,190.4371375,107.20663333333333,
2019-11-11 00:00:00+00:00,49.185,49.185,46.546666666666674,45.72833333333333,-233.22743333333335,-15.744100000000001,536.2283135416667,1049.5156204861112,,49.99992395833333,-512.7953885416667,-272.94676944444444,19.73376354166667,
2019-11-12 00:00:00+00:00,46.71416666666667,46.71416666666667,46.71416666666667,44.58291666666667,-368.089225,206.28818750000002,754.0324079861111,1022.9928968749999,,49.998173263888894,-268.3408694444445,93.78088993055556,111.53102291666667,
2019-11-13 00:00:00+00:00,48.92249999999999,48.92249999999999,48.92249999999999,48.92249999999999,-194.74409583333332,67.5152875,790.6852118055555,1029.4753732638887,,49.99993888888889,-238.37831354166667,-43.58444548611111,119.06901770833332,
2019-11-14 00:00:00+00:00,47.47666666666667,47.47666666666667,46.86541666666667,46.86541666666667,-132.06805416666666,59.83541666666667,843.0045810055866,1018.5520865921787,,50.000972222222224,-175.42977765363128,-128.94961675977655,177.53844134078213,
2019-11-15 00:00:00+00:00,46.513749999999995,44.97291666666666,42.434583333333336,42.434583333333336,-26.816095833333332,-93.32038333333334,698.2708333333334,1061.9833333333333,,49.99927083333333,-363.5416666666667,-334.1666666666667,45.40416666666667,
2019-11-16 00:00:00+00:00,43.14416666666667,0.0,0.0,0.0,35.41215416666667,-1.5284791666666635,574.6791666666667,940.7166666666667,,49.99409722222222,-365.9583333333333,-383.4166666666667,52.975,
2019-11-17 00:00:00+00:00,38.481249999999996,1.5804166666666666,1.5804166666666666,1.5804166666666666,-311.13368333333335,209.21145,614.4291666666667,892.2624999999999,,50.00215277777777,-278.09999999999997,36.01666666666667,101.65833333333335,
2019-11-18 00:00:00+00:00,50.94416666666667,50.94416666666667,50.91958333333333,48.59,-76.60347916666667,-164.202425,575.85,1020.4541666666668,,49.99920138888889,-444.7916666666667,-382.85833333333335,52.28333333333333,
2019-11-19 00:00:00+00:00,42.94875,42.94875,42.94875,43.00666666666667,-445.4757333333334,113.56340833333333,690.1750000000001,1033.1583333333333,,50.001284722222216,-342.8625,126.71249999999999,113.71249999999999,
2019-11-20 00:00:00+00:00,47.12416666666667,47.12416666666667,47.12416666666667,47.845,-563.2686166666666,169.25738333333334,713.6750000000001,1045.2749999999999,,49.99861111111111,-332.2291666666667,232.25833333333333,45.34166666666667,
2019-11-21 00:00:00+00:00,44.10666666666666,44.10666666666666,44.10666666666666,44.10666666666666,-338.28888333333333,59.08785,705.7166666666667,1061.0,,50.001284722222216,-354.7625,-15.125,87.075,
2019-11-22 00:00:00+00:00,42.13625,42.13625,42.13625,42.13625,-251.5336875,37.97256666666667,714.0,1106.2916666666667,,49.99930555555555,-391.87916666666666,-140.76666666666668,93.55833333333334,
2019-11-23 00:00:00+00:00,37.127916666666664,37.127916666666664,37.127916666666664,37.127916666666664,-363.24792499999995,210.58403333333334,620.9,999.1833333333334,,49.998437499999994,-378.3875,-15.395833333333334,54.65416666666667,
2019-11-24 00:00:00+00:00,38.04541666666667,38.04541666666667,38.04541666666667,38.04541666666667,-411.3076375,258.9302083333333,595.2041666666667,1006.7875,,49.999652777777776,-411.6125,-3.3916666666666675,30.775000000000002,
2019-11-25 00:00:00+00:00,46.138749999999995,46.138749999999995,46.138749999999995,46.04125,-275.6520791666667,27.476379166666664,710.4833333333332,1160.9375,,50.000416666666666,-450.6791666666666,-174.70000000000002,30.59583333333333,
2019-11-26 00:00:00+00:00,54.627916666666664,54.627916666666664,54.627916666666664,54.58625,-367.6066041666666,125.90902083333333,780.7583333333333,1162.8583333333333,,49.99975694444444,-382.0333333333333,-17.108333333333338,32.96666666666667,
2019-11-27 00:00:00+00:00,53.67291666666667,53.67291666666667,53.67291666666667,53.67291666666667,-467.31493333333333,216.57221249999998,810.025,1150.2416666666666,,50.00270833333334,-339.6125,129.50833333333335,61.208333333333336,
2019-11-28 00:00:00+00:00,45.29666666666666,45.29666666666666,45.29666666666666,45.29666666666666,-335.1882,164.50520833333334,884.5958333333333,1126.7833333333333,,49.99923611111112,-242.32500000000002,97.96249999999999,162.45000000000002,
2019-11-29 00:00:00+00:00,44.45458333333334,44.45458333333334,44.45458333333334,44.45458333333334,-134.01839583333333,51.8763875,848.2375000000001,1091.3541666666667,,49.999375,-243.2125,-107.44166666666666,184.3083333333333,
2019-11-30 00:00:00+00:00,40.45541666666667,40.45541666666667,40.45541666666667,40.45541666666667,-377.84896249999997,319.53229166666665,744.0749999999999,1022.6833333333334,,50.00118055555556,-278.19166666666666,97.58749999999999,101.55416666666667,
2019-12-01 00:00:00+00:00,40.07541666666666,40.07541666666666,40.07541666666666,40.07541666666666,-489.4006875,444.3840333333333,807.1708333333332,978.275,,50.00184027777778,-171.29583333333335,318.8208333333333,184.47916666666666,
2019-12-02 00:00:00+00:00,48.163333333333334,46.9925,48.163333333333334,48.163333333333334,-726.5684041666667,341.1378458333333,752.2791666666667,1146.1375,,49.99885416666667,-394.03749999999997,332.7083333333333,82.00416666666666,
2019-12-03 00:00:00+00:00,51.52583333333334,51.52583333333334,51.52583333333334,51.52583333333334,-325.2232666666667,84.04549166666668,779.8000000000001,1168.2833333333333,,50.00246527777777,-388.4166666666667,-63.01666666666667,116.72083333333335,
2019-12-04 00:00:00+00:00,46.36166666666667,41.87,46.36166666666667,46.36166666666667,-791.64305,389.84757083333335,795.4250000000001,1135.2041666666667,,49.99923611111112,-339.85833333333335,456.03749999999997,156.1875,
2019-12-05 00:00:00+00:00,41.13791666666666,38.70083333333333,41.13791666666666,41.13791666666666,-719.1152833333334,385.89444583333335,832.3125,1097.6000000000001,,50.00055555555556,-265.30833333333334,457.4666666666667,220.7541666666667,
2019-12-06 00:00:00+00:00,40.189166666666665,39.09666666666667,40.189166666666665,40.189166666666665,-692.09375,262.447575,519.8208333333333,1093.0833333333333,,50.00010416666667,-573.2208333333333,120.87916666666666,204.275,
2019-12-07 00:00:00+00:00,33.42583333333334,33.42583333333334,33.42583333333334,33.42583333333334,-499.0826375,326.565625,497.2166666666667,975.6583333333333,,49.999965277777775,-478.49583333333334,22.14583333333334,194.74166666666667,
2019-12-08 00:00:00+00:00,29.96666666666667,29.96666666666667,29.96666666666667,29.96666666666667,-334.4517333333333,271.1697875,523.0958333333333,942.9666666666667,,49.99857638888889,-419.7083333333333,-83.825,197.09583333333333,
2019-12-09 00:00:00+00:00,34.92208333333333,34.23583333333333,34.92208333333333,34.92208333333333,-624.4076333333334,255.61180416666664,645.2458333333333,1076.5291666666667,,50.00107638888889,-431.4375,199.48333333333335,219.01250000000002,
2019-12-10 00:00:00+00:00,46.355,46.355,46.355,46.355,-464.8531208333334,115.65695,496.5833333333333,1127.9041666666667,,49.99979166666667,-631.0875,-163.04999999999998,82.97916666666667,
2019-12-11 00:00:00+00:00,38.88583333333333,33.788333333333334,38.88583333333333,38.88583333333333,-796.1093875,358.4798625,703.5583333333334,1156.5333333333333,,49.99847222222222,-452.74583333333334,345.22499999999997,198.05416666666667,
2019-12-12 00:00:00+00:00,44.70041666666666,43.4275,44.70041666666666,44.70041666666666,-793.8795041666667,494.0430541666667,665.8000000000001,1158.6166666666666,,49.997569444444444,-492.7833333333333,301.875,145.19583333333333,
2019-12-13 00:00:00+00:00,41.55166666666667,41.55166666666667,41.55166666666667,41.55166666666667,-561.1062541666666,355.4058958333333,612.1999999999999,1128.8166666666666,,50.001597222222216,-516.6083333333333,47.025,91.87083333333334,
2019-12-14 00:00:00+00:00,33.74208333333333,33.74208333333333,33.74208333333333,33.74208333333333,-461.95172916666667,350.2954833333333,569.1083333333333,1002.4875000000001,,50.00114583333333,-433.325,28.71666666666667,145.90833333333333,
2019-12-15 00:00:00+00:00,32.88583333333333,32.88583333333333,32.88583333333333,32.487500000000004,-432.71770416666664,228.2701291666667,512.8166666666667,981.6291666666666,,50.00142361111111,-468.70416666666665,-33.71666666666667,88.3875,
2019-12-16 00:00:00+00:00,48.07874999999999,48.07874999999999,47.87625,46.64625,-21.934508333333337,-49.83885416666667,634.2208333333333,1082.7749999999999,,50.00038327526133,-448.7708333333333,-423.06666666666666,94.32083333333333,
2019-12-17 00:00:00+00:00,46.755,45.34125,45.34125,45.34125,-188.08714999999998,50.26110833333333,614.0833333333334,1041.9375,,50.00006944444445,-428.2291666666667,-237.34166666666667,101.95416666666667,
2019-12-18 00:00:00+00:00,45.11291666666667,1.4391666666666667,1.4391666666666667,1.4391666666666667,-81.57778333333333,68.33194583333334,709.9041666666667,1052.7916666666667,,49.99982638888889,-343.0416666666667,-262.1791666666667,199.82083333333333,
2019-12-19 00:00:00+00:00,45.42666666666667,45.42666666666667,45.42666666666667,45.42666666666667,-382.29617916666666,118.95486249999999,631.975,1084.3541666666667,,49.99871527777778,-452.60833333333335,-66.8875,123.02083333333333,
2019-12-20 00:00:00+00:00,41.25,41.25,41.25,41.25,-280.4072875,136.35625000000002,582.5916666666667,1064.5625,,49.99791666666667,-481.78749999999997,-197.98749999999998,90.77499999999999,
2019-12-21 00:00:00+00:00,34.753750000000004,34.753750000000004,34.753750000000004,34.753750000000004,-481.3017291666667,328.20382083333334,482.4875,964.5541666666667,,50.003125,-482.25,0.8166666666666681,67.29166666666667,
2019-12-22 00:00:00+00:00,35.458333333333336,35.458333333333336,35.458333333333336,35.458333333333336,-498.23505833333337,318.7520875,438.8875,924.85,,50.000972222222224,-485.9666666666667,13.674999999999999,25.5625,
2019-12-23 00:00:00+00:00,40.571666666666665,40.56666666666667,40.571666666666665,40.571666666666665,-578.5163249999999,308.0451375,494.7375,944.1541666666667,,49.998194444444444,-449.41249999999997,129.10833333333332,12.595833333333333,
2019-12-24 00:00:00+00:00,37.18,37.18,37.18,36.96541666666666,-343.86112083333336,214.1677083333333,423.0625,888.6166666666667,,50.00010416666667,-465.5708333333334,-119.99166666666667,9.695833333333333,
2019-12-25 00:00:00+00:00,35.20666666666667,35.20666666666667,35.20666666666667,35.20666666666667,-366.39790833333336,131.0618125,291.46666666666664,865.6125000000001,,49.99979166666667,-574.3958333333334,-208.25833333333333,18.970833333333335,
2019-12-26 00:00:00+00:00,36.63041666666667,36.42208333333333,36.63041666666667,36.58041666666667,-554.52535,219.49651666666668,306.56666666666666,915.0166666666668,,50.000972222222224,-608.5541666666667,-54.366666666666674,30.395833333333332,
2019-12-27 00:00:00+00:00,41.43458333333333,41.43458333333333,41.43458333333333,41.43458333333333,-280.90417083333335,83.35069583333332,412.92083333333335,1006.8125,,49.99861111111111,-593.7791666666667,-313.19166666666666,128.20000000000002,
2019-12-28 00:00:00+00:00,33.82833333333333,33.793749999999996,33.82833333333333,33.82833333333333,-293.78056250000003,278.62569583333334,489.95416666666665,994.9083333333333,,50.00090277777778,-504.7791666666667,-211.1291666666667,67.72916666666667,
2019-12-29 00:00:00+00:00,27.72,27.72,27.72,27.72,-294.09028333333333,275.6791666666667,592.6125000000001,984.7541666666666,,50.002361111111114,-392.2083333333333,-94.90416666666665,182.41666666666666,
2019-12-30 00:00:00+00:00,27.22875,25.75916666666667,27.22875,27.22875,-282.71979166666665,56.515975,607.5875,998.6083333333335,,49.99774305555556,-390.9916666666666,-105.50833333333333,214.35,
2019-12-31 00:00:00+00:00,29.749583333333334,27.9375,29.749583333333334,29.749583333333334,-272.4361166666667,75.3076375,483.2208333333333,937.6916666666666,,49.99993055555555,-454.49583333333334,-182.63750000000002,193.92083333333335,0.1
2020-01-01 00:00:00+00:00,27.04041666666667,27.04041666666667,27.04041666666667,27.04041666666667,-313.4357708333333,-8.347570833333336,411.3041666666666,835.0,,50.001562500000006,-423.70416666666665,-110.30833333333334,151.55833333333334,1.1625
2020-01-02 00:00:00+00:00,27.050833333333333,27.050833333333333,27.050833333333333,27.050833333333333,-273.31631666666664,138.47499583333334,442.69166666666666,968.7708333333334,,50.000729166666666,-526.0375,-252.6916666666667,170.42499999999998,0.5166666666666667
2020-01-03 00:00:00+00:00,24.128333333333334,22.752916666666668,24.128333333333334,24.128333333333334,-297.38819166666667,10.206250000000002,476.7208333333333,998.5916666666667,,49.99767361111111,-521.8541666666666,-224.42916666666667,235.17499999999998,0.2833333333333333
2020-01-04 00:00:00+00:00,24.1675,21.372083333333332,24.1675,24.1675,-346.75832916666667,40.58541666666667,496.7625,947.6916666666666,,49.99732638888889,-450.9916666666666,-103.90833333333335,212.75,1.2666666666666666
2020-01-05 00:00:00+00:00,33.04708333333333,29.64125,33.04708333333333,33.04708333333333,-527.246525,131.16665,438.2791666666667,967.8874999999999,,50.001979166666665,-529.6291666666667,-1.587500000000001,135.23749999999998,1.1333333333333333
2020-01-06 00:00:00+00:00,30.192916666666665,29.63625,30.192916666666665,30.192916666666665,-909.5079833333333,303.83611666666667,370.24583333333334,1097.0083333333334,,49.99989583333333,-726.7333333333332,183.75833333333333,84.44583333333334,0.325
2020-01-07 00:00:00+00:00,33.199999999999996,28.802083333333332,33.199999999999996,33.199999999999996,-890.9055541666667,468.66562500000003,435.42083333333335,1090.6541666666667,,50.00083333333333,-655.2125,236.725,148.5,0.4291666666666667
2020-01-08 00:00:00+00:00,23.96666666666667,22.584166666666665,23.96666666666667,23.96666666666667,-834.84305,285.103475,561.875,1096.175,,50.00086805555556,-534.2708333333334,301.6333333333333,259.3958333333333,0.25833333333333336
2020-01-09 00:00:00+00:00,32.858333333333334,28.189166666666665,32.858333333333334,32.858333333333334,-887.4447958333334,301.5822958333333,562.8916666666667,1073.2875000000001,,49.99548611111111,-510.375,378.20416666666665,134.97916666666666,1.575
2020-01-10 00:00:00+00:00,36.05083333333334,35.46125,36.05083333333334,36.05083333333334,-786.490275,207.6451375,480.1791666666666,1097.1208333333334,,50.000034722222225,-616.9833333333333,170.58333333333334,13.395833333333334,0.5750000000000001
2020-01-11 00:00:00+00:00,24.645416666666666,24.645416666666666,24.645416666666666,24.645416666666666,-743.9739500000001,244.36875416666666,511.5541666666666,1002.0291666666667,,50.00038194444445,-490.4666666666667,254.51250000000002,141.71666666666667,1.8708333333333333
2020-01-12 00:00:00+00:00,23.09,22.96291666666667,23.09,23.09,-769.4732541666667,176.21285,601.4708333333333,939.6291666666666,,50.000972222222224,-338.09999999999997,432.4458333333334,229.33333333333334,0.325
2020-01-13 00:00:00+00:00,35.62708333333333,29.344166666666666,35.62708333333333,35.62708333333333,-946.3958291666667,274.9604166666667,560.8166666666667,1083.3833333333334,,49.999548611111116,-522.5500000000001,425.0208333333333,99.44583333333333,1.2458333333333333
2020-01-14 00:00:00+00:00,28.322916666666668,22.768333333333334,28.322916666666668,28.322916666666668,-912.74445,239.07535,585.4958333333333,1065.4666666666667,,50.00052083333333,-480.0125,433.875,196.90833333333333,1.0125
2020-01-15 00:00:00+00:00,27.260833333333334,24.727083333333336,27.260833333333334,27.260833333333334,-851.2979208333333,202.55382083333333,617.2083333333334,1074.1416666666667,,49.99986111111111,-456.9458333333334,395.47499999999997,236.30416666666667,0.30416666666666664
2020-01-16 00:00:00+00:00,34.544583333333335,34.07,34.544583333333335,34.544583333333335,-733.2076375,153.3461875,605.1041666666666,1078.1333333333334,,49.997881944444444,-472.91249999999997,261.25,166.26250000000002,0.7666666666666666
2020-01-17 00:00:00+00:00,34.65708333333333,31.455833333333334,34.65708333333333,34.65708333333333,-890.0190958333333,230.26215000000002,577.8916666666667,1069.1791666666666,,50.000659722222224,-491.32916666666665,399.925,171.4375,0.8541666666666666
2020-01-18 00:00:00+00:00,23.241249999999997,23.241249999999997,23.241249999999997,23.241249999999997,-695.1861166666667,209.81008333333332,407.59999999999997,1001.8708333333333,,50.00125,-594.2291666666666,101.97916666666667,192.0583333333333,0.25
2020-01-19 00:00:00+00:00,30.749583333333334,22.864583333333332,30.749583333333334,30.749583333333334,-984.2235999999999,323.9079791666667,469.30833333333334,944.6833333333334,,50.00069444444445,-475.3875,510.0,160.00416666666666,1.1583333333333334
2020-01-20 00:00:00+00:00,37.100833333333334,22.5775,37.100833333333334,37.100833333333334,-955.5708375,279.289925,595.275,1078.0416666666667,,49.99809027777778,-482.70416666666665,473.98333333333335,174.24166666666667,1.75
2020-01-21 00:00:00+00:00,28.090416666666666,20.861666666666668,28.090416666666666,28.090416666666666,-957.4836708333333,293.0961791666667,639.1416666666667,1076.4375,,49.99944444444444,-437.30833333333334,521.4208333333333,238.92499999999998,1.7708333333333333
2020-01-22 00:00:00+00:00,37.375,25.729583333333334,37.375,37.375,-870.2467,343.8440958333333,713.7708333333334,1098.0583333333334,,49.99932862190813,-384.2375,487.0625,233.79166666666666,1.3708333333333333
2020-01-23 00:00:00+00:00,40.67791666666667,40.10333333333333,40.67791666666667,40.67791666666667,-667.0093791666667,149.27534166666666,593.1208333333333,1105.0958333333333,,50.00100694444445,-511.87083333333334,155.9375,118.21249999999999,3.2708333333333335
2020-01-24 00:00:00+00:00,26.007916666666663,25.901666666666667,26.007916666666663,26.007916666666663,-811.3788166666667,211.95659166666667,560.4416666666667,1081.5333333333333,,49.99944444444444,-521.1041666666666,291.4166666666667,129.1875,0.6333333333333334
2020-01-25 00:00:00+00:00,24.061666666666667,22.752916666666664,24.061666666666667,24.061666666666667,-895.2194458333333,297.4198,403.5708333333334,971.0958333333333,,50.0003125,-567.5875,328.78749999999997,177.0875,3.8625000000000003
2020-01-26 00:00:00+00:00,23.472916666666666,20.969166666666666,23.472916666666666,23.472916666666666,-906.1131958333334,277.82569166666667,366.55,930.8416666666667,,50.000034722222225,-564.3000000000001,342.9666666666667,150.725,0.5583333333333333
2020-01-27 00:00:00+00:00,42.3575,29.64375,42.3575,42.3575,-970.5118041666666,315.57778333333334,485.7,1066.5208333333333,,50.00114583333333,-580.8083333333333,390.8458333333333,44.28333333333333,0.6041666666666666
2020-01-28 00:00:00+00:00,36.12833333333334,34.558749999999996,36.12833333333334,36.12833333333334,-911.1638916666667,335.8940875,579.1,1081.55,,49.99871527777778,-502.43333333333334,409.82916666666665,102.28333333333335,0.7208333333333333
2020-01-29 00:00:00+00:00,36.9425,32.779583333333335,36.9425,36.9425,-900.8024333333333,302.08020833333336,526.3125,1105.8500000000001,,49.99986111111111,-579.5458333333333,322.34166666666664,67.325,0.3541666666666667
2020-01-30 00:00:00+00:00,37.333333333333336,32.02125,37.333333333333336,37.333333333333336,-965.8041708333334,327.53264583333333,487.8416666666667,1108.1208333333334,,49.999722222222225,-620.2916666666666,346.7,32.954166666666666,0.7833333333333333
2020-01-31 00:00:00+00:00,31.988333333333333,24.97083333333333,31.988333333333333,31.988333333333333,-982.1920083333333,291.6819541666667,489.9875,1091.3958333333333,,50.00010416666667,-601.375,381.93333333333334,25.5125,0.8125
2020-02-01 00:00:00+00:00,18.40375,13.951666666666666,18.40375,18.40375,-963.6302125000001,249.08506666666665,356.1041666666667,985.3541666666666,,50.00128472222222,-629.2875,335.5083333333333,120.55416666666667,0.4166666666666667
2020-02-02 00:00:00+00:00,15.936250000000001,15.2575,15.936250000000001,15.936250000000001,-713.6729125,154.81875833333334,384.5333333333333,941.1875,,50.00152777777778,-556.6458333333334,158.19583333333335,149.8375,0.9083333333333333
2020-02-03 00:00:00+00:00,28.42833333333333,26.375833333333333,28.42833333333333,28.42833333333333,-931.533675,291.67395833333336,582.8791666666667,1093.3416666666667,,49.997569444444444,-510.44166666666666,422.2,159.9,3.4
2020-02-04 00:00:00+00:00,36.78041666666667,36.081250000000004,36.78041666666667,36.78041666666667,-622.2069416666667,106.678475,573.8249999999999,1120.8416666666667,,50.00024305555556,-546.9833333333333,75.98750000000001,74.70833333333333,8.012500000000001
2020-02-05 00:00:00+00:00,29.50833333333333,27.71375,29.50833333333333,29.50833333333333,-898.9864666666667,204.11631666666665,618.4708333333333,1131.8166666666666,,49.999375,-513.2916666666666,386.69166666666666,153.15,3.408333333333333
2020-02-06 00:00:00+00:00,27.582083333333333,24.70625,27.582083333333333,27.582083333333333,-896.4611125,190.48783749999998,603.5958333333333,1144.2083333333333,,50.00069444444445,-540.5708333333333,356.9458333333334,195.8375,8.025
2020-02-07 00:00:00+00:00,35.69625,30.642916666666665,35.69625,35.69625,-859.0131916666666,122.51632083333334,552.7125,1157.55,,49.99836805555556,-604.8416666666667,255.17499999999998,81.55,6.458333333333333
2020-02-08 00:00:00+00:00,22.644166666666667,13.625833333333333,22.644166666666667,22.644166666666667,-989.279525,212.34479583333334,307.8,1011.5666666666666,,49.99885416666667,-703.7541666666666,286.6458333333333,64.925,0.6375
2020-02-09 00:00:00+00:00,10.264166666666666,7.452083333333333,10.264166666666666,10.264166666666666,-922.2232708333332,262.31527083333333,462.3541666666667,969.4541666666668,,50.00131944444444,-507.1041666666667,416.2791666666667,229.58333333333334,0.9958333333333332
2020-02-10 00:00:00+00:00,18.448333333333334,9.959999999999999,18.448333333333334,18.448333333333334,-994.334725,258.477425,487.5916666666667,1102.55,,49.996944444444445,-614.9708333333333,380.52500000000003,259.93333333333334,0.5375
2020-02-11 00:00:00+00:00,37.004583333333336,12.74375,37.004583333333336,37.004583333333336,-992.784725,250.86735833333333,387.0083333333334,1098.6625000000001,,50.00048611111111,-711.6708333333332,282.2958333333333,154.72083333333333,3.420833333333334
2020-02-12 00:00:00+00:00,43.08375,41.1325,43.08375,38.5525,-583.359025,35.989583333333336,329.4458333333333,1094.6083333333333,,50.00149305555556,-765.1666666666666,-180.92499999999998,106.99583333333334,2.6041666666666665
2020-02-13 00:00:00+00:00,40.150416666666665,39.58625,40.150416666666665,38.166666666666664,-559.3635375,12.554862499999999,328.20416666666665,1099.75,,49.99930555555555,-771.5208333333334,-211.39583333333334,83.45833333333333,3.9958333333333336
2020-02-14 00:00:00+00:00,42.87125,41.454166666666666,42.87125,42.87125,-606.2093708333333,31.889233333333333,291.46666666666664,1112.3333333333333,,49.999409722222225,-820.8708333333334,-213.7458333333333,25.920833333333334,7.1125
2020-02-15 00:00:00+00:00,17.272083333333335,13.495,17.272083333333335,17.272083333333335,-849.9784791666666,226.57084166666667,428.2375,1022.7708333333334,,49.9990625,-594.5833333333334,256.53749999999997,182.32083333333333,1.7833333333333332
2020-02-16 00:00:00+00:00,9.292916666666667,8.849583333333333,9.292916666666667,9.292916666666667,-669.1590333333334,187.70208333333335,493.2375,989.6333333333333,,50.00090277777778,-496.3458333333333,173.67083333333335,252.86249999999998,1.0083333333333333
2020-02-17 00:00:00+00:00,22.429999999999996,11.312083333333334,22.429999999999996,22.429999999999996,-889.472225,251.5774416666667,521.1750000000001,1090.5874999999999,,49.99986111111111,-569.4625,321.29583333333335,270.46250000000003,3.0375
2020-02-18 00:00:00+00:00,25.92375,24.854166666666668,25.92375,25.582916666666666,-808.82465,184.26840833333335,498.98333333333335,1069.3916666666667,,49.999270833333334,-570.4458333333333,239.54166666666666,237.3375,2.1083333333333334
2020-02-19 00:00:00+00:00,33.88125,33.720416666666665,33.88125,32.65125,-731.8406291666666,178.9451375,577.975,1089.1375,,49.99944444444444,-511.04583333333335,221.7541666666667,123.76666666666667,3.5541666666666667
2020-02-20 00:00:00+00:00,36.52916666666667,32.459583333333335,36.52916666666667,36.52916666666667,-748.2013874999999,166.16944583333333,542.1041666666666,1097.5541666666666,,50.00121527777778,-555.4083333333333,193.6875,65.67916666666666,5.208333333333333
2020-02-21 00:00:00+00:00,27.280416666666667,15.280833333333334,27.280416666666667,27.280416666666667,-961.6527833333333,294.88471666666663,535.3874999999999,1109.2625,,49.99975694444444,-573.875,388.8958333333333,255.83333333333334,2.5166666666666666
2020-02-22 00:00:00+00:00,8.694583333333332,7.7175,8.694583333333332,8.694583333333332,-872.1566083333333,302.7725708333333,553.5541666666667,993.1166666666667,,50.00010416666667,-439.51666666666665,433.7625,273.0125,0.7083333333333334
2020-02-23 00:00:00+00:00,11.591666666666667,8.7675,11.591666666666667,11.591666666666667,-840.978125,266.9524333333333,487.8958333333333,938.9125,,49.999965277777775,-451.0,391.0833333333333,200.25833333333333,3.2375000000000003
2020-02-24 00:00:00+00:00,29.640416666666667,28.5175,29.640416666666667,29.640416666666667,-833.5031250000001,298.03125833333337,512.9583333333334,942.5791666666668,,49.999375,-429.58750000000003,404.9666666666667,191.55416666666667,12.1
2020-02-25 00:00:00+00:00,40.61333333333334,39.350833333333334,40.121249999999996,40.1,-359.4546375,-116.90104583333333,407.6166666666666,1100.9791666666667,,49.99811846689895,-693.4416666666666,-333.3958333333333,61.84583333333333,6.854166666666667
2020-02-26 00:00:00+00:00,39.72541666666667,39.72541666666667,39.72541666666667,39.72541666666667,-351.9975708333333,-46.77708333333334,604.8958333333334,1129.175,,49.99951388888889,-524.2916666666666,-171.75833333333333,169.6625,1.4208333333333334
2020-02-27 00:00:00+00:00,43.75875,43.75875,43.75875,43.75875,-223.87602916666665,-32.18680416666667,669.5375,1136.3916666666667,,50.000416666666666,-466.8041666666666,-242.6625,160.90416666666667,1.3166666666666667
2020-02-28 00:00:00+00:00,36.584583333333335,36.584583333333335,35.6,35.6,-244.74375,-76.93889166666668,521.4083333333333,1149.8875,,50.00090277777778,-628.4708333333333,-383.44166666666666,47.90416666666667,2.0458333333333334
2020-02-29 00:00:00+00:00,24.724166666666665,23.690833333333334,24.724166666666665,24.571250000000003,-679.154525,54.69062916666667,426.5333333333333,1048.1125,,50.000590277777775,-621.5666666666667,58.57083333333333,93.19166666666666,5.545833333333333
2020-03-01 00:00:00+00:00,18.444166666666668,18.444166666666668,18.444166666666668,18.444166666666668,-431.69236666666666,55.518750000000004,625.725,982.7083333333334,,50.00131944444444,-357.03749999999997,75.52499999999999,189.22083333333333,3.1833333333333336
2020-03-02 00:00:00+00:00,34.97833333333333,34.42958333333333,34.97833333333333,34.97833333333333,-354.0763875,36.44757083333334,694.1958333333333,1062.7166666666667,,50.0,-368.5,-13.870833333333332,90.3875,11.612499999999999
2020-03-03 00:00:00+00:00,34.48833333333334,31.56125,34.48833333333334,34.48833333333334,-706.2649333333334,166.5684,712.6,1078.45,,49.99892361111111,-365.80833333333334,341.3291666666667,51.0875,2.4541666666666666
2020-03-04 00:00:00+00:00,33.62833333333333,31.141666666666666,33.62833333333333,33.62833333333333,-935.4888875,252.41700416666666,661.525,1107.3083333333334,,49.99982638888889,-445.80833333333334,490.7833333333333,161.85416666666666,0.8041666666666667
2020-03-05 00:00:00+00:00,34.03208333333333,32.31333333333333,34.03208333333333,34.03208333333333,-794.228825,121.47049583333335,565.3708333333333,1076.7208333333333,,49.99944444444444,-511.34999999999997,283.9916666666667,70.95,3.5124999999999997
2020-03-06 00:00:00+00:00,29.533749999999998,28.252499999999998,29.533749999999998,29.533749999999998,-676.5999916666666,37.90347916666666,548.3791666666667,1062.75,,50.00017361111111,-514.3541666666666,163.32083333333333,44.4,10.366666666666667
2020-03-07 00:00:00+00:00,23.62125,20.384583333333335,23.62125,23.62125,-967.777775,235.50694166666668,418.35833333333335,962.975,,50.00020833333333,-544.6541666666667,424.1958333333334,25.195833333333336,4.791666666666667
2020-03-08 00:00:00+00:00,15.604166666666666,9.391250000000001,15.604166666666666,15.604166666666666,-814.5708416666666,178.89235416666668,435.69166666666666,921.375,,50.00263888888889,-485.67083333333335,329.95416666666665,51.84583333333333,14.158333333333333
2020-03-09 00:00:00+00:00,30.482083333333335,11.663333333333334,30.482083333333335,30.482083333333335,-700.7854291666666,151.36528333333334,514.4166666666666,1025.9833333333333,,50.00190972222222,-511.5625,190.28333333333333,141.5625,10.983333333333334
2020-03-10 00:00:00+00:00,34.083333333333336,25.872500000000002,34.083333333333336,34.083333333333336,-592.3961833333333,72.8326375,573.1791666666667,1046.9541666666667,,49.99986111111111,-473.75,119.43333333333334,111.41666666666667,4.4750000000000005
2020-03-11 00:00:00+00:00,27.299166666666668,27.299583333333334,27.299166666666668,26.855833333333333,-385.2645958333333,-30.423954166666665,577.6374999999999,1060.5874999999999,,49.99975694444444,-482.9791666666667,-97.11666666666667,171.15833333333333,2.0833333333333335
2020-03-12 00:00:00+00:00,25.887083333333333,25.887083333333333,25.887083333333333,25.887083333333333,-315.339925,-85.7375,522.7125,1054.1625000000001,,49.99979166666667,-531.4541666666667,-215.58749999999998,179.83333333333334,3.9500000000000006
2020-03-13 00:00:00+00:00,20.605,18.537916666666664,20.605,20.605,-746.3444458333333,34.447579166666664,468.50416666666666,1053.0791666666667,,49.99673611111111,-584.6125,162.73333333333332,185.1208333333333,8.104166666666666
2020-03-14 00:00:00+00:00,22.3425,22.03375,22.3425,22.3425,-690.8885416666667,19.668408333333332,453.5,972.6041666666666,,49.999652777777776,-519.0916666666667,172.72083333333333,172.14583333333334,15.9375
2020-03-15 00:00:00+00:00,7.7475,6.812083333333334,7.7475,7.7475,-778.7451500000001,140.08334166666666,487.71250000000003,931.0958333333333,,50.00170138888889,-443.44166666666666,336.24583333333334,203.10833333333335,21.47083333333333
2020-03-16 00:00:00+00:00,24.530416666666667,24.008750000000003,24.530416666666667,24.530416666666667,-717.5173583333334,116.16527500000001,445.2291666666667,1060.0958333333333,,50.00222222222222,-614.8333333333334,103.64999999999999,160.41666666666666,3.3083333333333336
2020-03-17 00:00:00+00:00,27.064999999999998,18.024166666666666,27.064999999999998,27.064999999999998,-924.041325,199.5586708333333,422.0416666666667,1026.4208333333333,,50.00055555555556,-604.4291666666667,320.72083333333336,136.38750000000002,12.479166666666666
2020-03-18 00:00:00+00:00,18.219583333333333,18.219583333333333,18.219583333333333,18.219583333333333,-741.9382,70.09966666666666,484.58750000000003,1014.9708333333333,,49.99857638888889,-530.4458333333333,212.63750000000002,197.01250000000002,2.3291666666666666
2020-03-19 00:00:00+00:00,23.469166666666666,22.024583333333336,23.469166666666666,23.469166666666666,-744.9472208333333,53.907983333333334,438.4583333333333,976.4958333333334,,50.000625,-538.0791666666667,207.975,147.625,19.400000000000002
2020-03-20 00:00:00+00:00,30.985416666666666,29.973333333333333,30.985416666666666,30.985416666666666,-611.0500041666667,-30.772824999999994,361.075,987.4916666666667,,49.9994425087108,-626.4499999999999,-14.474999999999996,71.35833333333333,14.858333333333334
2020-03-21 00:00:00+00:00,19.384583333333335,19.298333333333332,19.384583333333335,19.384583333333335,-504.25728333333336,-61.449645833333335,309.40416666666664,924.7666666666668,,49.99854166666667,-615.3541666666666,-110.31666666666666,41.954166666666666,15.379166666666668
2020-03-22 00:00:00+00:00,9.7775,9.494583333333333,9.7775,9.7775,-532.2194416666667,-115.34444166666667,288.93333333333334,896.4541666666668,,50.00083333333333,-607.5916666666667,-74.59583333333335,25.45,21.516666666666666
2020-03-23 00:00:00+00:00,25.92125,16.99875,25.92125,25.92125,-958.7663291666667,113.87325833333334,377.3333333333333,1020.9166666666666,,50.000138888888884,-643.5916666666667,316.23333333333335,91.6375,20.849999999999998
2020-03-24 00:00:00+00:00,25.6775,12.082916666666668,25.6775,25.6775,-987.0392375,175.19131666666667,479.8416666666667,1003.2666666666665,,50.001354166666665,-523.4375,464.7083333333333,194.72916666666666,19.191666666666666
2020-03-25 00:00:00+00:00,15.793333333333335,8.4675,15.793333333333335,15.793333333333335,-972.1631958333334,153.94131666666667,508.6458333333333,965.3166666666666,,50.00416666666666,-456.67083333333335,516.6583333333333,232.85833333333335,22.2625
2020-03-26 00:00:00+00:00,24.359583333333333,21.822083333333335,24.359583333333333,24.359583333333333,-874.0066041666668,103.30659583333333,396.70416666666665,958.1166666666667,,49.99881944444444,-561.4458333333333,313.7291666666667,116.59583333333335,22.895833333333332
2020-03-27 00:00:00+00:00,26.41416666666667,14.667083333333332,26.41416666666667,26.41416666666667,-986.9097166666667,180.76562083333332,317.7583333333333,963.2750000000001,,49.999270833333334,-645.5124999999999,342.5125,41.050000000000004,16.041666666666668
2020-03-28 00:00:00+00:00,13.674583333333333,6.127083333333334,13.674583333333333,13.674583333333333,-946.5298541666666,223.57188333333332,376.675,845.8541666666666,,49.99944444444444,-469.1458333333333,478.4916666666666,90.7375,21.483333333333334
2020-03-29 00:00:00+00:00,11.86625,11.86625,11.86625,11.547916666666666,-444.9517416666667,-40.052079166666665,392.59295833333334,868.281125,,50.00111111111111,-475.7166666666667,-30.075,103.875,20.183333333333334
2020-03-30 00:00:00+00:00,27.58,27.58,27.58,27.58,-507.90623750000003,21.591316666666668,469.2208333333333,1013.2916666666666,,49.99989583333333,-544.0708333333333,-35.333333333333336,54.324999999999996,13.329166666666666
2020-03-31 00:00:00+00:00,26.274583333333336,26.274583333333336,26.274583333333336,26.274583333333336,-574.3885416666667,142.4201375,552.1750000000001,1019.1875,,50.00006944444445,-466.9916666666666,108.25833333333333,134.23749999999998,19.254166666666666
2020-04-01 00:00:00+00:00,19.340416666666666,19.255416666666665,19.340416666666666,17.016666666666666,-515.0475666666667,103.35486666666667,561.3583333333333,969.4875000000001,,50.00079861111111,-408.12083333333334,107.77083333333333,151.96666666666667,21.0625
2020-04-02 00:00:00+00:00,23.537499999999998,23.210416666666664,23.537499999999998,21.87708333333333,-588.6368125,106.94479583333333,500.9166666666667,973.6916666666666,,50.000034722222225,-472.7791666666667,116.82499999999999,208.02916666666667,9.429166666666667
2020-04-03 00:00:00+00:00,17.43875,16.305,17.43875,17.43875,-764.4701375,168.0243,508.53749999999997,984.0875,,49.99909722222222,-475.55833333333334,289.9916666666667,218.67916666666667,8.4375
2020-04-04 00:00:00+00:00,19.574583333333333,18.580833333333334,19.574583333333333,19.574583333333333,-766.6517291666668,185.7340291666667,403.12916666666666,855.025,,50.00142361111111,-451.8625,315.8666666666667,112.6875,23.979166666666668
2020-04-05 00:00:00+00:00,19.57375,10.441666666666666,19.57375,19.57375,-916.5322833333333,205.84582916666668,354.4041666666667,826.6166666666667,,49.99847222222222,-472.2416666666666,445.45,61.87916666666666,28.195833333333336
2020-04-06 00:00:00+00:00,23.375416666666666,17.015,23.375416666666666,23.375416666666666,-832.4243083333334,234.3236125,361.90000000000003,925.4458333333333,,49.99847222222222,-563.5666666666667,270.00416666666666,65.56666666666666,16.104166666666668
2020-04-07 00:00:00+00:00,17.46708333333333,13.50125,18.612083333333334,18.612083333333334,-893.7486083333333,447.309025,490.8125,892.2291666666666,,49.999548611111116,-401.4083333333333,493.48333333333335,202.6208333333333,23.945833333333336
2020-04-08 00:00:00+00:00,21.290833333333335,10.881666666666668,22.758750000000003,22.758750000000003,-967.8013875,556.3010541666666,439.89166666666665,876.2791666666667,,50.00086805555556,-436.40000000000003,532.5875,147.15,27.52916666666667
2020-04-09 00:00:00+00:00,18.44125,14.717500000000001,18.44125,18.44125,-906.7538125,450.30486249999996,422.325,891.7833333333333,,49.99920138888889,-469.4583333333333,438.45,147.60416666666666,17.766666666666666
2020-04-10 00:00:00+00:00,23.742083333333337,13.90625,23.742083333333337,23.742083333333337,-969.5642375000001,437.7059,386.60833333333335,802.4791666666666,,50.000416666666666,-415.89166666666665,554.8541666666666,110.87916666666666,27.912499999999998
2020-04-11 00:00:00+00:00,15.83875,15.83875,15.83875,15.83875,-727.8635416666666,263.58750416666663,367.0916666666667,801.4708333333333,,50.00114583333333,-434.37083333333334,294.5,84.60833333333333,22.27916666666667
2020-04-12 00:00:00+00:00,3.9949999999999997,3.7862500000000003,3.9949999999999997,3.9949999999999997,-749.3618041666667,253.00382083333332,484.55,816.4166666666666,,50.003611111111105,-331.91249999999997,418.6166666666666,217.65,3.5374999999999996
2020-04-13 00:00:00+00:00,5.9991666666666665,5.9991666666666665,5.9991666666666665,5.9991666666666665,-681.8468833333333,167.3010375,436.16249999999997,910.875,,49.99878472222222,-474.7833333333333,208.27083333333334,149.88333333333333,14.904166666666667
2020-04-14 00:00:00+00:00,29.5025,29.5025,23.080416666666668,22.55916666666667,-229.08992916666668,-93.85487083333334,449.92083333333335,945.4499999999999,,50.000034722222225,-495.5625,-266.03333333333336,158.98749999999998,10.120833333333334
2020-04-15 00:00:00+00:00,35.592083333333335,35.592083333333335,33.47083333333334,32.502500000000005,-320.39965,-46.03194583333334,401.7791666666667,944.4208333333332,,49.998437499999994,-542.6208333333333,-221.625,112.1375,11.191666666666668
2020-04-16 00:00:00+00:00,28.00583333333333,26.597916666666666,27.284166666666668,26.554583333333337,-530.49375,156.39027083333332,458.6041666666667,958.3708333333334,,49.99923611111112,-499.68333333333334,31.5125,186.65416666666667,9.070833333333333
2020-04-17 00:00:00+00:00,31.412916666666664,31.131666666666664,32.244166666666665,32.244166666666665,-795.5517375,295.20937083333337,494.73333333333335,919.4875000000001,,50.002916666666664,-424.7625,371.93333333333334,218.33333333333334,20.541666666666668
2020-04-18 00:00:00+00:00,21.0775,15.448749999999999,21.576666666666668,21.576666666666668,-986.7055583333332,422.11909583333335,453.7166666666667,829.4,,50.00149305555556,-375.6958333333334,612.1791666666667,175.4625,20.991666666666667
2020-04-19 00:00:00+00:00,12.997083333333334,11.132916666666667,12.997083333333334,12.997083333333334,-692.2288166666667,108.51875833333332,274.8666666666667,801.1125000000001,,49.99979166666667,-526.1916666666667,167.09166666666667,70.82916666666667,21.075
2020-04-20 00:00:00+00:00,30.50333333333333,27.03958333333333,30.50333333333333,30.50333333333333,-880.9427125000001,121.54131666666666,249.65416666666667,899.9708333333333,,50.00083333333333,-650.3458333333333,231.8791666666667,42.387499999999996,18.966666666666665
2020-04-21 00:00:00+00:00,32.052083333333336,29.454166666666666,32.052083333333336,32.052083333333336,-815.1819416666667,159.44027083333333,278.075,878.6166666666667,,49.99861111111111,-600.5208333333334,215.7875,65.6125,23.704166666666666
2020-04-22 00:00:00+00:00,34.31666666666667,31.214166666666667,34.31666666666667,34.31666666666667,-848.9472208333333,169.71562500000002,254.54166666666666,869.5958333333333,,49.9990625,-615.0749999999999,234.99166666666667,43.90416666666667,28.9875
2020-04-23 00:00:00+00:00,32.87083333333333,28.164583333333336,32.87083333333333,32.87083333333333,-939.7250041666666,281.06840416666665,252.90416666666667,862.4375,,50.00263888888889,-609.4875000000001,331.33750000000003,41.50416666666667,28.387500000000003
2020-04-24 00:00:00+00:00,30.662916666666664,15.749166666666667,30.662916666666664,30.662916666666664,-981.7774333333333,242.08749166666666,234.52916666666667,897.9583333333334,,49.99881944444444,-663.4333333333333,319.40000000000003,69.70416666666667,19.349999999999998
2020-04-25 00:00:00+00:00,16.949583333333333,8.872083333333334,16.949583333333333,16.949583333333333,-978.1065958333334,243.17188333333334,262.4583333333333,812.6958333333333,,49.99993055555555,-550.2166666666667,428.9666666666667,98.65833333333335,30.3
2020-04-26 00:00:00+00:00,20.169583333333332,12.011249999999999,20.169583333333332,20.169583333333332,-977.4687541666667,132.28125,202.125,799.3958333333334,,49.999027777777776,-597.2916666666666,381.29583333333335,36.40833333333333,21.53333333333333
2020-04-27 00:00:00+00:00,31.02208333333333,27.03708333333333,31.02208333333333,31.02208333333333,-915.3975666666666,38.5743,202.025,905.8291666666668,,49.99871527777778,-703.8249999999999,212.7125,35.4125,24.583333333333332
2020-04-28 00:00:00+00:00,32.73041666666666,29.735416666666666,32.73041666666666,32.73041666666666,-962.5086791666666,35.949999999999996,227.72916666666666,980.6958333333333,,49.99927083333333,-752.9583333333334,210.6,66.0,5.7875000000000005
2020-04-29 00:00:00+00:00,31.215416666666666,27.1825,31.215416666666666,31.215416666666666,-956.6006874999999,40.8045125,227.45416666666665,941.1833333333334,,50.000625,-713.7666666666668,243.9625,52.64166666666667,16.025000000000002
2020-04-30 00:00:00+00:00,29.712083333333336,24.88875,29.712083333333336,29.712083333333336,-874.3045208333333,111.26319166666667,255.9625,894.6750000000001,,49.999722222222225,-638.6875,236.66666666666666,40.15833333333333,20.366666666666667
2020-05-01 00:00:00+00:00,10.954166666666666,7.93875,10.954166666666666,10.954166666666666,-869.7881874999999,126.44236666666666,328.45416666666665,755.2791666666667,,50.00128472222222,-426.82916666666665,444.0833333333333,116.60416666666667,26.595833333333335
2020-05-02 00:00:00+00:00,21.27541666666667,9.150833333333333,21.27541666666667,21.27541666666667,-948.521875,218.5920125,284.18333333333334,742.9958333333334,,50.00055555555556,-458.79583333333335,490.89166666666665,80.89583333333333,17.179166666666667
2020-05-03 00:00:00+00:00,11.834583333333333,10.498333333333333,11.834583333333333,11.834583333333333,-916.5548458333333,148.42951666666667,229.99166666666667,731.9708333333333,,49.997638888888886,-502.0,415.73333333333335,17.708333333333332,16.7625
2020-05-04 00:00:00+00:00,32.384166666666665,22.739166666666666,32.384166666666665,32.384166666666665,-937.0416624999999,203.91215,218.29999999999998,855.0500000000001,,50.000972222222224,-636.7583333333333,301.4166666666667,18.849999999999998,15.370833333333335
2020-05-05 00:00:00+00:00,31.310833333333335,17.875,31.310833333333335,31.310833333333335,-970.4117958333333,310.9270833333333,268.28749999999997,837.1875,,50.00111111111111,-568.9125,402.6666666666667,51.333333333333336,24.325
2020-05-06 00:00:00+00:00,26.775833333333335,11.589166666666666,26.775833333333335,26.775833333333335,-959.6576375,191.40485833333332,308.675,826.8208333333333,,50.000729166666666,-518.1333333333333,442.7291666666667,86.03333333333335,32.90833333333333
2020-05-07 00:00:00+00:00,31.711250000000003,14.130833333333333,31.711250000000003,31.711250000000003,-962.1934,203.06075833333333,322.97083333333336,839.3083333333334,,50.00010416666667,-516.35,447.0291666666667,115.20833333333333,29.766666666666666
2020-05-08 00:00:00+00:00,33.65875,27.6925,33.65875,33.65875,-833.4069875,136.21012916666666,286.3333333333333,824.1333333333333,,50.001330935251794,-537.7666666666667,296.9791666666667,69.64999999999999,30.820833333333336
2020-05-09 00:00:00+00:00,22.705416666666668,11.789583333333333,22.705416666666668,22.705416666666668,-967.9823041666667,209.54219583333335,254.14166666666665,734.9333333333334,,49.99985347985348,-480.93333333333334,488.1791666666666,36.608333333333334,29.358333333333334
2020-05-10 00:00:00+00:00,20.9475,10.707916666666668,20.9475,20.9475,-864.0680416666668,166.06208333333333,300.57916666666665,696.9791666666666,,49.999778597785976,-395.98333333333335,469.4166666666667,82.3625,36.36666666666667
2020-05-11 00:00:00+00:00,22.265833333333333,18.71875,22.265833333333333,22.265833333333333,-870.1509833333333,152.03184583333334,336.48333333333335,895.4208333333335,,49.997922535211266,-558.9291666666667,312.01666666666665,126.49166666666667,8.112499999999999
2020-05-12 00:00:00+00:00,30.680833333333336,30.680833333333336,30.680833333333336,30.680833333333336,-593.6979083333333,15.753816666666665,353.56666666666666,872.2583333333333,,49.99885416666667,-518.7083333333334,75.85416666666667,64.4375,26.875
2020-05-13 00:00:00+00:00,31.24416666666667,30.59875,30.4875,30.205000000000002,-571.9118041666667,32.3854125,370.4875,908.3666666666667,,50.00163194444444,-537.85,34.82083333333333,62.92083333333333,18.054166666666667
2020-05-14 00:00:00+00:00,34.647083333333335,24.397499999999997,34.647083333333335,34.647083333333335,-827.30555,175.36805833333335,375.12916666666666,889.0875,,50.00114583333333,-513.9499999999999,314.3625,76.30416666666666,25.329166666666666
2020-05-15 00:00:00+00:00,29.182916666666667,28.793333333333333,29.182916666666667,29.182916666666667,-659.8774291666667,79.19304583333333,348.7166666666667,878.9291666666667,,50.00114583333333,-530.2458333333333,130.5375,64.97500000000001,23.366666666666664
2020-05-16 00:00:00+00:00,14.302916666666667,14.302916666666667,14.302916666666667,14.302916666666667,-590.1941,111.54131666666666,406.69166666666666,775.2624999999999,,50.000277777777775,-368.5958333333333,222.4375,133.43333333333334,22.054166666666664
2020-05-17 00:00:00+00:00,10.51,10.51,10.51,10.51,-460.0677083333333,29.844800000000003,324.12916666666666,765.0124999999999,,50.00184027777778,-440.8666666666666,19.954166666666666,71.84166666666667,17.5
2020-05-18 00:00:00+00:00,45.49791666666667,45.1225,33.24708333333333,33.24708333333333,-487.5618,66.12049166666667,371.79583333333335,865.4541666666668,,50.000416666666666,-493.63333333333327,-5.25,95.94583333333333,29.791666666666668
2020-05-19 00:00:00+00:00,34.85333333333333,33.712916666666665,31.86791666666667,31.86791666666667,-600.8684041666667,98.2947875,331.81666666666666,847.2791666666667,,50.000416666666666,-515.4333333333333,86.35000000000001,51.5875,25.0625
2020-05-20 00:00:00+00:00,31.43375,28.044166666666666,31.43375,31.43375,-722.6996541666667,166.00797916666667,395.8,869.8666666666667,,50.00163194444444,-474.0208333333333,249.69583333333333,117.8125,23.09583333333333
2020-05-21 00:00:00+00:00,28.879583333333333,13.470833333333333,28.879583333333333,28.879583333333333,-846.1763791666667,228.16527916666666,421.01666666666665,883.1750000000001,,50.0,-462.1875,385.21250000000003,141.54583333333332,18.691666666666666
2020-05-22 00:00:00+00:00,31.322916666666668,20.267916666666668,31.322916666666668,31.322916666666668,-961.266325,282.53714583333334,256.41249999999997,832.025,,49.99840277777778,-575.6166666666667,386.85833333333335,45.94166666666666,37.49166666666667
2020-05-23 00:00:00+00:00,23.9725,4.312916666666666,23.9725,23.9725,-973.7468666666667,446.02951666666667,236.23333333333335,719.7666666666668,,49.999722222222225,-483.57500000000005,491.35833333333335,44.90833333333333,37.875
2020-05-24 00:00:00+00:00,9.174583333333333,6.370833333333334,9.174583333333333,9.174583333333333,-899.2031208333333,349.11179583333336,219.48749999999998,704.4625,,50.00083333333333,-485.0125,415.32916666666665,28.1875,20.354166666666668
2020-05-25 00:00:00+00:00,30.331666666666667,28.254583333333333,30.331666666666667,30.331666666666667,-780.0284750000001,191.96667083333332,307.7375,810.7416666666667,,50.00069444444445,-502.99583333333334,278.02916666666664,45.51666666666667,28.691666666666666
2020-05-26 00:00:00+00:00,31.97125,31.528750000000002,31.97125,31.97125,-699.8857583333333,78.8861125,314.90416666666664,803.725,,49.998263888888886,-488.78749999999997,212.1208333333333,37.641666666666666,31.983333333333334
2020-05-27 00:00:00+00:00,30.965,29.353333333333335,31.652916666666666,31.652916666666666,-701.05625,58.679174999999994,341.98333333333335,800.5541666666667,,49.99784722222222,-458.6041666666667,243.46666666666667,45.82083333333333,34.483333333333334
2020-05-28 00:00:00+00:00,21.43875,21.43875,21.43875,21.43875,-588.8041708333334,40.1170125,397.57916666666665,804.4916666666667,,50.00177083333333,-406.8458333333333,182.86249999999998,101.22916666666667,25.95
2020-05-29 00:00:00+00:00,22.94,22.94,22.94,22.94,-494.9736125,-17.65867916666667,384.8208333333334,780.0958333333333,,49.99986111111111,-395.26666666666665,100.5125,81.45416666666667,35.829166666666666
2020-05-30 00:00:00+00:00,11.05375,11.05375,11.05375,11.05375,-694.7569541666667,143.24653333333333,426.7166666666667,678.8874999999999,,49.99909722222222,-252.14583333333334,443.7,146.69583333333333,37.2125
2020-05-31 00:00:00+00:00,5.334166666666667,5.334166666666667,5.334166666666667,5.334166666666667,-829.7638916666666,186.62742916666664,385.325,661.4625,,50.00048611111111,-276.09166666666664,554.7166666666667,107.40416666666665,39.112500000000004
2020-06-01 00:00:00+00:00,28.605833333333333,28.595,28.605833333333333,28.605833333333333,-518.3409708333334,-41.64167083333333,334.95416666666665,813.8083333333334,,50.00170731707317,-478.8208333333334,41.108333333333334,55.82083333333333,24.308333333333334
2020-06-02 00:00:00+00:00,33.02291666666667,33.02291666666667,33.02291666666667,33.02291666666667,-431.4954833333333,-95.76354583333334,373.5625,802.3916666666668,,50.00111111111111,-428.81666666666666,3.412499999999999,90.28333333333335,37.608333333333334
2020-06-03 00:00:00+00:00,36.42041666666667,36.079166666666666,36.42041666666667,36.42041666666667,-349.1055666666667,-134.72325833333335,355.77500000000003,821.5958333333333,,50.00020833333333,-465.82916666666665,-116.12083333333334,77.59583333333333,30.637500000000003
2020-06-04 00:00:00+00:00,35.099583333333335,34.888333333333335,35.099583333333335,35.099583333333335,-618.4811791666667,-57.47375416666667,326.53749999999997,864.2875,,49.99769230769231,-537.7958333333333,81.62083333333334,39.625,10.370833333333334
2020-06-05 00:00:00+00:00,28.705,28.345416666666665,28.705,28.705,-426.5902875,-176.70555416666664,332.7,836.7916666666666,,49.99909722222222,-504.06666666666666,-76.80833333333332,67.97083333333333,22.304166666666664
2020-06-06 00:00:00+00:00,18.00625,5.7558333333333325,18.00625,18.00625,-949.9805583333333,196.54097083333332,308.43333333333334,757.9125,,50.000972222222224,-449.48333333333335,501.7583333333334,160.47083333333333,20.054166666666667
2020-06-07 00:00:00+00:00,32.90541666666667,7.367083333333333,32.90541666666667,32.90541666666667,-998.6357666666667,382.9968833333333,373.98333333333335,714.7583333333333,,49.99892361111111,-340.75416666666666,659.1333333333333,51.94166666666666,26.458333333333332
2020-06-08 00:00:00+00:00,40.899166666666666,26.43375,40.899166666666666,40.899166666666666,-644.2048666666667,129.86110833333333,530.2958333333333,831.5,,50.000659722222224,-301.1333333333333,344.95,46.31666666666666,18.349999999999998
2020-06-09 00:00:00+00:00,43.07333333333333,32.02375,43.07333333333333,43.07333333333333,-592.31735,207.69652916666666,573.25,847.7375000000001,,49.99982638888889,-274.42083333333335,319.6875,35.954166666666666,12.025
2020-06-10 00:00:00+00:00,98.83416666666666,21.852500000000003,98.83416666666666,98.83416666666666,-644.3902833333333,399.97464999999994,637.5333333333333,818.4250000000001,,49.99927083333333,-180.86666666666667,464.7625,55.4,22.195833333333336
2020-06-11 00:00:00+00:00,35.73708333333334,20.103333333333335,35.73708333333334,35.73708333333334,-622.9750083333333,349.97290833333335,605.4166666666666,823.7666666666668,,50.00069444444445,-218.3375,405.9166666666667,115.2375,20.6375
2020-06-12 00:00:00+00:00,38.36541666666667,22.044166666666666,38.36541666666667,38.36541666666667,-684.6010416666667,436.5319416666667,556.25,805.6208333333334,,49.999965277777775,-249.35,436.43333333333334,160.1875,28.71666666666667
2020-06-13 00:00:00+00:00,26.135416666666668,2.9683333333333333,26.135416666666668,26.135416666666668,-970.5847208333333,364.75242083333336,349.17083333333335,703.5458333333332,,50.0,-354.425,617.5291666666666,110.27916666666665,38.012499999999996
2020-06-14 00:00:00+00:00,30.91875,3.4254166666666666,30.91875,30.91875,-961.9472166666666,397.92292083333336,369.0916666666667,674.3583333333333,,49.99913194444444,-305.31666666666666,657.9333333333333,77.67083333333333,35.19583333333333
2020-06-15 00:00:00+00:00,45.01666666666667,34.93625,48.05166666666667,48.05166666666667,-854.3173708333334,305.03298333333333,378.59999999999997,807.975,,50.00295138888889,-429.3833333333334,426.20416666666665,40.525,20.204166666666666
2020-06-16 00:00:00+00:00,41.681666666666665,31.925416666666667,46.07958333333334,46.07958333333334,-898.9823,346.3100708333333,351.64166666666665,804.3791666666666,,49.99975694444444,-452.67083333333335,447.5541666666666,14.629166666666668,17.325
2020-06-17 00:00:00+00:00,38.81,34.760416666666664,39.37791666666667,39.37791666666667,-833.7326374999999,273.10763333333335,367.3833333333334,815.3916666666668,,50.0003125,-448.0416666666667,386.93333333333334,29.758333333333336,29.891666666666666
2020-06-18 00:00:00+00:00,34.32875,32.72125,35.125,35.125,-874.4409708333333,236.93263333333334,308.8666666666667,822.6291666666666,,49.99951388888889,-513.75,361.95416666666665,35.541666666666664,30.495833333333334
2020-06-19 00:00:00+00:00,29.352083333333336,7.539166666666667,30.98,30.98,-974.2826375,318.5124916666667,341.6958333333334,807.3958333333334,,50.00111111111111,-465.76666666666665,509.8208333333334,54.85,29.379166666666666
2020-06-20 00:00:00+00:00,18.985,8.70875,27.975416666666664,27.975416666666664,-960.8385458333333,454.87118333333336,415.675,692.6374999999999,,50.00069444444445,-276.9583333333333,685.1208333333334,118.45416666666667,21.604166666666668
2020-06-21 00:00:00+00:00,14.206666666666665,12.7575,21.534583333333334,21.534583333333334,-957.5736166666667,384.21250416666663,352.06666666666666,647.5083333333333,,49.998125,-295.43333333333334,663.3249999999999,92.2625,39.387499999999996
2020-06-22 00:00:00+00:00,37.71375,37.71375,37.71375,37.71375,-362.28055416666666,180.39444583333332,546.7833333333333,678.0500000000001,,49.99947916666667,-131.21666666666667,231.54999999999998,48.21666666666667,37.07083333333333
2020-06-23 00:00:00+00:00,47.56166666666667,47.15416666666667,47.56166666666667,47.56166666666667,-206.22535000000002,140.82082916666667,588.0124999999999,611.0708333333333,,50.000590277777775,-23.079166666666666,183.5041666666667,28.162499999999998,37.46666666666667
2020-06-24 00:00:00+00:00,43.497083333333336,43.18291666666667,43.497083333333336,43.497083333333336,-155.85348333333334,211.25693750000002,626.6416666666667,613.7916666666666,,50.000277777777775,12.904166666666667,168.92083333333332,24.920833333333334,37.15833333333334
2020-06-25 00:00:00+00:00,80.44625,80.21375,80.44625,80.44625,-247.54340416666665,192.04479166666667,664.375,771.6416666666668,,50.000416666666666,-107.27083333333333,140.82083333333333,25.9875,35.55833333333333
2020-06-26 00:00:00+00:00,47.91458333333333,47.91458333333333,47.91458333333333,47.91458333333333,-432.03124166666663,256.616675,595.1916666666667,790.2041666666668,,49.99767361111111,-194.98749999999998,237.75833333333333,19.904166666666665,32.825
2020-06-27 00:00:00+00:00,31.86916666666667,31.779166666666665,31.86916666666667,31.86916666666667,-617.9406166666666,171.37917083333332,333.15833333333336,698.6083333333332,,49.99892361111111,-365.44166666666666,253.36249999999998,26.46666666666667,32.69583333333333
2020-06-28 00:00:00+00:00,28.452083333333334,27.548333333333332,28.452083333333334,28.452083333333334,-804.821175,256.6336791666667,282.0208333333333,680.2041666666667,,49.998437499999994,-398.2166666666667,407.7583333333334,52.82916666666667,31.758333333333336
2020-06-29 00:00:00+00:00,34.78958333333333,34.077083333333334,34.78958333333333,34.67125,-754.996525,207.5138875,359.6333333333334,800.2458333333334,,50.00149305555556,-440.53749999999997,315.44166666666666,37.90833333333333,20.912499999999998
2020-06-30 00:00:00+00:00,31.552083333333332,31.552083333333332,31.552083333333332,31.34875,-462.52917916666667,50.31389166666667,437.87083333333334,811.275,,50.00069444444445,-373.3458333333333,89.89583333333333,124.83749999999999,12.4
2020-07-01 00:00:00+00:00,31.530833333333334,30.18625,31.530833333333334,29.023750000000003,-680.9190958333334,259.5753458333333,404.1541666666667,791.8333333333334,,50.001562500000006,-387.65000000000003,294.3125,147.17083333333332,16.516666666666666
2020-07-02 00:00:00+00:00,41.781666666666666,37.406666666666666,41.781666666666666,41.11958333333333,-883.7614458333334,316.21042083333333,326.0,792.3916666666668,,50.00086805555556,-466.4041666666667,418.51666666666665,66.04166666666667,23.504166666666666
2020-07-03 00:00:00+00:00,41.2675,25.534583333333334,41.2675,41.2675,-985.9382041666667,337.64202083333333,294.925,763.0166666666668,,49.999652777777776,-468.09999999999997,519.0333333333333,78.42083333333333,33.43333333333333
2020-07-04 00:00:00+00:00,18.1325,3.4058333333333333,23.59125,23.59125,-951.5868083333334,441.554525,411.0291666666667,688.9708333333333,,49.99975694444444,-277.9375,674.8249999999999,146.07500000000002,18.779166666666665
2020-07-05 00:00:00+00:00,25.075416666666666,2.50875,25.150833333333335,25.150833333333335,-897.5250041666667,384.32430416666665,376.5958333333333,689.4041666666667,,49.9990625,-312.83750000000003,585.9041666666667,130.12916666666666,15.408333333333333
2020-07-06 00:00:00+00:00,30.270833333333332,5.68,30.270833333333332,30.270833333333332,-970.0739541666667,382.0086875,439.45416666666665,784.9791666666666,,49.998020833333335,-345.53749999999997,625.7458333333333,204.65416666666667,27.204166666666666
2020-07-07 00:00:00+00:00,27.990416666666665,16.794583333333332,27.990416666666665,27.990416666666665,-939.7444458333333,372.1479125,343.1333333333334,792.5333333333333,,49.99916666666667,-449.39166666666665,491.5,110.61666666666667,23.795833333333334
2020-07-08 00:00:00+00:00,34.3175,26.674166666666665,34.3175,34.3175,-991.6333416666666,378.515975,310.21666666666664,796.0458333333332,,50.000625,-485.83750000000003,506.95416666666665,59.65,26.9875
2020-07-09 00:00:00+00:00,37.12166666666666,31.194999999999997,37.12166666666666,37.12166666666666,-908.6038166666667,316.37916666666666,321.84583333333336,788.0083333333333,,50.00013888888889,-466.18333333333334,443.5916666666667,72.29166666666667,29.979166666666668
2020-07-10 00:00:00+00:00,29.976666666666663,14.935416666666667,29.976666666666663,29.976666666666663,-964.2086833333333,323.2534625,273.43333333333334,781.5,,50.001875,-508.06666666666666,457.27500000000003,26.212500000000002,18.825
2020-07-11 00:00:00+00:00,27.493750000000002,11.2675,27.493750000000002,27.493750000000002,-935.1666666666666,437.83785416666666,383.98333333333335,665.8833333333333,,49.99979166666667,-281.8875,654.3666666666667,134.4625,16.162499999999998
2020-07-12 00:00:00+00:00,24.83458333333333,12.032499999999999,24.83458333333333,24.83458333333333,-955.3749916666667,432.22395,292.1666666666667,639.7958333333333,,50.00107638888889,-347.62083333333334,608.9166666666666,34.291666666666664,31.525000000000002
2020-07-13 00:00:00+00:00,35.90208333333333,22.854166666666668,35.90208333333333,35.90208333333333,-950.2711875,365.32325416666663,279.65416666666664,748.9208333333332,,50.0009375,-469.26666666666665,482.1875,27.445833333333336,30.245833333333334
2020-07-14 00:00:00+00:00,36.78416666666667,25.0275,36.78416666666667,36.78416666666667,-978.7927166666667,398.28541249999995,369.3125,716.3458333333333,,50.00190972222222,-347.04583333333335,632.9666666666666,21.349999999999998,36.7125
2020-07-15 00:00:00+00:00,35.160000000000004,25.822916666666668,37.12625,37.12625,-977.3479166666666,488.48297499999995,494.7291666666667,718.75,,49.996875,-224.025,754.4958333333334,24.054166666666664,35.06666666666667
2020-07-16 00:00:00+00:00,33.283750000000005,28.951666666666668,40.0725,40.0725,-958.3048583333333,420.86562499999997,492.55833333333334,737.7166666666667,,50.00107638888889,-245.17499999999998,714.3583333333332,42.729166666666664,35.12916666666667
2020-07-17 00:00:00+00:00,41.017916666666665,35.185833333333335,41.017916666666665,41.017916666666665,-885.5041625,310.96839166666666,348.82916666666665,731.2166666666667,,49.99951388888889,-382.3625,504.35833333333335,27.241666666666664,36.8125
2020-07-18 00:00:00+00:00,25.30666666666667,12.915,30.253333333333334,30.253333333333334,-946.4968708333332,416.7868041666666,374.1791666666666,654.3375,,49.99982638888889,-280.17083333333335,667.5458333333333,21.95,39.19166666666667
2020-07-19 00:00:00+00:00,24.34583333333333,10.550416666666667,31.240416666666665,31.240416666666665,-990.6166666666667,387.95312916666666,341.8541666666667,650.1916666666667,,50.00069444444445,-308.31666666666666,683.4916666666667,15.783333333333333,31.520833333333332
2020-07-20 00:00:00+00:00,35.808749999999996,31.56458333333333,36.678333333333335,36.678333333333335,-946.8305458333333,361.5736125,439.16249999999997,754.7875,,50.000277777777775,-315.625,632.475,25.016666666666666,26.820833333333336
2020-07-21 00:00:00+00:00,27.41416666666667,24.054583333333337,27.41416666666667,27.41416666666667,-901.9857625,331.59374583333334,492.97499999999997,752.1291666666666,,49.999722222222225,-259.16249999999997,644.0625,74.94583333333334,24.84583333333333
2020-07-22 00:00:00+00:00,27.11916666666667,10.798333333333332,29.430833333333336,29.430833333333336,-963.8757083333334,422.12881666666664,549.9541666666667,743.9125,,50.00118055555556,-193.99166666666667,771.1458333333334,158.12916666666666,26.25
2020-07-23 00:00:00+00:00,30.91541666666667,14.008333333333333,32.98375,32.98375,-948.4468708333334,401.1673625,520.9250000000001,749.3291666666668,,50.0003125,-228.44583333333333,721.2125,127.29166666666667,29.15416666666667
2020-07-24 00:00:00+00:00,25.187916666666666,12.560833333333333,28.314166666666665,28.314166666666665,-950.1170083333333,380.07291250000003,500.38333333333327,750.3541666666666,,50.00076388888888,-250.00833333333333,701.3000000000001,118.25833333333333,23.3125
2020-07-25 00:00:00+00:00,20.90125,11.96875,30.987916666666667,30.987916666666667,-992.8812541666666,375.9493166666667,423.51666666666665,667.6708333333333,,49.99961805555555,-244.14166666666665,749.9541666666668,54.43333333333334,26.245833333333334
2020-07-26 00:00:00+00:00,26.17458333333333,14.570833333333333,26.17458333333333,26.17458333333333,-988.7034749999999,370.91424166666667,318.90833333333336,650.7624999999999,,50.00138888888889,-331.8666666666667,658.0416666666666,54.25,38.7875
2020-07-27 00:00:00+00:00,24.449583333333333,21.217916666666667,29.63875,29.63875,-994.2711791666667,403.81250833333337,441.5083333333334,771.125,,50.00194444444444,-329.6375,665.8333333333334,41.18333333333333,29.458333333333332
2020-07-28 00:00:00+00:00,27.817916666666665,25.9475,29.67458333333333,29.67458333333333,-879.84965,359.16249583333337,514.3416666666667,794.7541666666666,,49.99711805555555,-280.425,600.625,21.983333333333334,17.083333333333332
2020-07-29 00:00:00+00:00,24.28125,23.78333333333333,24.852083333333336,24.852083333333336,-862.8701416666667,347.35485833333337,544.5583333333333,789.7208333333333,,49.99892361111111,-245.19583333333333,618.9333333333333,84.24583333333334,18.441666666666666
2020-07-30 00:00:00+00:00,29.378333333333334,24.852083333333336,29.664583333333336,29.664583333333336,-905.2357625,352.7503458333333,529.9625,788.4125,,50.001041666666666,-258.52916666666664,647.9499999999999,101.06666666666666,17.929166666666667
2020-07-31 00:00:00+00:00,34.21125,34.21125,34.577083333333334,34.577083333333334,-879.9420125,422.5902708333333,541.2958333333333,766.3166666666666,,50.00024305555556,-225.09583333333333,656.1208333333333,53.50833333333333,25.391666666666666
2020-08-01 00:00:00+00:00,33.11,33.11,35.68875,35.68875,-876.6135541666666,398.7329833333333,511.47083333333336,669.7125,,49.999652777777776,-158.2125,719.5500000000001,49.48333333333333,32.483333333333334
2020-08-02 00:00:00+00:00,28.315833333333334,28.315833333333334,30.689999999999998,30.689999999999998,-894.1732791666667,395.0361125,499.71250000000003,670.7666666666667,,50.0003125,-171.04583333333335,724.2875,42.49166666666667,30.2375
2020-08-03 00:00:00+00:00,37.20791666666667,37.20791666666667,39.55583333333333,39.55583333333333,-481.0777791666667,136.634725,553.2125,801.7583333333333,,49.99989583333333,-248.5583333333333,233.22083333333333,53.70416666666667,19.45
2020-08-04 00:00:00+00:00,36.9125,36.9125,38.99125,38.99125,-591.2663249999999,170.021875,527.5541666666667,824.8000000000001,,50.00194444444444,-297.2291666666667,295.05833333333334,11.320833333333333,6.8500000000000005
2020-08-05 00:00:00+00:00,42.27791666666666,42.21208333333333,42.95166666666666,42.95166666666666,-657.2638833333334,270.31631666666664,527.5666666666667,812.8000000000001,,49.998402777777784,-285.25416666666666,373.07916666666665,40.19583333333333,30.758333333333336
2020-08-06 00:00:00+00:00,44.699999999999996,44.699999999999996,44.8975,44.8975,-428.15417083333335,161.50346666666667,503.6875,822.475,,49.99854166666667,-318.8041666666667,110.175,38.1625,14.916666666666666
2020-08-07 00:00:00+00:00,41.663333333333334,41.663333333333334,42.60166666666667,42.60166666666667,-397.71876249999997,148.76075416666666,530.8625000000001,817.0500000000001,,50.00170138888889,-286.15,112.22916666666667,12.545833333333334,26.508333333333336
2020-08-08 00:00:00+00:00,26.700416666666666,26.700416666666666,35.89125,35.89125,-743.0531333333333,386.5763958333334,548.7458333333333,711.6541666666667,,50.001805555555556,-162.85,581.275,18.175,34.44583333333333
2020-08-09 00:00:00+00:00,24.335416666666664,24.335416666666664,36.31375,36.31375,-746.8107708333333,267.01597083333337,511.9666666666667,708.2125,,50.000416666666666,-196.25833333333333,551.75,35.949999999999996,35.46666666666667
2020-08-10 00:00:00+00:00,39.09291666666667,38.760416666666664,40.69583333333333,40.69583333333333,-271.03715416666665,121.55000416666667,770.7708333333334,814.0375,,49.99951388888889,-43.22083333333333,228.30416666666667,64.11666666666666,35.5
2020-08-11 00:00:00+00:00,39.652499999999996,39.652499999999996,39.652499999999996,39.652499999999996,-186.09445000000002,73.19375833333334,774.225,815.3166666666666,,50.00100694444445,-41.108333333333334,145.30833333333334,55.291666666666664,26.458333333333332
2020-08-12 00:00:00+00:00,46.069583333333334,46.069583333333334,46.150416666666665,45.85458333333333,-282.3236166666667,86.4274375,752.0541666666667,829.1,,50.00086805555556,-77.05416666666666,205.76250000000002,18.341666666666665,22.575
2020-08-13 00:00:00+00:00,45.830000000000005,45.82958333333334,47.01791666666667,47.01791666666667,-390.79618750000003,148.80834166666668,771.5541666666667,843.85,,49.999027777777776,-72.2625,319.09166666666664,39.77916666666667,9.683333333333334
2020-08-14 00:00:00+00:00,40.649166666666666,40.055,43.556666666666665,43.556666666666665,-669.4958291666667,302.18229583333334,693.9,815.2083333333334,,49.99930555555555,-121.25416666666666,549.2083333333334,16.866666666666667,25.891666666666666
2020-08-15 00:00:00+00:00,28.385833333333334,28.385833333333334,33.532916666666665,33.532916666666665,-812.4323041666667,451.6791666666666,624.2125,712.3208333333333,,50.001666666666665,-88.10000000000001,725.4375,41.19583333333333,33.21666666666667
2020-08-16 00:00:00+00:00,22.750416666666666,22.750416666666666,34.87208333333333,34.87208333333333,-864.7725708333334,402.18681666666663,590.4166666666666,714.7333333333332,,49.998263888888886,-124.33749999999999,741.6583333333333,55.00416666666666,32.104166666666664
2020-08-17 00:00:00+00:00,49.63958333333333,48.997083333333336,52.156666666666666,52.156666666666666,-357.03541249999995,208.53020416666666,810.4375,804.9458333333333,,49.999027777777776,5.479166666666667,363.23333333333335,31.279166666666665,37.50416666666667
2020-08-18 00:00:00+00:00,72.21833333333333,70.66416666666667,73.3,73.3,-250.26839166666664,195.05832916666668,873.275,792.6708333333332,,50.00076388888888,80.57083333333334,331.1125,14.375,35.50416666666667
2020-08-19 00:00:00+00:00,56.6475,55.05916666666667,57.590833333333336,57.590833333333336,-424.7472083333334,291.1732625,856.6583333333333,809.6958333333333,,50.00038194444445,47.03333333333333,472.2708333333333,25.245833333333334,35.69583333333333
2020-08-20 00:00:00+00:00,50.23208333333333,50.23208333333333,52.21333333333333,52.21333333333333,-411.0225708333333,277.4854125,803.8791666666666,716.9583333333334,,49.999965277777775,86.94166666666666,498.58750000000003,26.695833333333336,32.025
2020-08-21 00:00:00+00:00,45.451249999999995,45.451249999999995,48.536249999999995,48.536249999999995,-344.3479208333333,193.20660416666666,790.3083333333334,770.5124999999999,,49.99604166666667,19.75,364.77500000000003,47.46666666666667,32.17916666666667
2020-08-22 00:00:00+00:00,26.339166666666667,26.339166666666667,31.893333333333334,31.893333333333334,-871.6871541666666,310.15104583333334,563.0958333333333,722.8000000000001,,49.99986111111111,-159.72916666666666,713.1583333333333,135.98749999999998,10.104166666666666
2020-08-23 00:00:00+00:00,26.683333333333334,26.683333333333334,31.210416666666664,31.210416666666664,-887.6357625,298.21075833333333,505.0958333333333,705.0791666666668,,50.00079861111111,-199.975,688.8666666666667,97.81666666666666,22.141666666666666
2020-08-24 00:00:00+00:00,48.6625,48.6625,49.34041666666667,48.62,-59.54514583333332,85.09792083333333,911.6458333333334,804.8125,,50.00138888888889,106.89999999999999,166.49583333333334,113.0125,25.9875
2020-08-25 00:00:00+00:00,53.784166666666664,53.784166666666664,54.08375,54.08375,-182.82326666666665,130.18647083333335,866.8333333333334,813.375,,49.99899305555556,53.512499999999996,236.9958333333333,48.78333333333333,16.470833333333335
2020-08-26 00:00:00+00:00,42.42208333333333,42.42208333333333,42.42208333333333,42.395,-39.57777083333333,50.22464166666666,839.2708333333334,807.0916666666667,,50.000659722222224,32.1875,72.19583333333333,29.95,26.65416666666667
2020-08-27 00:00:00+00:00,49.75125,49.75125,50.343333333333334,49.36000000000001,-148.06075833333333,118.10902499999999,853.1541666666667,831.5291666666667,,50.00111111111111,21.59583333333333,170.375,40.737500000000004,17.279166666666665
2020-08-28 00:00:00+00:00,45.69416666666667,45.34833333333333,45.69416666666667,45.24166666666667,-183.94792083333334,126.94165833333334,786.2125,815.0833333333334,,50.0009375,-28.879166666666663,155.52083333333334,25.825,27.645833333333332
2020-08-29 00:00:00+00:00,35.96333333333333,33.825833333333335,35.96333333333333,35.9575,-717.7059041666666,264.789575,445.4166666666667,734.1875,,49.99875,-288.76666666666665,430.16249999999997,49.48333333333333,17.8
2020-08-30 00:00:00+00:00,35.1575,31.307916666666667,35.1575,35.1575,-764.5791666666668,354.41077083333334,412.94166666666666,715.1333333333333,,50.001805555555556,-302.19166666666666,463.6041666666667,58.67916666666667,17.145833333333332
2020-08-31 00:00:00+00:00,52.356249999999996,52.356249999999996,53.538333333333334,53.28125,-542.5770791666667,257.11597083333334,583.0166666666667,816.275,,49.99836805555556,-233.2541666666667,310.18333333333334,39.525,14.091666666666667
2020-09-01 00:00:00+00:00,51.43375,51.43375,52.20583333333334,52.20583333333334,-473.88819166666667,281.8874916666667,766.5333333333333,813.3333333333334,,50.00076388888888,-46.79583333333333,427.97499999999997,74.40416666666667,14.674999999999999
2020-09-02 00:00:00+00:00,47.08083333333334,47.08083333333334,48.895,48.895,-599.5541708333334,397.171525,748.5291666666667,851.625,,49.99878472222222,-103.08333333333333,497.44166666666666,82.26666666666667,11.545833333333334
2020-09-03 00:00:00+00:00,44.98,44.98,44.98,44.05375,-426.5100625,279.85104583333333,692.125,869.6583333333333,,49.99982638888889,-177.50833333333333,249.77083333333334,47.82083333333333,6.604166666666667
2020-09-04 00:00:00+00:00,40.93541666666667,40.06166666666667,42.100833333333334,42.100833333333334,-613.259375,387.2458458333333,697.5416666666666,836.4708333333333,,50.001805555555556,-138.88333333333333,475.3041666666666,111.45416666666667,17.025
2020-09-05 00:00:00+00:00,30.86791666666667,28.6775,30.86791666666667,30.86791666666667,-958.9239541666666,557.2781208333333,524.5916666666667,741.4,,49.99975694444444,-216.79999999999998,743.3083333333334,98.375,15.0
2020-09-06 00:00:00+00:00,32.850833333333334,30.317916666666665,32.850833333333334,32.850833333333334,-880.4822958333333,517.2527791666666,517.525,738.5458333333332,,50.000347222222224,-221.02083333333334,660.625,71.6125,21.504166666666666
2020-09-07 00:00:00+00:00,45.60458333333333,45.605,46.15,46.13291666666667,-408.1611125,81.00764583333333,521.1916666666667,855.1958333333333,,49.999548611111116,-333.90833333333336,74.84583333333333,43.083333333333336,21.78333333333333
2020-09-08 00:00:00+00:00,37.485,37.485,38.03416666666667,34.902499999999996,-705.3590291666666,217.25103333333334,591.6875,895.3708333333334,,49.999965277777775,-303.6958333333333,402.8333333333333,120.32083333333333,9.0875
2020-09-09 00:00:00+00:00,44.41125,44.41125,44.41125,37.918749999999996,-231.38472083333332,11.326379166666669,597.1333333333333,877.8208333333333,,49.998437499999994,-280.6875,-48.75,125.59166666666665,16.675
2020-09-10 00:00:00+00:00,44.73458333333334,44.73458333333334,46.87833333333333,44.99458333333334,-357.48853749999995,100.39340416666666,711.7666666666668,873.4791666666666,,50.000590277777775,-161.70416666666668,196.4,221.15416666666667,19.479166666666668
2020-09-11 00:00:00+00:00,48.91,48.09458333333333,49.809583333333336,49.809583333333336,-470.88263750000004,80.5697875,499.05833333333334,881.3458333333333,,49.99836805555556,-382.33750000000003,89.28750000000001,81.07083333333334,16.416666666666668
2020-09-12 00:00:00+00:00,29.599999999999998,27.366249999999997,29.599999999999998,29.599999999999998,-782.3548583333333,306.7638958333333,421.3416666666667,785.5749999999999,,50.00107638888889,-364.27500000000003,419.19166666666666,193.65,10.045833333333333
2020-09-13 00:00:00+00:00,22.905,21.976666666666663,22.905,22.905,-826.7923666666667,280.51145833333334,434.925,752.1833333333334,,50.00006944444445,-317.33750000000003,510.5833333333333,195.6916666666667,27.920833333333334
2020-09-14 00:00:00+00:00,44.4975,44.322916666666664,45.29666666666666,45.29666666666666,-793.8541666666666,465.208325,570.2375000000001,889.5458333333332,,50.00076388888888,-319.34999999999997,475.6541666666667,72.2,25.233333333333334
2020-09-15 00:00:00+00:00,67.46958333333333,67.46958333333333,67.78541666666666,67.78541666666666,-179.0357625,323.05035,960.5166666666668,916.5333333333333,,50.00052083333333,43.93333333333334,223.22916666666666,16.408333333333335,9.758333333333335
2020-09-16 00:00:00+00:00,44.60375,44.60375,44.60375,44.60375,-594.0107666666667,369.06771249999997,799.5375,896.2624999999999,,50.00145833333333,-96.68333333333334,498.2791666666667,111.8,21.558333333333334
2020-09-17 00:00:00+00:00,42.26,42.26,42.26,42.26,-342.8243,205.35694166666667,776.9916666666667,901.2458333333334,,49.99809027777778,-124.27916666666665,219.19583333333333,210.07916666666665,6.5
2020-09-18 00:00:00+00:00,37.60875,35.418749999999996,37.60875,37.60875,-686.0274333333333,324.435425,558.0375,871.7208333333333,,49.99961805555555,-313.7,373.2708333333333,129.22916666666666,27.9375
2020-09-19 00:00:00+00:00,38.04083333333333,29.674583333333334,38.04083333333333,38.04083333333333,-959.6812416666667,488.3076375,461.9583333333333,766.1291666666666,,50.00138888888889,-304.175,656.6374999999999,117.47500000000001,30.175
2020-09-20 00:00:00+00:00,30.363333333333333,21.99083333333333,30.363333333333333,30.363333333333333,-975.396175,474.65000000000003,474.49583333333334,758.4958333333334,,50.00177083333333,-284.01666666666665,692.5375,91.39166666666667,26.1125
2020-09-21 00:00:00+00:00,28.329166666666666,25.59166666666667,28.329166666666666,28.329166666666666,-924.9802041666667,422.32535,582.775,884.0416666666666,,49.99947916666667,-301.25416666666666,624.8916666666667,123.50416666666666,10.570833333333335
2020-09-22 00:00:00+00:00,34.035833333333336,31.681250000000002,34.035833333333336,34.035833333333336,-860.1458333333334,413.1611208333333,577.6583333333333,864.0708333333333,,50.000034722222225,-286.4208333333333,574.9250000000001,101.79583333333333,22.137500000000003
2020-09-23 00:00:00+00:00,33.77291666666667,33.77291666666667,33.77291666666667,33.77291666666667,-801.5399291666666,351.07672916666667,564.0749999999999,853.9708333333333,,50.001805555555556,-289.7916666666667,512.8708333333333,80.04583333333333,26.320833333333336
2020-09-24 00:00:00+00:00,37.85916666666667,34.64333333333334,37.85916666666667,37.85916666666667,-568.9454875,287.37639583333333,585.4499999999999,845.3666666666667,,49.99986111111111,-259.8583333333333,309.92083333333335,107.72500000000001,27.637500000000003
2020-09-25 00:00:00+00:00,36.545833333333334,34.992916666666666,36.545833333333334,36.545833333333334,-769.7131833333333,311.56874999999997,499.875,844.1,,49.998125,-344.2416666666666,426.65000000000003,77.84166666666667,20.783333333333335
2020-09-26 00:00:00+00:00,28.185000000000002,21.189583333333335,28.185000000000002,28.185000000000002,-909.7750124999999,443.29653333333334,411.37083333333334,750.4291666666667,,49.99767361111111,-339.03749999999997,571.875,107.67083333333333,24.9875
2020-09-27 00:00:00+00:00,19.737083333333334,16.118750000000002,19.737083333333334,19.737083333333334,-924.1104208333333,364.390625,355.5083333333334,742.6041666666666,,50.001354166666665,-387.15000000000003,538.1958333333333,105.47500000000001,27.429166666666664
2020-09-28 00:00:00+00:00,43.55458333333333,42.12,43.55458333333333,43.55458333333333,-316.0888791666667,229.5948,698.2416666666667,866.5625,,50.001041666666666,-168.3375,147.90416666666667,45.19583333333333,12.216666666666667
2020-09-29 00:00:00+00:00,53.504583333333336,52.583333333333336,53.504583333333336,53.504583333333336,-251.51215,191.5864625,697.9,887.2291666666666,,50.00079861111111,-189.33333333333334,62.19583333333333,6.4375,4.241666666666666
2020-09-30 00:00:00+00:00,44.36958333333334,42.71958333333333,44.36958333333334,44.36958333333334,-290.72812500000003,268.133675,725.0916666666667,871.5124999999999,,49.99868055555556,-146.43333333333334,144.30833333333334,26.445833333333336,13.083333333333334
2020-10-01 00:00:00+00:00,38.410833333333336,35.5325,38.410833333333336,38.410833333333336,-290.5611166666667,137.1510375,611.5875,870.9458333333333,,50.00013888888889,-259.3,31.195833333333336,72.92083333333333,23.429166666666664
2020-10-02 00:00:00+00:00,37.4425,31.101666666666663,37.4425,37.4425,-166.73299583333332,76.33784583333333,575.3375,859.2458333333334,,50.00017361111111,-283.925,-117.22916666666667,99.60833333333333,21.833333333333332
2020-10-03 00:00:00+00:00,31.810833333333335,18.42875,31.810833333333335,31.810833333333335,-342.809375,174.76493333333335,399.325,756.25,,50.000729166666666,-356.9458333333334,-13.770833333333334,108.02499999999999,18.2375
2020-10-04 00:00:00+00:00,26.405833333333334,8.12375,26.405833333333334,26.405833333333334,-653.5854125,267.19722083333335,405.3458333333333,774.4708333333333,,49.99989583333333,-369.1125,285.48333333333335,176.6,2.858333333333333
2020-10-05 00:00:00+00:00,41.54333333333333,41.172916666666666,41.54333333333333,41.54333333333333,-769.3031166666666,261.9840208333333,460.87916666666666,861.4625,,50.001597222222216,-400.5625,371.14166666666665,81.30416666666666,26.879166666666666
2020-10-06 00:00:00+00:00,30.763333333333335,30.0575,30.763333333333335,30.763333333333335,-795.1947916666667,321.98471666666666,520.3458333333333,890.5208333333334,,49.99920138888889,-370.1583333333333,426.2083333333333,132.22083333333333,5.366666666666667
2020-10-07 00:00:00+00:00,37.28041666666667,35.884166666666665,37.28041666666667,37.28041666666667,-910.3187458333333,330.4642333333333,504.3125,883.8666666666667,,49.99923611111112,-379.5625,531.9583333333334,74.3625,17.245833333333334
2020-10-08 00:00:00+00:00,41.52916666666667,40.192083333333336,41.52916666666667,41.52916666666667,-854.2513875,316.7993125,492.9916666666666,894.6458333333334,,49.99916666666667,-401.64166666666665,453.74583333333334,83.42916666666666,11.783333333333333
2020-10-09 00:00:00+00:00,37.45791666666667,37.24666666666666,37.45791666666667,37.45791666666667,-661.3170208333333,238.20727916666667,533.4375,894.75,,50.001875,-361.3208333333334,301.075,115.52499999999999,13.195833333333333
2020-10-10 00:00:00+00:00,26.309583333333332,25.869583333333335,26.309583333333332,26.309583333333332,-910.5017333333334,364.6104125,415.96250000000003,791.7416666666667,,50.000625,-375.7708333333333,535.8208333333333,69.92916666666666,13.100000000000001
2020-10-11 00:00:00+00:00,30.152916666666666,25.197916666666668,30.152916666666666,30.152916666666666,-990.6739583333333,337.47152916666664,381.96250000000003,792.9208333333332,,50.000590277777775,-410.94166666666666,580.85,19.95,9.75
2020-10-12 00:00:00+00:00,50.45875,49.4375,50.85708333333333,50.85708333333333,-801.9531291666667,347.80000416666667,669.2375000000001,907.75,,50.00125,-238.54166666666666,564.5666666666667,54.44583333333333,14.045833333333334
2020-10-13 00:00:00+00:00,47.08291666666667,46.99916666666667,47.08291666666667,47.08291666666667,-642.7906291666667,241.539925,692.2708333333334,928.6583333333333,,50.00138888888889,-236.35416666666666,407.3541666666667,25.641666666666666,11.950000000000001
2020-10-14 00:00:00+00:00,36.9125,36.9125,36.9125,36.9125,-383.9072833333333,187.878825,775.9208333333332,919.5333333333333,,49.99871527777778,-143.625,240.91666666666666,140.75,13.170833333333334
2020-10-15 00:00:00+00:00,38.32083333333333,37.11416666666667,38.32083333333333,38.32083333333333,-651.6739583333333,279.7732625,710.6999999999999,949.5958333333333,,49.99729166666666,-238.85833333333335,413.6958333333334,86.45,11.041666666666666
2020-10-16 00:00:00+00:00,43.0075,42.38333333333333,43.0075,43.0075,-658.7291708333333,236.8107666666667,650.125,958.1083333333332,,50.00222222222222,-307.93333333333334,351.60833333333335,32.18333333333333,10.841666666666667
2020-10-17 00:00:00+00:00,31.12375,20.49875,31.12375,31.12375,-965.9079916666666,400.571525,473.1958333333334,850.0083333333333,,49.99930555555555,-376.77500000000003,590.0958333333334,94.35000000000001,16.591666666666665
2020-10-18 00:00:00+00:00,23.064999999999998,22.55666666666667,23.064999999999998,23.064999999999998,-722.2357583333334,217.74061666666668,422.32916666666665,848.1791666666667,,50.00013888888889,-425.84999999999997,297.37916666666666,127.67083333333333,5.425
2020-10-19 00:00:00+00:00,39.51083333333333,39.51083333333333,39.51083333333333,39.51083333333333,-624.7583333333333,197.15242916666668,711.4833333333332,993.9125,,49.9990625,-282.3625,343.20416666666665,169.0375,6.845833333333334
2020-10-20 00:00:00+00:00,55.07708333333333,55.07708333333333,55.07708333333333,55.07708333333333,-312.6427125,57.19305833333334,666.5791666666667,990.0666666666666,,50.00284722222222,-323.47083333333336,-10.341666666666663,43.949999999999996,13.3125
2020-10-21 00:00:00+00:00,36.895,36.704166666666666,36.895,36.895,-720.9170125,236.27915833333336,599.5166666666667,1004.025,,50.00048611111111,-404.4791666666667,317.31666666666666,86.39999999999999,1.9333333333333333
2020-10-22 00:00:00+00:00,37.38333333333333,37.38333333333333,37.38333333333333,37.38333333333333,-444.5840333333333,102.51770833333335,651.3208333333333,987.0416666666666,,49.99829861111111,-335.7583333333333,109.67083333333335,148.56666666666666,0.9708333333333333
2020-10-23 00:00:00+00:00,38.08625,36.401666666666664,38.08625,38.08625,-704.6191,255.14964999999998,596.8125,962.8625000000001,,49.99947916666667,-366.12083333333334,339.52916666666664,129.875,5.020833333333333
2020-10-24 00:00:00+00:00,31.015,17.344166666666666,31.015,31.015,-954.1829875,369.14652083333334,410.91249999999997,860.9416666666666,,50.00118055555556,-450.0291666666667,505.175,42.43333333333333,7.104166666666667
2020-10-25 00:00:00+00:00,26.862083333333334,14.054583333333333,26.862083333333334,26.862083333333334,-790.2309,259.33855,318.83750000000003,836.725,,50.00100694444445,-517.9666666666667,273.3125,68.62083333333334,4.979166666666667
2020-10-26 00:00:00+00:00,41.812916666666666,21.417916666666667,41.812916666666666,41.812916666666666,-902.0930541666667,256.4423625,523.2208333333333,957.1708333333332,,49.99857638888889,-433.9791666666667,469.23333333333335,128.58333333333334,4.370833333333334
2020-10-27 00:00:00+00:00,47.387499999999996,19.9975,47.387499999999996,47.387499999999996,-976.5468666666667,265.4798625,568.2125,964.7166666666667,,50.00194444444444,-396.52500000000003,581.1041666666666,127.1125,1.0083333333333333
2020-10-28 00:00:00+00:00,35.24125,25.38791666666667,37.219166666666666,37.219166666666666,-842.4024333333333,328.0031208333333,781.4416666666666,968.9458333333333,,50.00076388888888,-187.54999999999998,655.9041666666667,157.125,6.7
2020-10-29 00:00:00+00:00,40.41375,22.724166666666665,40.41375,40.41375,-920.3552125,332.304175,712.1125000000001,975.5666666666666,,49.997395833333336,-263.44166666666666,657.9833333333333,44.72083333333333,3.125
2020-10-30 00:00:00+00:00,44.67958333333333,39.9175,45.586666666666666,45.586666666666666,-818.5343708333334,294.74653333333333,715.4291666666667,976.3666666666667,,49.999583333333334,-260.8833333333333,558.6791666666667,6.870833333333334,2.2125
2020-10-31 00:00:00+00:00,43.82958333333334,12.869583333333333,43.82958333333334,43.82958333333334,-986.8420083333334,459.67812499999997,597.2291666666666,866.5583333333334,,50.00010416666667,-269.35833333333335,718.6125000000001,20.8125,8.116666666666667
2020-11-01 00:00:00+00:00,11.135416666666666,5.364999999999999,11.135416666666666,11.135416666666666,-984.808325,241.97777916666666,340.6041666666667,843.0666666666666,,50.00038194444445,-502.45,483.4666666666667,95.70416666666667,1.625
2020-11-02 00:00:00+00:00,26.890416666666667,3.90375,26.890416666666667,26.890416666666667,-976.8455041666666,224.1152875,487.7375,975.0416666666666,,49.999340277777776,-487.28749999999997,490.60833333333335,240.4125,6.6499999999999995
2020-11-03 00:00:00+00:00,36.92583333333334,12.776666666666666,36.92583333333334,36.92583333333334,-975.7121458333332,203.03473333333332,431.4041666666667,942.1750000000001,,49.99930555555555,-510.7625,466.09999999999997,175.44583333333333,6.3
2020-11-04 00:00:00+00:00,38.43125,8.265416666666667,38.43125,38.43125,-845.9249958333334,204.24827083333332,575.1541666666667,978.4458333333333,,50.000416666666666,-403.3666666666666,443.75,118.14583333333333,2.4791666666666665
2020-11-05 00:00:00+00:00,33.0875,3.0729166666666665,33.0875,33.0875,-851.7357666666667,231.734725,579.8708333333333,979.85,,50.001597222222216,-399.95416666666665,452.8416666666667,208.35416666666666,2.9958333333333336
2020-11-06 00:00:00+00:00,42.9475,23.609583333333333,42.9475,42.9475,-938.4138875,289.91597083333335,542.6750000000001,946.0333333333333,,49.99836805555556,-403.3625,536.1375,149.90416666666667,12.237499999999999
2020-11-07 00:00:00+00:00,41.102916666666665,4.294583333333334,41.102916666666665,41.102916666666665,-939.4798625,342.9246458333334,473.7,843.3458333333333,,50.00138888888889,-369.6166666666666,570.9375,111.62916666666666,5.05
2020-11-08 00:00:00+00:00,36.342083333333335,23.80333333333333,36.342083333333335,36.342083333333335,-983.3649291666667,398.98993333333334,437.9708333333333,845.8166666666666,,50.00131944444444,-407.8458333333333,576.5791666666667,65.7625,11.366666666666667
2020-11-09 00:00:00+00:00,49.77,48.028333333333336,49.77,49.80833333333334,-856.1243041666667,399.7513791666667,810.9,1006.0166666666668,,50.00086805555556,-195.08333333333334,661.9333333333333,75.175,2.408333333333333
2020-11-10 00:00:00+00:00,62.812083333333334,61.80708333333333,62.812083333333334,62.812083333333334,-438.2881916666667,150.7927125,899.5,1010.3958333333334,,49.999027777777776,-110.89583333333333,327.96666666666664,18.266666666666666,7.804166666666666
2020-11-11 00:00:00+00:00,47.875416666666666,46.53333333333333,47.875416666666666,47.875416666666666,-700.3743666666666,121.85653333333333,660.5208333333334,1026.8083333333334,,49.99905923344948,-366.3458333333333,335.2333333333333,29.65833333333333,1.1291666666666667
2020-11-12 00:00:00+00:00,48.518750000000004,47.310833333333335,48.518750000000004,48.518750000000004,-751.7729250000001,60.97534166666666,671.8874999999999,1024.2166666666667,,50.00020833333333,-352.28749999999997,400.3208333333334,39.483333333333334,2.7708333333333335
2020-11-13 00:00:00+00:00,51.00416666666666,39.49583333333333,51.00416666666666,51.0525,-982.4079875000001,220.86284583333335,715.0,1030.5375000000001,,50.00145833333333,-315.5625,667.8958333333334,56.89166666666667,0.875
2020-11-14 00:00:00+00:00,43.31,9.399583333333334,43.31,43.400416666666665,-999.2329875,296.309025,667.7875,942.5749999999999,,50.00052083333333,-274.8,725.4333333333334,61.35833333333333,1.2458333333333333
2020-11-15 00:00:00+00:00,23.484583333333333,3.7795833333333335,23.484583333333333,23.484583333333333,-950.5722208333333,167.41319166666668,443.82916666666665,941.3416666666667,,50.00086805555556,-497.51666666666665,454.0083333333334,84.47083333333333,1.5541666666666665
2020-11-16 00:00:00+00:00,32.06333333333333,14.956666666666665,35.35791666666667,35.35791666666667,-919.1208333333334,130.24270833333333,660.8083333333333,1054.5041666666666,,49.99899305555556,-393.65000000000003,526.4583333333334,173.86249999999998,0.8791666666666668
2020-11-17 00:00:00+00:00,35.985416666666666,12.125833333333333,35.985416666666666,35.985416666666666,-986.6607666666667,183.11423749999997,679.5416666666666,1062.4125000000001,,50.00010416666667,-382.82916666666665,604.8458333333333,183.91666666666666,0.6749999999999999
2020-11-18 00:00:00+00:00,33.93541666666667,30.32875,33.93541666666667,33.93541666666667,-853.0270833333334,47.01562916666666,572.2166666666667,1039.7041666666667,,50.00111111111111,-467.49583333333334,386.67083333333335,219.33333333333334,1.3
2020-11-19 00:00:00+00:00,31.550833333333333,23.549166666666665,31.550833333333333,31.550833333333333,-835.0913208333333,63.24375,476.6166666666666,1025.3458333333333,,49.999340277777776,-548.7166666666667,287.35833333333335,249.6625,0.6333333333333333
2020-11-20 00:00:00+00:00,57.91375,55.697916666666664,57.91375,58.13041666666667,-886.6590333333334,199.98159166666667,793.9208333333332,1070.4333333333334,,50.00017361111111,-276.55833333333334,611.3583333333333,152.5375,3.4791666666666665
2020-11-21 00:00:00+00:00,26.979166666666668,8.504583333333333,26.979166666666668,26.979166666666668,-956.7253541666668,183.2513875,389.5958333333333,985.2125,,49.99982638888889,-595.6416666666667,362.1875,155.45416666666668,2.7708333333333335
2020-11-22 00:00:00+00:00,14.519583333333332,3.733333333333334,14.519583333333332,14.519583333333332,-923.9402708333333,223.30729166666666,415.26666666666665,923.7416666666667,,50.00038732394366,-508.5333333333333,416.5333333333333,172.83333333333334,4.541666666666667
2020-11-23 00:00:00+00:00,33.56375,23.7225,33.56375,33.56375,-862.9375,82.1579875,422.3666666666666,1042.6166666666666,,50.00121527777778,-620.2375000000001,243.75,170.67499999999998,4.370833333333334
2020-11-24 00:00:00+00:00,38.23208333333333,34.48625,38.23208333333333,38.23208333333333,-791.1111208333333,68.335425,439.83750000000003,1062.175,,50.0,-622.3958333333334,169.85833333333332,78.925,4.1625
2020-11-25 00:00:00+00:00,39.4425,20.27208333333333,39.4425,39.4425,-913.2121583333333,172.55625416666666,470.0833333333333,1040.2291666666667,,49.997881944444444,-570.1125000000001,344.1333333333334,69.85000000000001,1.4333333333333333
2020-11-26 00:00:00+00:00,50.19708333333333,43.89541666666667,50.19708333333333,50.282916666666665,-931.3805666666667,196.23924166666666,539.9958333333333,1032.6083333333333,,49.99920138888889,-492.62083333333334,439.9791666666667,80.92083333333333,0.3416666666666666
2020-11-27 00:00:00+00:00,65.18083333333333,60.805,65.18083333333333,65.47291666666666,-584.9031249999999,147.1670125,862.3249999999999,1056.4375,,50.00024305555556,-194.1291666666667,391.52500000000003,114.71666666666665,1.2
2020-11-28 00:00:00+00:00,46.94625,42.46333333333333,46.94625,47.17041666666666,-987.1558958333334,217.25035416666665,630.5208333333334,950.3291666666668,,50.0,-319.83750000000003,668.3916666666667,61.737500000000004,0.8333333333333334
2020-11-29 00:00:00+00:00,46.39041666666666,32.82083333333333,46.39041666666666,47.35458333333333,-994.9447958333334,223.5663125,551.8416666666667,950.4666666666667,,49.999583333333334,-398.6375,597.375,30.8125,0.75
2020-11-30 00:00:00+00:00,83.04166666666667,80.26375,83.04166666666667,83.76916666666666,-562.2180500000001,68.26043333333332,844.7125,1105.3958333333333,,50.00086805555556,-260.72083333333336,302.20416666666665,18.541666666666668,0.3458333333333334
2020-12-01 00:00:00+00:00,69.04541666666667,66.13166666666667,69.04541666666667,70.69916666666667,-571.6024333333334,129.50312083333333,934.3041666666667,1060.7666666666667,,49.99944444444444,-126.44166666666666,445.9375,117.91666666666667,0.8624999999999999
2020-12-02 00:00:00+00:00,68.16375000000001,58.0075,68.16375000000001,72.76625,-756.6857624999999,261.66285416666665,834.7208333333333,1104.5541666666666,,50.00163194444444,-269.8125,487.80833333333334,86.08333333333333,3.8833333333333333
2020-12-03 00:00:00+00:00,53.26833333333334,33.312916666666666,53.26833333333334,53.26833333333334,-996.3996541666667,331.8920125,821.7041666666668,1141.9916666666666,,49.99881944444444,-320.2416666666667,677.1083333333333,84.2625,0.4166666666666667
2020-12-04 00:00:00+00:00,41.99458333333333,30.80333333333333,41.99458333333333,41.99458333333333,-967.7649208333333,281.0256958333333,745.1750000000001,1096.2541666666666,,49.999652777777776,-351.1375,617.7083333333334,169.84583333333333,0.4583333333333333
2020-12-05 00:00:00+00:00,27.992500000000003,19.65041666666667,27.992500000000003,27.992500000000003,-946.0086791666666,166.06389166666665,465.91249999999997,964.8125,,49.99986111111111,-498.92083333333335,448.175,167.80833333333334,0.46249999999999997
2020-12-06 00:00:00+00:00,21.012916666666666,18.605416666666667,21.012916666666666,21.012916666666666,-818.5520791666667,109.25450000000001,438.91249999999997,932.7791666666667,,50.000590277777775,-493.89166666666665,325.71666666666664,171.7875,0.6333333333333333
2020-12-07 00:00:00+00:00,34.80375,34.80375,34.80375,34.80375,-717.7500041666667,12.575345833333332,530.9666666666667,1099.0125,,50.000416666666666,-568.0375,150.67916666666667,210.90416666666667,5.9375
2020-12-08 00:00:00+00:00,47.81125,46.63833333333333,47.81125,51.54541666666666,-760.8364583333333,76.96006666666666,619.2791666666666,1170.8875,,50.000451388888884,-551.6583333333333,210.125,159.94583333333333,5.208333333333333
2020-12-09 00:00:00+00:00,56.40208333333333,53.81916666666667,56.40208333333333,57.65416666666667,-760.6895875,79.4701375,660.4458333333333,1204.1458333333333,,49.99947916666667,-543.6916666666667,217.84583333333333,94.40833333333335,4.341666666666667
2020-12-10 00:00:00+00:00,65.04958333333333,63.57916666666667,65.04958333333333,66.87666666666667,-497.6316,12.427779166666665,819.1125000000001,1224.2208333333333,,49.998715277777784,-405.04583333333335,93.125,49.5875,1.9333333333333333
2020-12-11 00:00:00+00:00,57.98291666666666,57.98291666666666,57.98291666666666,58.997083333333336,-248.68263333333334,-42.24062916666667,892.5416666666666,1206.1166666666666,,49.999548611111116,-313.55833333333334,-64.57916666666667,38.925000000000004,0.525
2020-12-12 00:00:00+00:00,48.29749999999999,48.29749999999999,48.29749999999999,48.29749999999999,-142.66145833333334,-97.29132499999999,599.5749999999999,1055.4624999999999,,50.00163194444444,-455.925,-312.97499999999997,63.55833333333334,0.8875000000000001
2020-12-13 00:00:00+00:00,52.32749999999999,52.32749999999999,52.32749999999999,52.32749999999999,-254.4909625,-64.902775,612.3208333333333,1057.5333333333333,,49.99666666666667,-445.2416666666666,-190.4125,19.337500000000002,0.35000000000000003
2020-12-14 00:00:00+00:00,106.25583333333333,106.25583333333333,86.69541666666667,86.69541666666667,182.3441,-328.16945,848.4416666666667,1175.5708333333334,,49.99975694444444,-327.12916666666666,-509.6375,8.783333333333333,0.5666666666666667
2020-12-15 00:00:00+00:00,51.74166666666667,51.74166666666667,51.74166666666667,51.74166666666667,-825.9121624999999,143.10903333333331,624.5625,1155.1833333333332,,50.00128472222222,-530.5541666666667,296.24583333333334,74.65,0.39166666666666666
2020-12-16 00:00:00+00:00,56.81916666666667,55.418749999999996,56.81916666666667,56.81916666666667,-759.9336833333333,74.09583333333333,613.8291666666667,1139.6583333333333,,49.999652777777776,-525.8083333333333,235.15416666666667,134.72083333333333,0.3166666666666667
2020-12-17 00:00:00+00:00,55.76666666666667,55.76666666666667,55.76666666666667,55.76666666666667,-563.9243083333333,-1.741320833333334,605.4375,1113.7875000000001,,50.00149305555556,-508.2708333333333,56.38750000000001,52.64166666666667,0.525
2020-12-18 00:00:00+00:00,45.6175,45.6175,45.6175,45.6175,-663.0395875,-1.1520833333333336,569.1208333333333,1093.8458333333333,,50.00038194444445,-524.6374999999999,139.725,98.62083333333334,0.37916666666666665
2020-12-19 00:00:00+00:00,29.565,21.22791666666667,29.565,40.6875,-865.9274333333333,234.6191041666667,413.79583333333335,961.225,,49.99829861111111,-547.4625,319.6125,83.54166666666667,0.5041666666666667
2020-12-20 00:00:00+00:00,31.2975,15.2975,31.2975,33.01375,-900.5156291666667,196.48541250000002,394.3416666666667,955.8708333333334,,49.9996875,-561.4958333333333,340.1375,126.375,0.31666666666666665
2020-12-21 00:00:00+00:00,41.03541666666667,34.030833333333334,41.03541666666667,41.32625,-956.4392416666666,175.74201666666667,585.35,1044.8333333333333,,50.00184027777778,-459.45416666666665,498.05833333333334,173.92499999999998,0.33749999999999997
2020-12-22 00:00:00+00:00,35.23,22.56041666666667,35.23,35.23,-990.5333458333333,141.18333333333334,459.1041666666667,1061.9624999999999,,49.9975,-602.8708333333333,388.74583333333334,133.01666666666668,0.4708333333333334
2020-12-23 00:00:00+00:00,41.32333333333333,20.425416666666667,41.32333333333333,41.69,-985.1614541666667,153.10555,463.45416666666665,1042.2749999999999,,49.99854166666667,-578.825,407.4375,103.10416666666667,0.3958333333333333
2020-12-24 00:00:00+00:00,21.42625,18.260833333333334,21.42625,21.42625,-950.2291708333333,121.60277500000001,337.60833333333335,948.4875000000001,,50.00010416666667,-610.8666666666667,340.45,36.425,0.6916666666666668
2020-12-25 00:00:00+00:00,28.876666666666665,18.888333333333332,28.876666666666665,28.876666666666665,-955.4979041666667,106.54062083333334,392.375,932.1416666666668,,49.99850694444444,-539.7916666666666,416.875,80.98333333333333,0.6833333333333335
2020-12-26 00:00:00+00:00,33.591249999999995,30.531666666666666,33.591249999999995,33.591249999999995,-931.5322916666668,77.19548333333334,262.4791666666667,958.2166666666667,,50.000451388888884,-695.7791666666667,236.85416666666666,40.545833333333334,0.25416666666666665
2020-12-27 00:00:00+00:00,21.105416666666667,7.006666666666667,21.105416666666667,21.105416666666667,-989.3378458333333,157.97985833333334,365.23333333333335,943.9916666666667,,50.00100694444445,-578.8041666666667,411.62916666666666,216.34583333333333,0.20833333333333334
2020-12-28 00:00:00+00:00,33.40833333333333,26.955,33.40833333333333,33.40833333333333,-953.0951333333334,136.60695,478.35833333333335,1037.9208333333333,,50.00052083333333,-559.5458333333333,394.5541666666666,207.9375,0.4833333333333334
2020-12-29 00:00:00+00:00,39.805,33.76708333333333,39.805,39.805,-878.9350666666668,39.63750833333334,481.27500000000003,1036.625,,49.99961805555555,-555.3416666666667,324.58750000000003,151.01250000000002,0.24166666666666667
2020-12-30 00:00:00+00:00,44.05583333333333,34.634166666666665,44.05583333333333,44.05583333333333,-897.047925,105.97881666666666,578.7375000000001,997.6625,,50.000659722222224,-418.93333333333334,479.1958333333334,170.01250000000002,1.4749999999999999
2020-12-31 00:00:00+00:00,49.34166666666667,35.049166666666665,49.34166666666667,49.34166666666667,-984.5208333333334,196.09654583333335,474.64000000000004,973.4208333333332,,49.99854166666667,-498.77500000000003,486.87916666666666,23.183333333333334,0.5708333333333334
2021-01-01 00:00:00+00:00,36.26291666666666,26.2775,36.26291666666666,36.26291666666666,-856.7416541666666,203.121525,298.1564583333333,889.975,,49.99986111111111,-591.8208333333333,266.0208333333333,20.775000000000002,0.6416666666666667
2021-01-02 00:00:00+00:00,43.159166666666664,32.79875,43.159166666666664,43.159166666666664,-934.0854125000001,342.18125000000003,444.956875,937.2708333333334,,49.999409722222225,-492.3208333333334,442.8625,45.82083333333333,0.5750000000000001
2021-01-03 00:00:00+00:00,31.61375,25.80125,31.61375,31.61375,-908.5166666666668,336.7222208333333,376.66520833333334,962.15,,50.0003125,-585.4791666666666,324.09166666666664,31.866666666666664,0.35000000000000003
2021-01-04 00:00:00+00:00,43.69958333333333,43.4925,43.69958333333333,44.015833333333326,-713.9493083333333,240.09896666666668,511.8202083333333,1103.3958333333333,,50.00076388888888,-591.5500000000001,123.3875,14.541666666666666,0.19999999999999998
2021-01-05 00:00:00+00:00,47.37083333333334,47.37083333333334,47.37083333333334,47.37083333333334,-556.2159625,224.64167083333334,559.3885416666667,1109.8666666666666,,50.000451388888884,-550.4625,6.554166666666668,43.47083333333333,0.2916666666666667
2021-01-06 00:00:00+00:00,41.612500000000004,41.612500000000004,41.612500000000004,41.612500000000004,-619.6570041666666,262.2956208333333,600.2216666666667,1137.9041666666667,,49.999860627177696,-537.7541666666667,82.83333333333333,72.38333333333334,0.2791666666666667
2021-01-07 00:00:00+00:00,67.89416666666666,67.89416666666666,67.89416666666666,67.89416666666666,-156.86909166666666,81.09201666666667,709.8722916666667,1150.3541666666667,,49.99944444444444,-440.55,-283.34999999999997,57.6875,0.19583333333333333
2021-01-08 00:00:00+00:00,76.64416666666666,76.64416666666666,76.64416666666666,76.64416666666666,-40.440975,129.00590416666668,900.6374999999999,1152.1375,,49.999583333333334,-251.47916666666666,-211.10833333333335,53.09583333333333,0.24166666666666667
2021-01-09 00:00:00+00:00,55.01499999999999,55.01499999999999,55.01499999999999,55.98,-356.9368083333334,148.38610833333334,652.3452083333333,1084.2041666666667,,50.000625,-431.875,-74.3375,35.78333333333334,0.8166666666666668
2021-01-10 00:00:00+00:00,42.09666666666667,42.09666666666667,42.09666666666667,43.01083333333333,-720.8538166666667,274.928475,602.4495833333334,1064.8,,50.000590277777775,-462.3958333333333,259.34166666666664,97.4875,0.2833333333333333
2021-01-11 00:00:00+00:00,48.75208333333333,41.98416666666667,48.75208333333333,48.75208333333333,-803.8586875,103.12152916666666,670.290625,1163.9833333333333,,50.00131944444444,-493.7083333333333,310.9875,112.80416666666667,0.325
2021-01-12 00:00:00+00:00,45.614583333333336,44.38375,45.614583333333336,46.099583333333335,-849.1996541666667,235.8888916666667,835.3579166666667,1152.0625,,50.001597222222216,-316.7583333333333,533.4416666666667,189.45000000000002,0.2708333333333333
2021-01-13 00:00:00+00:00,53.30833333333334,51.54125,53.30833333333334,53.30833333333334,-793.4295166666667,229.08334166666668,696.5360416666667,1190.5666666666666,,49.99760416666666,-494.0708333333334,300.275,93.0625,0.2625
2021-01-14 00:00:00+00:00,77.57375,77.57375,77.24624999999999,77.24624999999999,274.1195666666667,-156.84037083333334,1064.1200000000001,1260.2124999999999,,50.00104529616724,-196.07916666666665,-470.5,86.35416666666667,0.4291666666666667
2021-01-15 00:00:00+00:00,78.31458333333333,78.31458333333333,78.31458333333333,78.31458333333333,290.0517375,-161.71840416666666,1089.486875,1319.2916666666667,,49.999340277777776,-229.83333333333334,-520.0791666666667,82.96249999999999,0.9416666666666668
2021-01-16 00:00:00+00:00,62.19875,62.19833333333333,62.19875,62.19875,-119.20415833333334,-19.668400000000002,782.5289583333333,1218.7166666666667,,50.00152777777778,-436.2375,-316.81666666666666,29.891666666666666,0.5041666666666667
2021-01-17 00:00:00+00:00,53.94625,52.88958333333333,53.94625,53.94625,-762.0781291666667,246.98124583333333,724.5577083333333,1181.7208333333333,,50.00090277777778,-457.1541666666667,305.83750000000003,24.808333333333334,0.3458333333333334
2021-01-18 00:00:00+00:00,61.64208333333334,61.64208333333334,61.64208333333334,61.64208333333334,-533.30695,71.83124166666667,736.566875,1250.4083333333333,,49.997395833333336,-513.8125,20.174999999999997,37.704166666666666,0.19999999999999998
2021-01-19 00:00:00+00:00,59.45666666666667,59.45666666666667,59.45666666666667,59.45666666666667,-488.51701249999996,11.854170833333333,694.27375,1241.6833333333332,,49.99847222222222,-547.4499999999999,-58.154166666666676,81.83333333333333,0.19583333333333333
2021-01-20 00:00:00+00:00,55.66708333333333,54.82208333333333,55.66708333333333,55.66708333333333,-815.4586708333333,197.72950416666666,753.1289583333333,1280.8083333333334,,49.99899305555555,-527.6625,288.7083333333333,139.02916666666667,0.4166666666666667
2021-01-21 00:00:00+00:00,50.17958333333333,37.584583333333335,50.17958333333333,50.17958333333333,-855.6017291666667,199.9159625,624.634375,1254.3208333333334,,50.00107638888889,-629.6916666666667,226.77916666666667,108.49166666666667,0.3
2021-01-22 00:00:00+00:00,46.343333333333334,30.30125,46.343333333333334,46.343333333333334,-752.2743041666666,239.40902916666667,697.1877083333334,1147.7416666666666,,50.00086805555556,-450.5541666666666,302.65833333333336,172.8125,1.2750000000000001
2021-01-23 00:00:00+00:00,44.08166666666667,38.719166666666666,44.08166666666667,44.08166666666667,-815.17395,423.8510416666666,625.4133333333333,1026.7083333333333,,50.00322916666667,-401.2791666666667,414.97499999999997,135.52916666666667,3.6125000000000003
2021-01-24 00:00:00+00:00,48.14458333333334,48.14458333333334,48.14458333333334,48.518750000000004,-398.27950833333335,185.56528749999998,622.5014583333333,1003.5500000000001,,49.99916666666667,-381.08750000000003,17.929166666666664,68.70416666666667,1.3291666666666666
2021-01-25 00:00:00+00:00,60.13333333333333,60.13333333333333,60.13333333333333,60.13333333333333,-445.89792083333333,115.84063333333334,782.7216666666667,1111.2625,,49.998402777777784,-328.65,118.14999999999999,108.97500000000001,1.375
2021-01-26 00:00:00+00:00,60.55125,60.55125,60.55125,60.55125,-229.61284166666667,-16.90555416666667,759.4033333333333,1154.975,,50.00090277777778,-395.5708333333334,-165.54583333333332,53.56666666666666,0.8708333333333332
2021-01-27 00:00:00+00:00,57.96958333333333,57.96958333333333,57.96958333333333,57.96958333333333,-403.8583416666666,64.75417499999999,706.3702083333333,1139.7625,,50.00118055555556,-433.37083333333334,-28.683333333333334,38.25833333333333,0.9875000000000002
2021-01-28 00:00:00+00:00,58.697916666666664,58.697916666666664,58.697916666666664,58.697916666666664,-301.646525,-25.2257,705.9295833333334,1177.0958333333333,,49.999027777777776,-471.12916666666666,-168.90833333333333,14.554166666666667,0.9499999999999998
2021-01-29 00:00:00+00:00,55.535,55.535,55.535,55.535,-432.9364666666667,-0.8177041666666677,758.5714583333333,1177.0666666666666,,49.99989583333333,-418.5208333333333,15.066666666666668,81.39583333333333,0.3833333333333333
2021-01-30 00:00:00+00:00,48.86166666666667,48.86166666666667,48.86166666666667,48.88166666666667,-411.42951666666664,211.20901666666668,722.9327083333333,1075.9208333333333,,50.0003125,-352.97499999999997,59.13333333333333,81.59166666666667,0.22916666666666666
2021-01-31 00:00:00+00:00,48.33083333333334,48.33083333333334,48.33083333333334,48.33083333333334,-270.0229166666667,101.03402083333333,695.6572916666668,1061.6125,,49.99909722222222,-365.99583333333334,-95.46249999999999,53.512499999999996,0.23750000000000002
2021-02-01 00:00:00+00:00,87.08375,87.08375,87.08375,87.08375,51.011112499999996,63.02881250000001,1064.5647916666667,1186.1791666666666,,50.00121527777778,-121.59166666666665,-172.57916666666665,82.25416666666666,0.5083333333333333
2021-02-02 00:00:00+00:00,67.8525,67.8525,67.8525,67.8525,53.03855000000001,169.99549166666665,1083.4058333333335,1191.6000000000001,,50.001666666666665,-108.18333333333334,-161.32916666666668,85.19166666666666,0.23750000000000002
2021-02-03 00:00:00+00:00,54.8125,54.8125,54.8125,54.8125,-505.36875833333335,194.31215,691.1464583333333,1241.5458333333333,,50.00086805555556,-550.3625000000001,-44.25833333333333,43.23333333333333,0.30416666666666664
2021-02-04 00:00:00+00:00,60.63583333333333,60.63583333333333,60.63583333333333,60.63583333333333,-333.99306666666666,105.6840375,696.2845833333334,1272.7749999999999,,49.99774305555556,-576.5208333333334,-241.95833333333334,55.69583333333333,0.7708333333333334
2021-02-05 00:00:00+00:00,79.17708333333333,79.17708333333333,79.17708333333333,79.17708333333333,-182.91805,165.80625,1009.7714583333333,1301.0791666666667,,50.00079861111111,-291.29583333333335,-108.1125,91.12916666666666,0.7791666666666667
2021-02-06 00:00:00+00:00,45.56916666666667,45.56916666666667,45.56916666666667,49.38583333333333,-606.4979166666667,296.94721666666663,692.1595833333334,1210.7083333333333,,49.99798611111111,-518.5833333333334,88.675,77.76666666666667,0.9041666666666667
2021-02-07 00:00:00+00:00,40.65833333333333,40.65833333333333,40.65833333333333,40.65833333333333,-584.1416625,313.0197875,613.9452083333333,1176.4666666666667,,50.00159722222222,-562.5083333333333,22.44583333333333,39.729166666666664,0.7041666666666666
2021-02-08 00:00:00+00:00,59.40875,59.40875,59.40875,59.40875,-414.1145833333333,11.867025,669.4672916666667,1288.6041666666667,,49.99989583333333,-619.1125000000001,-204.4125,25.916666666666668,0.7916666666666666
2021-02-09 00:00:00+00:00,71.94291666666668,71.94333333333334,71.94291666666668,71.94291666666668,-61.53923333333332,-31.605216666666667,1090.50125,1327.0958333333333,,49.999409722222225,-236.6625,-175.01250000000002,101.8,0.9041666666666667
2021-02-10 00:00:00+00:00,73.76333333333334,73.76333333333334,73.76333333333334,73.76333333333334,-67.1125,30.376391666666667,1092.7122916666667,1359.0041666666666,,49.99774305555556,-266.3,-199.0625,67.0625,1.0458333333333334
2021-02-11 00:00:00+00:00,99.52375,99.52375,99.52375,99.52375,171.352425,-28.021533333333334,1187.24875,1347.8458333333333,,49.999409722222225,-160.59583333333333,-332.09166666666664,57.35833333333333,1.5125
2021-02-12 00:00:00+00:00,82.3575,82.3575,82.3575,82.3575,-285.5187583333333,178.68297916666666,1052.5710416666668,1332.9666666666667,,50.000659722222224,-280.41249999999997,5.591666666666669,16.558333333333334,1.5541666666666665
2021-02-13 00:00:00+00:00,53.39875,53.11833333333333,53.39875,53.39875,-696.7187625,234.4958333333333,615.66375,1152.7833333333333,,50.00024305555556,-537.1374999999999,160.4875,64.08333333333333,0.5916666666666667
2021-02-14 00:00:00+00:00,46.22708333333333,46.22708333333333,46.22708333333333,46.22708333333333,-552.4729208333333,325.59549166666665,592.9383333333334,1105.5416666666667,,50.00079861111111,-512.6083333333333,40.737500000000004,62.12083333333334,2.158333333333333
2021-02-15 00:00:00+00:00,69.36625,68.24041666666666,69.36625,69.36625,-709.2454791666668,119.56250416666666,721.4925,1252.5,,50.00145833333333,-531.0458333333333,179.11249999999998,63.958333333333336,4.079166666666667
2021-02-16 00:00:00+00:00,65.63041666666668,63.80666666666667,65.63041666666668,65.63041666666668,-754.5708333333333,52.062845833333334,694.1247916666666,1242.1666666666667,,50.00048611111111,-548.0416666666666,207.47916666666666,120.54166666666667,0.9333333333333332
2021-02-17 00:00:00+00:00,79.69666666666667,79.69708333333334,79.69666666666667,79.69666666666667,-15.877087500000009,-145.09826666666666,1088.233125,1301.3083333333334,,49.99897212543554,-213.08333333333334,-196.82083333333333,45.824999999999996,3.1041666666666665
2021-02-18 00:00:00+00:00,68.10833333333333,68.10791666666667,68.10375,68.10375,-268.9888875,-165.59166666666667,918.3625000000001,1357.0166666666667,,50.00114583333333,-438.64166666666665,-169.33333333333334,45.67916666666667,5.9125000000000005
2021-02-19 00:00:00+00:00,63.022083333333335,60.64875,63.022083333333335,63.022083333333335,-609.5812458333334,-28.92674166666667,699.0347916666666,1295.6625000000001,,49.99930555555555,-596.6750000000001,13.674999999999997,55.89166666666666,5.8
2021-02-20 00:00:00+00:00,54.392500000000005,47.17166666666666,54.392500000000005,54.392500000000005,-922.5458291666667,279.5493041666667,689.1645833333333,1141.1916666666666,,49.99916666666667,-452.02500000000003,471.425,74.19166666666666,1.0291666666666666
2021-02-21 00:00:00+00:00,39.33875,35.40083333333333,39.33875,39.33875,-730.7197916666668,196.56875416666665,587.8045833333333,1038.7916666666667,,49.997083333333336,-451.0125,280.72083333333336,78.1875,3.3041666666666667
2021-02-22 00:00:00+00:00,55.87708333333333,46.0625,55.87708333333333,55.87708333333333,-829.2291624999999,177.14721250000002,675.4754166666667,1173.9291666666666,,50.00145833333333,-498.47499999999997,331.73333333333335,50.01666666666667,4.266666666666667
2021-02-23 00:00:00+00:00,49.64458333333334,41.20083333333333,49.64458333333334,49.64458333333334,-938.9111125,345.5201375,714.5491666666667,1170.3583333333333,,50.00239583333334,-455.82916666666665,484.0125,101.40416666666665,1.7416666666666665
2021-02-24 00:00:00+00:00,41.12791666666667,37.23041666666666,41.12791666666667,41.12791666666667,-808.2631958333333,327.77777083333336,705.8937500000001,1023.0749999999999,,49.99760416666666,-317.18333333333334,492.125,116.59583333333335,4.195833333333334
2021-02-25 00:00:00+00:00,40.705,33.31791666666667,40.705,40.705,-851.1128541666667,305.8604208333333,713.2981249999999,1071.6625000000001,,49.99947916666667,-358.3,493.9291666666666,169.19583333333333,5.8875
2021-02-26 00:00:00+00:00,36.82458333333333,34.59041666666666,36.82458333333333,36.82458333333333,-759.9152875,274.65937916666667,609.7185416666666,1047.6791666666666,,50.00013888888889,-437.94166666666666,322.9375,173.775,10.833333333333334
2021-02-27 00:00:00+00:00,38.532916666666665,32.49666666666666,38.532916666666665,38.532916666666665,-904.0395749999999,407.60971666666666,583.655625,956.0,,50.00013888888889,-372.3458333333333,532.7458333333333,137.51250000000002,20.98333333333333
2021-02-28 00:00:00+00:00,30.679999999999996,28.584166666666665,30.679999999999996,31.250833333333333,-957.4479208333333,374.3927083333333,475.8566666666666,913.0833333333334,,49.9978125,-437.2375,521.3291666666667,113.72916666666667,30.95
2021-03-01 00:00:00+00:00,44.805416666666666,34.49333333333333,44.805416666666666,44.805416666666666,-993.6465291666667,319.88298749999996,518.0191666666667,1046.9125000000001,,50.000277777777775,-528.8916666666667,465.8875,134.77083333333334,23.2375
2021-03-02 00:00:00+00:00,53.0625,40.659166666666664,53.0625,53.373333333333335,-986.6819416666667,260.85070833333333,455.9275,1010.4291666666667,,50.00131944444444,-554.5416666666666,433.31666666666666,181.4125,41.6125
2021-03-03 00:00:00+00:00,57.7475,41.03875,57.7475,57.91208333333333,-1000.4784708333333,287.7621541666667,515.4208333333333,1053.8916666666667,,49.99961805555555,-538.5,463.1375,135.12083333333334,22.254166666666666
2021-03-04 00:00:00+00:00,52.37041666666667,45.70458333333334,52.37041666666667,56.252916666666664,-919.7611125,211.9784791666667,496.9864583333333,1057.6000000000001,,49.999027777777776,-560.5875,360.19166666666666,123.2,34.0
2021-03-05 00:00:00+00:00,56.359166666666674,52.931666666666665,56.359166666666674,58.81333333333333,-915.5093708333334,212.95555,446.2,1117.0041666666666,,49.99881944444444,-670.8375,245.69583333333333,53.612500000000004,29.441666666666666
2021-03-06 00:00:00+00:00,30.043333333333333,21.7975,30.043333333333333,33.41625,-969.4309041666667,383.8899333333334,367.57,1012.8208333333333,,49.999340277777776,-645.2583333333333,325.21666666666664,202.72916666666666,12.0875
2021-03-07 00:00:00+00:00,32.940000000000005,27.374166666666667,32.940000000000005,35.17791666666667,-853.9065958333334,309.6076375,376.47937499999995,1019.3666666666667,,50.00222222222222,-642.875,211.99166666666667,199.77083333333334,6.079166666666667
2021-03-08 00:00:00+00:00,56.326249999999995,56.326249999999995,56.326249999999995,61.367916666666666,-541.5263958333334,43.96875416666666,479.79354166666667,1181.8875,,49.999375,-702.0458333333332,-159.76250000000002,64.325,10.633333333333335
2021-03-09 00:00:00+00:00,55.19958333333333,54.92458333333334,55.19958333333333,61.47875,-640.3586875,71.03887916666666,647.0272916666667,1206.4958333333334,,49.99715277777778,-559.4625,81.575,94.41666666666667,7.704166666666667
2021-03-10 00:00:00+00:00,62.80583333333333,62.80583333333333,62.80583333333333,64.49958333333333,-325.95312916666666,-37.723958333333336,736.2405958333334,1244.7124999999999,,50.00177083333333,-508.43333333333334,-182.02916666666667,145.17499999999998,16.591666666666665
2021-03-11 00:00:00+00:00,35.075833333333335,34.9825,35.075833333333335,35.075833333333335,-620.5687541666667,71.00833333333334,509.60604166666667,1176.9041666666667,,50.00131944444444,-667.2833333333333,-45.93333333333334,169.83333333333334,19.045833333333334
2021-03-12 00:00:00+00:00,36.29291666666666,35.91041666666667,36.29291666666666,36.63291666666667,-487.3017291666667,76.31701666666667,502.58888333333334,1146.1125,,49.99850694444444,-643.5500000000001,-155.47083333333333,156.45000000000002,9.091666666666667
2021-03-13 00:00:00+00:00,29.85625,29.85625,29.85625,29.85625,-361.59618333333333,115.45833333333333,307.55005,987.625,,50.0,-680.0916666666667,-317.8041666666667,107.66666666666667,12.2875
2021-03-14 00:00:00+00:00,32.15375,32.08,32.15375,33.098333333333336,-498.56910833333336,152.12014166666668,251.106075,982.1833333333334,,50.00118055555556,-731.0124999999999,-231.6875,53.48333333333333,7.204166666666667
2021-03-15 00:00:00+00:00,53.66625,52.99375,53.66625,56.165416666666665,-824.7031291666667,150.241325,406.7489625,1075.7666666666667,,50.00190972222222,-668.9875000000001,156.775,59.14166666666667,23.474999999999998
2021-03-16 00:00:00+00:00,55.16958333333333,53.23,55.16958333333333,59.343333333333334,-877.514925,145.7048625,408.43326666666667,1081.4958333333334,,50.00118055555556,-673.1166666666667,205.57916666666665,11.333333333333334,21.17083333333333
2021-03-17 00:00:00+00:00,50.83208333333334,50.08291666666667,50.83208333333334,57.34458333333333,-877.2760416666666,129.98784583333335,412.5058291666667,1086.05,,49.999409722222225,-673.5583333333333,204.7458333333333,28.979166666666668,13.025
2021-03-18 00:00:00+00:00,55.19958333333333,49.018750000000004,55.19958333333333,64.085,-902.7100624999999,218.202775,527.6925875000001,1102.1291666666666,,49.998437499999994,-574.5,329.3125,60.5875,19.258333333333333
2021-03-19 00:00:00+00:00,50.824999999999996,50.824999999999996,50.824999999999996,58.490833333333335,-595.4892291666666,108.89374583333334,604.5643625,1134.6166666666666,,49.998437499999994,-530.0875,66.22916666666667,74.54166666666667,28.204166666666666
2021-03-20 00:00:00+00:00,22.6925,22.6925,22.6925,41.42583333333334,-695.8454791666667,298.17985,420.57823333333334,1026.5958333333333,,50.00326388888889,-606.0375,90.71250000000002,158.64166666666668,20.775000000000002
2021-03-21 00:00:00+00:00,18.67833333333333,18.67833333333333,18.67833333333333,28.782083333333333,-553.6552,257.0888958333333,439.751475,926.3625000000001,,49.997638888888886,-486.625,67.8625,187.52916666666667,29.041666666666668
2021-03-22 00:00:00+00:00,48.3775,48.17124999999999,48.3775,53.19583333333333,-794.4104208333333,273.7607625,557.5263291666666,1056.6458333333333,,49.99743055555555,-499.1375,296.2916666666667,84.00416666666666,53.65
2021-03-23 00:00:00+00:00,45.61208333333334,35.82958333333333,45.61208333333334,56.77458333333333,-876.4895791666667,310.9656375,565.3598708333333,1065.0249999999999,,50.00194444444444,-499.61249999999995,377.8416666666667,72.54583333333333,35.9
2021-03-24 00:00:00+00:00,38.964166666666664,29.918333333333333,38.964166666666664,51.26416666666666,-862.0715291666667,364.6003625,552.3164458333333,1011.2708333333334,,50.002118055555556,-458.9916666666666,404.2083333333333,198.82916666666665,36.87083333333333
2021-03-25 00:00:00+00:00,46.23833333333334,43.517500000000005,46.23833333333334,56.494166666666665,-788.9541708333333,295.0249958333333,577.9832708333333,1050.4750000000001,,50.00013888888889,-472.46250000000003,317.50416666666666,94.21249999999999,23.099999999999998
2021-03-26 00:00:00+00:00,47.447916666666664,38.99791666666667,47.447916666666664,54.70708333333334,-878.5045166666667,216.43159166666666,412.55705416666666,1031.7958333333333,,49.99923611111112,-619.2083333333334,260.3,44.550000000000004,32.25833333333333
2021-03-27 00:00:00+00:00,18.526666666666667,18.526666666666667,18.526666666666667,22.46875,-640.221175,192.63958333333335,262.4894208333333,914.3083333333333,,50.00010416666667,-651.8375,-10.750000000000007,100.66250000000001,30.445833333333336
2021-03-28 00:00:00+00:00,19.459166666666665,19.459166666666665,19.459166666666665,21.31625,-305.58368333333334,79.92222083333333,315.63061666666664,866.6291666666666,,50.00020833333333,-550.9916666666667,-244.83333333333334,152.0875,29.316666666666666
2021-03-29 00:00:00+00:00,44.26291666666666,23.02541666666667,44.26291666666666,44.26291666666666,-886.172575,176.19270833333334,381.70224583333334,1003.2333333333335,,49.999340277777776,-621.5583333333333,265.73333333333335,230.55416666666667,15.987499999999999
2021-03-30 00:00:00+00:00,45.93208333333333,27.452083333333334,45.93208333333333,45.93208333333333,-990.8468750000001,135.55868333333333,265.932475,1031.425,,50.00017361111111,-765.525,226.51250000000002,111.8125,9.766666666666667
2021-03-31 00:00:00+00:00,51.85541666666666,34.58541666666667,51.85541666666666,53.90416666666667,-969.05215,203.5727125,463.2715,1022.4125,,49.99947552447553,-559.1166666666667,411.05,68.25833333333334,16.666666666666668
2021-04-01 00:00:00+00:00,44.07208333333333,35.12833333333334,44.07208333333333,46.09125,-925.9392416666666,259.7559,458.27852916666666,950.9083333333333,,50.000659722222224,-492.6125,434.39166666666665,89.29583333333333,61.85
2021-04-02 00:00:00+00:00,37.23416666666667,30.19541666666667,37.23416666666667,39.05166666666667,-918.5621458333334,206.47742916666667,284.31934583333333,899.3416666666667,,49.9996875,-615.0124999999999,304.575,53.416666666666664,31.195833333333336
2021-04-03 00:00:00+00:00,27.656666666666666,20.2625,27.656666666666666,30.72791666666667,-884.3625041666668,199.89341249999998,298.5190166666667,895.4375,,50.00090277777778,-596.9375,288.40416666666664,69.83749999999999,26.5
2021-04-04 00:00:00+00:00,9.2675,9.2675,9.2675,9.865,-747.9218791666667,173.44096666666667,379.57784999999996,852.3791666666666,,49.999583333333334,-472.82916666666665,276.05833333333334,179.80416666666667,39.550000000000004
2021-04-05 00:00:00+00:00,8.312083333333334,8.312083333333334,8.312083333333334,8.312083333333334,-381.40243333333336,-99.88680416666666,341.4019333333333,1017.8333333333334,,50.00138888888889,-676.4041666666667,-294.3875,202.46666666666667,12.3125
2021-04-06 00:00:00+00:00,34.861666666666665,32.6725,34.861666666666665,34.861666666666665,-714.5041625,121.76665416666667,394.49274583333334,1015.1958333333333,,50.001979166666665,-620.6750000000001,94.73333333333333,223.97083333333333,34.7625
2021-04-07 00:00:00+00:00,48.4725,48.4725,48.4725,48.4725,-570.1972166666667,134.527425,504.8036541666667,993.6791666666667,,50.00079861111111,-488.92083333333335,82.13333333333334,92.575,46.625
2021-04-08 00:00:00+00:00,49.031666666666666,47.21208333333333,49.031666666666666,49.031666666666666,-725.7670166666667,111.58403750000001,495.8406291666667,1000.1458333333334,,49.998263888888886,-504.24583333333334,222.36666666666667,85.5125,55.6625
2021-04-09 00:00:00+00:00,20.178333333333335,20.178333333333335,20.178333333333335,20.178333333333335,-691.7423583333333,70.79375416666666,365.2002333333333,1012.125,,50.00017361111111,-646.9333333333333,45.75833333333333,243.33333333333334,14.625
2021-04-10 00:00:00+00:00,40.06458333333333,20.181250000000002,40.06458333333333,44.927083333333336,-983.3381958333333,286.1187458333333,416.18783333333334,887.9499999999999,,50.00138888888889,-471.7375,512.6875,210.1,44.550000000000004
2021-04-11 00:00:00+00:00,37.52333333333333,26.000416666666666,37.52333333333333,37.52333333333333,-951.7024333333334,280.50382916666666,316.41689583333334,848.2416666666667,,50.00118055555556,-531.8208333333333,420.9291666666666,76.16666666666667,60.21666666666667
2021-04-12 00:00:00+00:00,41.64791666666667,40.85666666666667,41.64791666666667,42.21541666666666,-670.6763875,296.3076375,453.8407666666667,909.3166666666666,,49.998645833333335,-455.4916666666666,216.16666666666666,147.1625,39.112500000000004
2021-04-13 00:00:00+00:00,50.97625,49.90875,50.97625,54.20333333333334,-851.7250083333333,337.0381875,507.0813458333333,1000.1166666666667,,49.999861111111116,-493.05833333333334,359.8875,23.724999999999998,18.679166666666667
2021-04-14 00:00:00+00:00,56.94625,56.88458333333333,56.94625,63.48291666666666,-692.6083333333332,338.9656166666667,612.74635,966.3666666666667,,50.000729166666666,-353.6125,339.84583333333336,43.99583333333334,55.23333333333333
2021-04-15 00:00:00+00:00,53.87583333333333,53.87583333333333,53.87583333333333,53.98875,-384.47430833333334,249.6888875,646.7816833333333,931.6916666666666,,50.00017361111111,-284.9125,100.05416666666666,125.55833333333334,70.73333333333333
2021-04-16 00:00:00+00:00,49.33208333333334,48.065,49.33208333333334,50.874583333333334,-524.5659708333334,284.7145791666667,632.029125,912.0333333333333,,49.999722222222225,-280.0083333333333,245.17916666666667,204.34166666666667,61.145833333333336
2021-04-17 00:00:00+00:00,43.645833333333336,26.145833333333332,43.645833333333336,43.645833333333336,-989.347225,353.7739625,412.84618333333333,797.5124999999999,,49.99993055555555,-384.70416666666665,605.5333333333333,155.73749999999998,70.14166666666667
2021-04-18 00:00:00+00:00,47.54083333333333,24.854166666666668,47.54083333333333,47.54083333333333,-995.7197875,384.340625,436.243675,786.6333333333333,,50.00052083333333,-350.39166666666665,646.1875,130.80416666666667,81.15416666666667
2021-04-19 00:00:00+00:00,54.44375,48.257083333333334,54.44375,54.53666666666667,-930.7402666666667,398.42465,607.6804958333333,917.1291666666666,,50.000347222222224,-309.5208333333333,622.1625,89.94166666666666,79.28750000000001
2021-04-20 00:00:00+00:00,65.79875,47.44708333333333,65.79875,65.79875,-997.8929208333334,487.567775,634.143725,898.5500000000001,,49.99774305555556,-264.3958333333333,734.3416666666667,58.4,73.42083333333333
2021-04-21 00:00:00+00:00,50.71666666666667,29.969583333333333,50.71666666666667,50.71666666666667,-977.0159749999999,316.73124583333333,559.793875,930.2666666666668,,49.99947916666667,-370.45416666666665,607.3874999999999,28.683333333333334,60.395833333333336
2021-04-22 00:00:00+00:00,37.415416666666665,33.21875,37.415416666666665,37.415416666666665,-786.7559,145.30659583333332,397.2067333333334,911.4499999999999,,49.99947916666667,-514.2333333333333,273.32916666666665,65.82083333333334,58.12083333333334
2021-04-23 00:00:00+00:00,40.96541666666667,25.037499999999998,40.96541666666667,40.96541666666667,-988.7586833333334,241.3534791666667,425.9362208333334,939.375,,50.001354166666665,-513.4416666666667,476.1166666666666,101.24166666666667,30.620833333333334
2021-04-24 00:00:00+00:00,33.955416666666665,18.004583333333333,33.955416666666665,33.955416666666665,-992.1763833333333,284.07882083333334,428.87634166666663,833.5208333333334,,50.00038194444445,-404.68333333333334,588.3375,126.9375,37.204166666666666
2021-04-25 00:00:00+00:00,22.43875,16.819166666666668,22.43875,26.13625,-963.2392333333333,267.7944458333333,396.7038416666667,850.5500000000001,,50.00052083333333,-453.87916666666666,510.2083333333333,78.66666666666667,27.645833333333332
2021-04-26 00:00:00+00:00,60.21333333333333,58.942083333333336,60.21333333333333,60.399166666666666,-865.8427,235.40972083333335,594.0396541666667,996.1166666666667,,49.9990625,-402.0333333333333,464.5083333333334,28.59583333333333,23.950000000000003
2021-04-27 00:00:00+00:00,64.80041666666666,61.07916666666667,64.80041666666666,65.03458333333333,-888.8631875,339.41979583333335,749.2513416666667,993.2958333333332,,50.002048611111114,-244.025,645.6166666666667,30.125,20.008333333333333
2021-04-28 00:00:00+00:00,64.7225,60.59125,64.7225,64.94416666666667,-927.9350791666666,373.15624583333334,766.3853916666667,969.5166666666668,,50.001805555555556,-203.14166666666665,725.6166666666667,29.729166666666668,59.112500000000004
2021-04-29 00:00:00+00:00,57.647083333333335,54.97666666666667,57.647083333333335,57.647083333333335,-869.8385333333334,348.5732625,774.9204291666666,950.4625,,49.99701388888889,-175.5625,695.0916666666667,27.425,71.13333333333334
2021-04-30 00:00:00+00:00,56.923750000000005,52.18833333333333,56.923750000000005,61.767500000000005,-889.1354166666666,396.23715833333335,796.1621666666666,917.3166666666666,,49.99760416666666,-121.18333333333334,768.7166666666667,79.925,66.45
2021-05-01 00:00:00+00:00,49.826249999999995,46.74125,49.826249999999995,51.71625,-956.8138916666667,390.5899416666667,667.9998583333333,812.9208333333332,,50.00048611111111,-144.90833333333333,812.6958333333333,52.67916666666667,61.00416666666666
2021-05-02 00:00:00+00:00,46.16041666666666,46.15,46.16041666666666,47.55708333333334,-440.15555,153.8336875,410.4716375,760.0375,,50.000416666666666,-349.5708333333334,91.10833333333333,61.38333333333333,82.71666666666667
2021-05-03 00:00:00+00:00,59.95916666666667,59.95916666666667,59.95916666666667,59.95916666666667,-303.76285,175.14236666666667,587.0858875,955.2375000000001,,49.999583333333334,-368.1333333333334,-64.05,166.32916666666668,17.0125
2021-05-04 00:00:00+00:00,60.69291666666666,60.69291666666666,60.69291666666666,60.69291666666666,-483.62118749999996,162.92362083333333,550.7921291666667,928.5375,,49.99913194444444,-382.6375,101.60416666666667,63.324999999999996,69.26666666666667
2021-05-05 00:00:00+00:00,49.92208333333334,46.850833333333334,49.92208333333334,49.92208333333334,-765.8920125,186.04930416666664,286.08287083333335,983.8083333333334,,50.001597222222216,-710.5875,56.14166666666667,84.26666666666667,25.566666666666666
2021-05-06 00:00:00+00:00,62.65291666666667,62.65291666666667,62.65291666666667,62.65291666666667,-514.6541583333334,168.73992916666666,591.1337875,965.2791666666667,,49.99916666666667,-386.21250000000003,129.12916666666666,26.583333333333332,33.67916666666667
2021-05-07 00:00:00+00:00,64.98666666666666,64.98666666666666,64.98666666666666,65.81583333333333,-393.0656208333333,200.48367916666666,778.1047874999999,964.5708333333333,,49.998020833333335,-198.54999999999998,194.97916666666666,24.191666666666666,32.5375
2021-05-08 00:00:00+00:00,45.45666666666667,45.45666666666667,45.45666666666667,45.45666666666667,-326.8795125,208.58785,588.8097750000001,870.8041666666667,,50.000729166666666,-304.6125,22.741666666666664,96.6375,51.53333333333333
2021-05-09 00:00:00+00:00,25.704166666666666,25.704166666666666,25.704166666666666,25.704166666666666,-54.56597083333333,56.65764583333333,535.0912458333333,769.1208333333334,,50.00128472222222,-260.59999999999997,-205.9375,92.46666666666665,87.06666666666666
2021-05-10 00:00:00+00:00,42.65125,42.65125,42.65125,42.65125,-254.04896250000002,55.63923333333333,612.3819791666666,848.3291666666668,,50.0,-262.95,-8.441666666666668,182.58333333333334,72.37916666666666
2021-05-11 00:00:00+00:00,41.92958333333333,41.54541666666667,41.92958333333333,41.92958333333333,-492.7725708333333,147.95624999999998,605.1624041666666,833.3958333333334,,50.00114583333333,-255.3708333333333,238.04583333333335,152.72916666666666,92.92083333333333
2021-05-12 00:00:00+00:00,48.56,46.56916666666667,48.56,48.56,-680.2829958333333,175.75693750000002,418.336225,841.75,,49.997951388888886,-440.26666666666665,240.82500000000002,94.38333333333333,92.93333333333334
2021-05-13 00:00:00+00:00,38.607083333333335,35.392500000000005,38.607083333333335,38.607083333333335,-826.1441,201.88751249999999,396.18482083333333,872.6708333333332,,50.00201388888889,-495.25,331.84999999999997,46.32916666666667,79.89999999999999
2021-05-14 00:00:00+00:00,53.93125,38.32375,53.93125,53.93125,-884.5517458333334,255.6434,373.9443125,881.3166666666666,,49.99861111111111,-521.4291666666667,364.0208333333333,44.791666666666664,46.19166666666666
2021-05-15 00:00:00+00:00,22.475416666666664,21.601249999999997,22.475416666666664,22.475416666666664,-833.4333416666667,283.15278333333333,348.5217125,774.3041666666667,,50.00006944444445,-439.125,395.3125,23.0,58.42083333333333
2021-05-16 00:00:00+00:00,30.89333333333333,29.88,30.89333333333333,30.89333333333333,-602.1704833333333,153.09652916666667,371.80151666666666,736.0124999999999,,49.99979166666667,-381.06666666666666,221.86249999999998,39.737500000000004,82.98333333333333
2021-05-17 00:00:00+00:00,62.03708333333333,59.617916666666666,62.03708333333333,62.03708333333333,-632.6972166666667,203.28195000000002,463.58610833333336,877.2708333333334,,50.00125,-427.07916666666665,206.4958333333333,52.625,40.891666666666666
2021-05-18 00:00:00+00:00,63.81,63.34708333333333,63.81,63.81,-549.9423666666667,205.33124999999998,564.8042791666667,913.3583333333332,,50.00302083333334,-357.5916666666667,193.05416666666667,29.245833333333334,25.616666666666664
2021-05-19 00:00:00+00:00,61.44833333333333,56.69208333333333,61.44833333333333,61.44833333333333,-796.6338041666667,396.99380833333333,628.0493708333333,894.7541666666666,,50.001742160278745,-282.20416666666665,515.4125,133.94166666666666,25.795833333333334
2021-05-20 00:00:00+00:00,47.1625,46.51916666666667,47.1625,47.1625,-641.9242958333333,172.559725,470.9327666666666,920.7666666666668,,49.99909722222222,-468.00416666666666,174.725,92.3625,28.8625
2021-05-21 00:00:00+00:00,34.360416666666666,34.360416666666666,34.360416666666666,34.360416666666666,-535.5215291666667,86.19374583333332,457.3620416666667,893.6625,,50.000416666666666,-455.8208333333334,80.4375,110.08333333333333,47.51666666666667
2021-05-22 00:00:00+00:00,36.10708333333333,35.39333333333333,36.10708333333333,36.10708333333333,-747.9989625,121.95345833333333,258.2519875,823.9250000000001,,49.99666666666667,-585.0583333333333,163.83333333333334,42.699999999999996,73.07916666666667
2021-05-23 00:00:00+00:00,23.671666666666667,22.173333333333332,23.671666666666667,23.671666666666667,-784.7149333333333,164.48020416666665,228.88407083333334,834.5375,,50.000451388888884,-620.4416666666667,165.12083333333334,46.53333333333333,39.025
2021-05-24 00:00:00+00:00,56.419999999999995,56.40875,56.419999999999995,56.419999999999995,-503.3701458333333,56.23993333333333,454.6051333333333,932.0749999999999,,49.999548611111116,-496.8833333333334,7.212500000000001,47.0375,54.208333333333336
2021-05-25 00:00:00+00:00,58.99916666666667,55.61166666666667,58.99916666666667,61.888749999999995,-596.7701375,214.1635375,475.2517666666667,869.5,,49.99975694444444,-411.1958333333334,186.30416666666667,58.69166666666666,60.88333333333333
2021-05-26 00:00:00+00:00,55.305416666666666,46.64958333333333,55.305416666666666,65.41,-917.6635375,342.1631875,533.065325,934.6791666666667,,49.99961805555555,-417.12916666666666,501.5125,192.44583333333333,14.85
2021-05-27 00:00:00+00:00,65.10333333333334,55.52166666666667,65.10333333333334,70.54166666666667,-835.4836833333334,195.34931666666668,464.1358125,937.2958333333332,,50.0053125,-488.3541666666667,348.10833333333335,55.762499999999996,33.74583333333333
2021-05-28 00:00:00+00:00,62.81666666666666,54.57958333333334,62.81666666666666,71.99458333333334,-873.928475,274.60971666666666,475.5548208333334,919.5124999999999,,50.0,-460.69166666666666,414.2208333333333,24.462500000000002,67.73333333333333
2021-05-29 00:00:00+00:00,42.26708333333333,42.26708333333333,42.26708333333333,53.029583333333335,-611.9281333333333,299.9020791666667,540.0204333333334,796.5208333333334,,49.99822916666667,-278.64166666666665,334.09583333333336,50.32083333333333,86.39583333333333
2021-05-30 00:00:00+00:00,27.718333333333334,27.5625,27.718333333333334,40.885,-726.3076458333334,449.696175,505.17510416666664,758.9666666666667,,49.99930555555555,-275.17083333333335,452.0541666666666,25.570833333333336,104.08333333333333
2021-05-31 00:00:00+00:00,57.624583333333334,51.16041666666667,57.624583333333334,64.44458333333334,-930.8548625,447.12256666666667,561.9288916666667,891.8916666666668,,50.00024305555556,-346.27500000000003,585.55,23.037499999999998,65.02083333333333
2021-06-01 00:00:00+00:00,65.34333333333333,60.42083333333333,65.34333333333333,75.85041666666667,-827.590275,490.7013875,622.6552708333334,895.4583333333334,,50.00107638888889,-293.83750000000003,534.6666666666666,50.40416666666667,79.66666666666667
2021-06-02 00:00:00+00:00,67.815,63.91583333333333,67.815,71.86375,-808.8614541666666,535.3020875,621.1158375,881.8458333333333,,50.00069444444445,-282.62916666666666,527.1666666666666,37.608333333333334,98.20416666666667
2021-06-03 00:00:00+00:00,60.175000000000004,56.24125,60.38833333333333,63.77125,-722.5534708333333,502.9291625,620.3376041666667,861.5166666666668,,49.9978125,-263.52916666666664,459.93333333333334,45.68333333333334,100.29166666666667
2021-06-04 00:00:00+00:00,67.52083333333333,59.365833333333335,69.6825,73.57666666666667,-852.1663208333333,552.8493125,605.5547291666667,893.9291666666667,,49.99916666666667,-303.89166666666665,549.3833333333333,18.4875,73.88333333333334
2021-06-05 00:00:00+00:00,58.259166666666665,42.6475,60.69916666666666,61.888749999999995,-963.3805541666667,599.5611166666666,511.39822499999997,759.1041666666666,,50.000729166666666,-266.2583333333333,698.2125,28.179166666666664,94.55
2021-06-06 00:00:00+00:00,55.62416666666667,41.024166666666666,58.75541666666667,59.498333333333335,-944.7656166666667,505.67639583333334,509.7064958333333,755.4416666666666,,50.00215277777778,-263.96666666666664,681.8125,26.90416666666667,95.47083333333335
2021-06-07 00:00:00+00:00,80.02416666666666,66.41875,80.02416666666666,80.02416666666666,-632.7513875,284.5708333333333,635.3604333333334,871.0166666666668,,49.9996875,-254.70416666666665,379.375,29.754166666666666,94.81666666666666
2021-06-08 00:00:00+00:00,82.12958333333333,66.8225,82.12958333333333,82.12958333333333,-630.6038291666667,269.50520416666666,642.9308374999999,895.625,,49.99857638888889,-269.08750000000003,362.6791666666666,19.629166666666666,87.94166666666666
2021-06-09 00:00:00+00:00,98.43875000000001,65.35583333333334,98.43875000000001,98.43875000000001,-642.0757,267.7163208333333,576.1198166666667,870.875,,49.99989583333333,-311.7708333333333,331.3833333333333,17.7375,97.99583333333334
2021-06-10 00:00:00+00:00,82.69833333333334,68.59791666666666,82.69833333333334,82.69833333333334,-563.0354208333333,213.47534583333334,596.1280666666667,873.2083333333334,,49.99920138888889,-281.96250000000003,282.19166666666666,22.099999999999998,92.42083333333333
2021-06-11 00:00:00+00:00,80.80166666666666,56.104166666666664,80.80166666666666,80.80166666666666,-678.0736,266.0013875,605.2402583333334,865.3375,,50.000034722222225,-260.07916666666665,419.51666666666665,26.900000000000002,93.5
2021-06-12 00:00:00+00:00,49.44541666666667,31.770833333333332,53.105,53.105,-883.5659791666667,391.8805458333334,456.1917583333333,715.1625,,50.00038194444445,-258.9458333333333,625.6999999999999,60.07916666666667,76.72083333333333
2021-06-13 00:00:00+00:00,25.292916666666667,16.9875,25.292916666666667,26.875833333333333,-538.6034708333333,225.73541250000002,483.62721250000004,695.5833333333334,,49.99861111111111,-211.95833333333334,327.44166666666666,124.17083333333333,61.38333333333333
2021-06-14 00:00:00+00:00,72.415,64.70958333333333,72.415,74.45625,-765.897575,348.6329791666667,672.8630541666666,795.3541666666666,,49.99868055555556,-122.425,644.4333333333333,110.49166666666667,108.23333333333333
2021-06-15 00:00:00+00:00,70.1725,65.32083333333334,71.15833333333333,82.49791666666667,-971.6805708333333,608.0569458333333,784.6884083333333,832.15,,50.0,-47.449999999999996,925.3000000000001,110.27499999999999,90.80416666666667
2021-06-16 00:00:00+00:00,88.60000000000001,86.62083333333334,88.60000000000001,90.14958333333334,-576.7170125,401.8614583333333,780.8327416666666,819.7541666666666,,50.00013888888889,-38.87916666666667,538.6666666666666,40.887499999999996,98.1125
2021-06-17 00:00:00+00:00,78.55875,69.34958333333334,80.63625,82.49833333333333,-567.3979166666667,369.8059125,755.1251874999999,820.0124999999999,,50.00149305555556,-64.94583333333334,503.3208333333334,35.24583333333333,105.40416666666665
2021-06-18 00:00:00+00:00,67.92708333333333,54.824999999999996,79.50958333333334,80.15375,-713.8628458333333,403.4583333333333,760.5156708333334,838.0458333333332,,50.000729166666666,-77.52083333333333,637.3208333333333,86.43333333333334,108.44166666666666
2021-06-19 00:00:00+00:00,56.13041666666667,41.88375,75.18083333333334,75.18083333333334,-902.5524291666667,466.4715208333334,595.5666,755.0124999999999,,50.000277777777775,-159.44583333333333,744.2083333333334,62.88333333333333,104.875
2021-06-20 00:00:00+00:00,46.84583333333333,33.08375,63.701249999999995,63.701249999999995,-957.0982666666667,402.6208291666667,453.3006083333333,730.65,,50.001666666666665,-277.34999999999997,680.9,64.925,103.55
2021-06-21 00:00:00+00:00,68.46916666666667,48.23166666666666,78.76791666666666,78.76791666666666,-910.1569458333333,366.32917083333336,547.00595,861.6333333333333,,49.99979166666667,-314.6166666666667,596.7916666666666,82.875,99.64999999999999
2021-06-22 00:00:00+00:00,80.90833333333333,71.57208333333334,87.18333333333334,87.18333333333334,-598.0395833333333,235.41700416666666,656.6195625,819.4,,49.99982638888889,-162.76666666666668,436.22499999999997,64.81666666666666,93.52916666666665
2021-06-23 00:00:00+00:00,84.81166666666667,76.30375,94.59583333333335,94.59583333333335,-522.8670208333333,236.21598333333336,723.1419208333333,669.0833333333334,,49.99805555555556,54.05833333333334,577.6,36.44583333333333,81.01666666666667
2021-06-24 00:00:00+00:00,78.4025,62.507083333333334,96.17625,96.17625,-857.0618083333334,381.9593791666667,638.1285583333333,685.8041666666667,,50.000451388888884,-47.62916666666666,810.5583333333334,19.075,70.17916666666666
2021-06-25 00:00:00+00:00,70.94458333333334,33.36416666666667,92.6225,92.6225,-994.9999916666667,396.2309,537.5973458333334,778.4958333333334,,50.001875000000005,-240.92499999999998,755.2791666666667,15.3375,65.19166666666666
2021-06-26 00:00:00+00:00,79.4025,31.084999999999997,79.4025,79.4025,-996.860075,342.47223333333335,436.9061458333333,715.6875,,49.99791666666667,-278.8333333333333,719.2416666666667,35.1875,81.58333333333333
2021-06-27 00:00:00+00:00,71.15333333333334,31.38083333333333,71.15333333333334,71.15333333333334,-997.8680541666666,433.9041666666667,486.7438541666666,690.6958333333333,,50.000277777777775,-203.90833333333333,795.0333333333333,33.46666666666667,81.27499999999999
2021-06-28 00:00:00+00:00,89.49416666666667,70.90208333333334,89.49416666666667,89.49416666666667,-887.9611083333333,356.5361125,593.7917583333333,814.3874999999999,,49.999340277777776,-220.59166666666667,668.5083333333333,44.237500000000004,79.27916666666667
2021-06-29 00:00:00+00:00,92.98875,79.94166666666668,92.98875,92.98875,-688.4642333333333,251.03333333333333,663.8184958333333,809.8208333333333,,50.00145833333333,-146.00833333333333,543.4458333333333,45.087500000000006,87.10833333333333
2021-06-30 00:00:00+00:00,83.63625,68.55041666666666,92.03583333333334,92.03583333333334,-753.4717458333333,270.4730416666667,645.0252541666667,832.4375,,49.99926829268293,-187.42499999999998,567.1041666666666,33.90416666666667,97.875
2021-07-01 00:00:00+00:00,90.50791666666667,84.23166666666667,91.90291666666667,91.90291666666667,-678.8409666666666,216.87224166666667,643.4073458333334,827.7333333333332,,49.99930555555555,-184.29999999999998,495.5833333333333,65.42916666666666,100.93333333333334
2021-07-02 00:00:00+00:00,98.06625000000001,90.59583333333335,100.29541666666667,100.29541666666667,-557.0048625000001,81.20347916666667,641.9812291666666,827.1750000000001,,50.000277777777775,-185.17916666666667,372.59999999999997,63.84166666666667,90.44583333333333
2021-07-03 00:00:00+00:00,83.66833333333334,67.83624999999999,86.28375,86.28375,-818.1017375,380.39375,635.3825458333333,710.6625,,50.00090277777778,-75.2625,743.8666666666667,54.262499999999996,108.64583333333333
2021-07-04 00:00:00+00:00,77.9225,63.6175,80.99416666666666,80.99416666666666,-846.1618,423.00764166666664,637.4022666666666,705.65,,49.9996875,-68.2375,778.9916666666667,59.916666666666664,104.90416666666668
2021-07-05 00:00:00+00:00,88.02291666666667,83.1925,91.94958333333334,91.94958333333334,-712.9066041666666,260.8295125,733.5438833333333,830.1458333333334,,49.99947916666667,-96.60416666666667,617.2958333333333,53.99166666666667,77.72916666666667
2021-07-06 00:00:00+00:00,87.21666666666665,80.50541666666668,87.84208333333333,87.84208333333333,-838.4927041666666,402.6204875,618.4350083333333,845.6125000000001,,50.00256944444445,-227.19583333333333,612.3916666666667,55.89166666666666,81.52499999999999
2021-07-07 00:00:00+00:00,93.30291666666666,90.86500000000001,97.46458333333334,97.46458333333334,-536.1635458333334,295.8569458333333,731.5501166666667,862.7291666666666,,50.000347222222224,-131.19166666666666,405.70416666666665,40.6625,89.72083333333335
2021-07-08 00:00:00+00:00,80.6675,78.55166666666666,103.16791666666667,103.16791666666667,-864.52535,375.66563333333335,710.0661041666667,875.3208333333333,,49.99690972222223,-165.225,700.4916666666667,41.1875,65.375
2021-07-09 00:00:00+00:00,87.81583333333333,87.45958333333333,90.54458333333334,90.54458333333334,-626.0823,266.9350708333333,663.2258708333333,853.875,,50.00010416666667,-190.6875,436.4291666666666,51.94583333333333,72.96249999999999
2021-07-10 00:00:00+00:00,77.91791666666667,76.64041666666667,81.89999999999999,81.89999999999999,-792.9298625,413.3385458333333,630.3772541666666,763.5666666666666,,49.998333333333335,-133.22916666666666,660.7833333333333,54.2875,97.66666666666667
2021-07-11 00:00:00+00:00,71.98375,67.92166666666667,78.60625,78.60625,-810.7385375,499.785775,606.2051625,736.7291666666666,,50.000590277777775,-130.51250000000002,681.3000000000001,39.516666666666666,89.49166666666667
2021-07-12 00:00:00+00:00,97.35416666666667,93.96166666666666,97.35416666666667,97.35416666666667,-780.3125041666667,433.95694166666664,622.0247208333334,833.4083333333333,,50.0028125,-211.92499999999998,569.5541666666667,24.05,101.325
2021-07-13 00:00:00+00:00,98.31958333333334,98.31958333333334,98.31958333333334,98.31958333333334,-340.31736666666666,120.5496625,613.5541666666667,858.0916666666667,,50.00118055555556,-244.51666666666665,96.38333333333333,28.370833333333334,74.13333333333334
2021-07-14 00:00:00+00:00,108.6425,108.6425,108.6425,108.6425,-114.30624583333334,66.427075,754.6541666666667,868.1458333333334,,49.99861111111111,-113.50833333333334,0.9208333333333343,18.270833333333332,84.08333333333333
2021-07-15 00:00:00+00:00,101.77125000000001,100.77166666666666,101.77125000000001,101.77125000000001,-348.92568750000004,198.5885375,733.3666666666667,873.8916666666668,,49.99871527777778,-140.4375,208.97083333333333,18.275000000000002,93.58333333333333
2021-07-16 00:00:00+00:00,91.74166666666667,89.54625,92.55416666666667,92.55416666666667,-732.2739541666666,412.19166666666666,627.5666666666667,881.1208333333334,,50.000659722222224,-253.54166666666666,479.75416666666666,42.0,77.84166666666667
2021-07-17 00:00:00+00:00,69.15333333333334,66.41083333333333,86.06166666666667,86.06166666666667,-771.377425,561.9322916666666,600.0375,744.9208333333332,,50.00006944444445,-144.92916666666667,627.5500000000001,27.78333333333333,107.34583333333335
2021-07-18 00:00:00+00:00,45.42416666666667,37.08541666666667,88.32125,88.32125,-842.5659791666667,581.31805,520.3166666666667,701.0,,49.99909722222222,-180.6916666666667,662.9375,92.01666666666667,96.24166666666667
2021-07-19 00:00:00+00:00,90.76375,81.82416666666667,90.76375,90.76375,-875.1600666666667,676.5718666666667,613.4375,762.6625,,50.00152777777778,-149.22916666666666,727.0124999999999,71.05,91.02916666666665
2021-07-20 00:00:00+00:00,86.61833333333334,73.25791666666667,86.89916666666666,86.89916666666666,-977.9461833333334,729.7434,608.9166666666666,780.8458333333333,,50.00288194444445,-171.9333333333333,807.1541666666667,90.5,71.24166666666666
2021-07-21 00:00:00+00:00,80.755,68.66083333333333,84.55624999999999,84.55624999999999,-942.0107625,715.7211833333334,624.1625,773.0666666666666,,50.000277777777775,-148.85416666666666,794.2041666666668,96.97500000000001,88.925
2021-07-22 00:00:00+00:00,80.17208333333333,59.19958333333333,92.21333333333332,92.21333333333332,-867.8618124999999,601.9954958333334,646.8041666666667,794.7916666666666,,49.999027777777776,-147.97083333333333,720.9458333333333,105.8,87.54166666666667
2021-07-23 00:00:00+00:00,84.91541666666667,78.08166666666666,85.13083333333334,85.13083333333334,-945.8197958333334,581.2434125,608.1041666666666,772.9291666666667,,49.99920138888889,-164.8375,782.0791666666668,71.89166666666667,85.25
2021-07-24 00:00:00+00:00,72.43416666666667,69.38708333333334,72.43416666666667,72.43416666666667,-848.2683999999999,568.5659666666667,577.3375,696.4041666666667,,49.999548611111116,-119.02916666666665,730.275,22.708333333333332,89.58749999999999
2021-07-25 00:00:00+00:00,66.14666666666666,66.06458333333333,76.17,76.17,-731.5597250000001,514.5576500000001,593.2375000000001,693.7083333333334,,50.00083333333333,-100.47916666666667,632.0833333333334,22.05,107.10833333333333
2021-07-26 00:00:00+00:00,84.12375,84.12375,84.12375,84.12375,-513.1864583333333,357.16285,617.7041666666667,804.8000000000001,,50.00125,-187.125,326.9583333333333,41.0625,102.325
2021-07-27 00:00:00+00:00,87.03875,86.8575,87.05,87.05,-648.1451416666667,344.515975,636.7333333333333,812.2375000000001,,49.99916666666667,-175.45000000000002,473.58750000000003,69.52916666666667,82.38333333333334
2021-07-28 00:00:00+00:00,84.47375000000001,83.94541666666667,84.47375000000001,84.47375000000001,-605.6135416666667,349.33369166666665,644.6583333333333,807.4791666666666,,50.00121527777778,-162.92499999999998,443.7416666666666,91.2375,63.03333333333333
2021-07-29 00:00:00+00:00,86.53875,84.505,86.57208333333334,86.57208333333334,-708.0947875,431.4333291666667,683.5958333333333,792.6083333333332,,50.00010416666667,-108.97500000000001,600.0791666666667,120.95416666666667,84.63333333333334
2021-07-30 00:00:00+00:00,77.84416666666667,77.35666666666667,77.84416666666667,77.84416666666667,-560.264575,420.1361125,680.4541666666667,765.0916666666667,,50.00048611111111,-84.62083333333334,476.4583333333333,175.40416666666667,63.09166666666667
2021-07-31 00:00:00+00:00,63.51791666666667,63.08291666666667,63.51791666666667,63.51791666666667,-611.6177125,397.5065916666667,503.3541666666667,700.1333333333333,,49.9990625,-196.7875,415.8541666666667,90.94166666666666,74.00416666666666
2021-08-01 00:00:00+00:00,57.768750000000004,53.77458333333333,59.35541666666666,59.35541666666666,-910.2250083333333,543.697225,507.35833333333335,686.5916666666667,,50.000451388888884,-179.25833333333333,732.1166666666667,109.22916666666667,61.95416666666667
2021-08-02 00:00:00+00:00,88.42916666666667,75.92999999999999,88.42916666666667,88.42916666666667,-837.4961791666666,410.3941041666667,368.97499999999997,835.6958333333333,,49.99923611111112,-466.7416666666666,371.8958333333333,34.854166666666664,43.770833333333336
2021-08-03 00:00:00+00:00,96.4425,56.94291666666667,96.4425,96.4425,-995.5343791666666,677.8201333333333,637.3541666666666,821.475,,50.00013888888889,-184.1,812.5458333333332,107.25833333333333,58.5
2021-08-04 00:00:00+00:00,104.99541666666666,68.74,104.99541666666666,104.99541666666666,-993.2697875,631.0170166666667,628.2208333333333,854.8375,,49.999965277777775,-226.63750000000002,767.7375000000001,21.400000000000002,77.33749999999999
2021-08-05 00:00:00+00:00,94.85041666666666,75.12541666666667,94.85041666666666,96.79041666666666,-983.6440958333333,643.3788125,636.5583333333333,842.6625,,50.00201388888889,-206.14583333333334,778.6583333333333,35.25416666666667,95.22916666666667
2021-08-06 00:00:00+00:00,76.92666666666666,70.82916666666667,76.92666666666666,77.1925,-845.8388875,553.9989541666666,674.1541666666667,828.2333333333332,,50.0,-154.1,692.8583333333332,129.0625,89.10000000000001
2021-08-07 00:00:00+00:00,59.31791666666667,48.83791666666667,59.31791666666667,59.31791666666667,-958.3541624999999,559.8916666666667,463.1958333333334,771.625,,49.998958333333334,-308.4375,651.0791666666667,90.73750000000001,14.25
2021-08-08 00:00:00+00:00,29.575833333333335,29.034583333333334,29.575833333333335,29.575833333333335,-833.7579791666667,353.66424166666667,319.01666666666665,733.6583333333333,,49.99979166666667,-414.6125,420.2291666666667,32.43333333333333,63.550000000000004
2021-08-09 00:00:00+00:00,86.53833333333334,80.57666666666667,89.02083333333333,89.02083333333333,-800.0142500000001,397.0815916666666,568.9875000000001,843.4958333333334,,50.00006944444445,-274.47499999999997,526.5833333333334,60.5,47.0375
2021-08-10 00:00:00+00:00,92.35041666666666,82.85541666666667,92.35041666666666,92.35041666666666,-958.7350583333333,594.3694416666666,624.0041666666667,852.3458333333333,,50.0009375,-228.32083333333333,731.5458333333332,43.34583333333333,78.93333333333334
2021-08-11 00:00:00+00:00,98.65499999999999,84.08458333333333,98.65499999999999,100.40958333333333,-954.4357624999999,574.8986083333333,605.9250000000001,894.0625,,50.0009375,-288.15416666666664,667.5041666666667,16.116666666666667,46.462500000000006
2021-08-12 00:00:00+00:00,105.57041666666667,89.34375,105.875,105.875,-953.1239541666667,574.5795166666667,627.6833333333333,880.3708333333334,,49.999548611111116,-252.69583333333333,701.6125000000001,41.395833333333336,57.82916666666667
2021-08-13 00:00:00+00:00,93.88875,75.83624999999999,98.41708333333334,99.09791666666666,-969.8881875000001,595.12535,655.3541666666666,849.4250000000001,,49.9990625,-194.0625,777.0041666666666,73.24583333333334,86.28333333333335
2021-08-14 00:00:00+00:00,64.90375,57.81583333333333,64.90375,67.69625,-980.74375,686.8083375,668.7791666666667,749.7041666666668,,50.000972222222224,-80.93333333333334,901.0333333333333,141.92083333333332,54.88333333333333
2021-08-15 00:00:00+00:00,62.463750000000005,57.81625,62.463750000000005,63.31583333333333,-764.4763916666667,598.8020958333333,704.3375,720.3291666666668,,50.00017361111111,-15.950000000000001,749.5791666666668,184.69583333333333,62.3375
2021-08-16 00:00:00+00:00,82.77833333333334,79.64208333333333,82.86666666666666,82.86666666666666,-901.2173666666666,538.8298625,652.4666666666666,861.6916666666666,,49.9990625,-209.23333333333335,693.15,86.45,62.475
2021-08-17 00:00:00+00:00,73.43791666666667,66.39916666666666,73.43791666666667,73.43791666666667,-898.5829958333334,479.7329833333333,597.2208333333333,897.8416666666667,,49.99892361111111,-300.65000000000003,599.1541666666667,77.1125,32.02916666666666
2021-08-18 00:00:00+00:00,76.31916666666667,54.49541666666667,76.31916666666667,76.32625,-989.3399291666666,611.0329833333334,581.8625000000001,860.3083333333334,,50.00138888888889,-278.4791666666667,712.0708333333333,211.1,34.920833333333334
2021-08-19 00:00:00+00:00,87.87333333333333,74.90208333333334,87.87333333333333,92.44166666666666,-984.9708375,598.9809041666666,590.0124999999999,874.4958333333334,,50.00138888888889,-284.4916666666667,701.6583333333333,174.46666666666667,47.25
2021-08-20 00:00:00+00:00,101.17333333333333,69.64916666666666,101.17333333333333,101.17333333333333,-997.5454833333333,669.8572916666667,550.9791666666666,769.6374999999999,,49.998437499999994,-218.6625,780.0375,86.07916666666667,71.89166666666667
2021-08-21 00:00:00+00:00,103.15083333333332,51.86625,103.15083333333332,103.15083333333332,-981.9545083333334,816.6069458333333,571.4125,749.15,,49.998194444444444,-177.7541666666667,805.3416666666667,58.5,74.69583333333334
2021-08-22 00:00:00+00:00,77.705,52.89208333333334,77.705,77.705,-992.9204708333333,764.6059,513.2333333333333,746.7125,,50.000277777777775,-233.51666666666665,760.5375,73.14999999999999,58.65833333333333
2021-08-23 00:00:00+00:00,103.09458333333333,67.4475,103.09458333333333,103.09458333333333,-993.2958375,660.5197916666667,593.4499999999999,863.375,,49.99947916666667,-269.97499999999997,724.4875000000001,89.375,63.97083333333333
2021-08-24 00:00:00+00:00,102.57249999999999,89.3275,102.57249999999999,102.57249999999999,-825.8100666666666,496.796525,562.65,913.775,,49.99961805555555,-351.07916666666665,475.71250000000003,54.80416666666667,35.00416666666667
2021-08-25 00:00:00+00:00,97.09083333333332,59.13791666666666,97.09083333333332,97.09083333333332,-996.5416708333333,672.9590291666667,572.0500000000001,927.2958333333332,,49.999375,-355.2791666666667,642.4375,142.72916666666666,12.200000000000001
2021-08-26 00:00:00+00:00,102.58083333333333,65.65124999999999,102.58083333333333,102.58083333333333,-997.0520791666667,588.4673624999999,565.5916666666667,928.0333333333333,,49.999375,-362.4458333333334,635.875,108.22083333333335,21.608333333333334
2021-08-27 00:00:00+00:00,95.8725,71.86416666666666,95.8725,95.8725,-995.9854083333333,721.696175,630.475,937.3291666666668,,49.99920138888889,-306.87916666666666,690.3416666666667,111.6875,11.166666666666666
2021-08-28 00:00:00+00:00,87.74125,57.62958333333333,87.74125,87.74125,-995.8357583333333,744.9836791666667,436.3666666666666,800.7375000000001,,50.000729166666666,-364.30833333333334,632.8000000000001,118.03750000000001,65.79583333333333
2021-08-29 00:00:00+00:00,81.01291666666667,63.77666666666667,81.01291666666667,81.01291666666667,-990.3881958333333,701.9430541666667,416.89166666666665,790.1374999999999,,50.001597222222216,-373.25,618.4333333333333,85.58749999999999,40.574999999999996
2021-08-30 00:00:00+00:00,107.58791666666667,95.46458333333334,107.58791666666667,107.58791666666667,-960.6697958333334,498.67708749999997,470.48333333333335,873.2291666666666,,50.001805555555556,-402.72499999999997,559.1791666666667,80.81666666666666,66.52499999999999
2021-08-31 00:00:00+00:00,108.84833333333334,84.56375,108.84833333333334,108.84833333333334,-968.4548541666667,555.3840291666667,554.9875000000001,903.3000000000001,,49.998437499999994,-348.3041666666666,621.3708333333333,69.5,54.800000000000004
2021-09-01 00:00:00+00:00,110.89833333333333,75.71333333333334,110.89833333333333,110.89833333333333,-977.0020791666667,732.0871583333333,763.8291666666668,883.2125,,50.000416666666666,-119.40833333333332,858.7958333333332,152.20833333333334,72.24583333333334
2021-09-02 00:00:00+00:00,111.82249999999999,80.88250000000001,111.82249999999999,115.98708333333333,-987.3965125,694.6833375,895.2916666666666,896.3333333333334,,49.99944444444444,-1.033333333333335,986.8708333333334,147.4875,66.325
2021-09-03 00:00:00+00:00,109.03041666666667,69.03208333333333,109.03041666666667,109.48916666666666,-996.4500041666666,811.2447916666666,960.8958333333334,904.4875000000001,,50.00013888888889,56.4125,1053.925,181.32083333333333,57.229166666666664
2021-09-04 00:00:00+00:00,105.09291666666667,67.17875,105.09291666666667,105.09291666666667,-995.5857583333333,729.6420166666667,740.6208333333334,804.1999999999999,,50.000416666666666,-63.604166666666664,933.1,95.54166666666667,75.40833333333333
2021-09-05 00:00:00+00:00,98.92916666666667,69.78416666666666,98.92916666666667,98.92916666666667,-996.764925,689.9670208333333,676.9458333333333,795.8041666666667,,49.999965277777775,-118.8625,878.9875000000001,59.52916666666667,69.52499999999999
2021-09-06 00:00:00+00:00,120.87624999999998,98.12416666666667,120.87624999999998,120.87624999999998,-964.2013791666667,643.8229125,823.875,932.0625,,49.99961805555555,-108.18333333333334,857.0875,63.895833333333336,43.625
2021-09-07 00:00:00+00:00,123.59916666666668,71.37875,123.59916666666668,123.59916666666668,-996.7083250000001,718.1538291666667,835.7958333333332,926.1333333333333,,50.0,-90.33333333333333,907.4916666666667,80.55833333333334,45.29583333333333
2021-09-08 00:00:00+00:00,127.40916666666668,64.09666666666666,127.40916666666668,127.40916666666668,-995.6513916666667,585.7947875,740.3041666666667,944.6833333333334,,50.00201388888889,-204.39583333333334,792.5333333333333,118.77083333333333,17.533333333333335
2021-09-09 00:00:00+00:00,118.34416666666668,89.22958333333332,131.33958333333334,131.33958333333334,-941.8574666666667,623.3678791666667,861.7624999999999,926.1,,49.99887152777777,-64.39999999999999,878.8166666666666,79.42083333333333,51.0
2021-09-10 00:00:00+00:00,127.55,100.16291666666666,136.315,136.315,-976.3797208333334,623.5775333333333,796.2333333333332,940.0333333333333,,50.00201048951049,-143.84166666666667,833.8083333333334,18.195833333333333,31.866666666666664
2021-09-11 00:00:00+00:00,112.20208333333333,96.24666666666667,121.17083333333333,121.17083333333333,-962.3572875,697.4010374999999,617.4375,782.6,,49.9996875,-165.1625,798.5041666666666,15.037500000000001,71.72083333333333
2021-09-12 00:00:00+00:00,105.99208333333333,91.6025,108.33666666666666,108.33666666666666,-993.6253458333334,693.1982583333333,623.5916666666667,793.0916666666667,,50.00006968641115,-169.55833333333334,825.3708333333334,57.4375,15.208333333333334
2021-09-13 00:00:00+00:00,137.15458333333333,70.05666666666666,137.15458333333333,140.435,-720.9531291666667,572.6979125,870.2041666666668,877.0625,,50.00131944444444,-6.837499999999999,715.3083333333334,173.125,40.3125
2021-09-14 00:00:00+00:00,142.48166666666665,90.70583333333333,142.48166666666665,143.43458333333334,-631.99965,569.2520833333333,897.4916666666667,849.7958333333332,,50.00270833333334,47.62083333333334,680.7166666666667,170.26250000000002,65.67083333333333
2021-09-15 00:00:00+00:00,157.01,140.39541666666668,157.01,157.01,-615.5875,326.0062541666667,761.3541666666666,880.7125,,49.99899305555556,-119.37083333333334,497.1875,53.137499999999996,50.800000000000004
2021-09-16 00:00:00+00:00,145.45166666666668,122.98625,145.45166666666668,146.5525,-935.7552083333334,552.6697833333334,743.025,921.2458333333334,,49.999270833333334,-178.2541666666667,758.5541666666667,35.8875,25.212500000000002
2021-09-17 00:00:00+00:00,139.01291666666665,103.2075,139.01291666666665,139.01291666666665,-975.4680583333334,702.7039875,786.2333333333332,888.9416666666666,,50.00138888888889,-102.76666666666667,873.7624999999999,91.55416666666667,45.92916666666667
2021-09-18 00:00:00+00:00,122.17583333333333,84.92999999999999,122.17583333333333,122.17583333333333,-960.5826416666667,779.79445,653.3541666666666,759.2708333333334,,49.999409722222225,-105.8875,855.5833333333334,103.45833333333333,67.35416666666667
2021-09-19 00:00:00+00:00,93.56208333333332,79.05083333333333,93.56208333333332,93.56208333333332,-973.0583375,677.5677125000001,430.1875,716.625,,50.000972222222224,-286.45416666666665,687.6458333333334,145.25833333333333,81.62083333333334
2021-09-20 00:00:00+00:00,145.63333333333333,122.81291666666668,145.63333333333333,145.63333333333333,-977.7260416666667,695.0444458333333,868.5083333333333,890.3874999999999,,49.99885017421603,-21.9875,956.8333333333334,139.75,42.641666666666666
2021-09-21 00:00:00+00:00,136.45458333333332,113.7725,136.45458333333332,138.60916666666665,-974.0512875,675.0151791666666,798.8083333333334,962.6958333333333,,50.00101398601399,-163.79999999999998,811.2166666666667,30.150000000000002,13.454166666666666
2021-09-22 00:00:00+00:00,141.55125,93.47583333333334,141.55125,141.55125,-976.5967458333333,652.7621166666667,768.0083333333333,942.0500000000001,,50.00094405594406,-174.17083333333335,803.5583333333334,21.087500000000002,37.229166666666664
2021-09-23 00:00:00+00:00,100.84666666666668,59.14791666666667,100.84666666666668,100.84666666666668,-978.4736166666667,563.7605875,478.3333333333333,905.6208333333334,,50.0003125,-427.37916666666666,552.1458333333334,144.63333333333333,39.075
2021-09-24 00:00:00+00:00,93.62458333333332,80.49041666666666,93.62458333333332,93.62458333333332,-914.3343708333333,433.73020833333334,421.58750000000003,950.8583333333332,,49.9996875,-529.2625,385.85833333333335,52.8125,13.5625
2021-09-25 00:00:00+00:00,113.45583333333333,78.0825,113.45583333333333,113.45583333333333,-981.3947875,664.7828000000001,594.7875,830.6833333333334,,50.001475694444444,-235.63750000000002,746.5375,85.82916666666667,25.041666666666668
2021-09-26 00:00:00+00:00,110.11874999999999,79.69541666666667,110.11874999999999,110.11874999999999,-970.8546875000001,688.5621500000001,598.4458333333333,782.0583333333334,,50.00107638888889,-183.28333333333333,788.3125,53.99583333333334,62.11666666666667
2021-09-27 00:00:00+00:00,134.92583333333332,88.15041666666667,134.92583333333332,135.24416666666667,-977.0442291666667,648.0819083333333,812.7208333333333,900.1833333333334,,49.998657243816254,-87.425,890.6208333333334,33.32083333333333,64.9375
2021-09-28 00:00:00+00:00,149.53458333333333,98.26833333333333,149.53458333333333,150.24583333333334,-972.139675,631.162275,854.5666666666666,903.1833333333334,,50.000871080139376,-48.729166666666664,924.6374999999999,46.32083333333333,52.020833333333336
2021-09-29 00:00:00+00:00,125.09750000000001,108.83416666666666,125.09750000000001,125.81875000000001,-862.9618041666666,529.4237791666667,803.125,959.4250000000001,,49.99888888888889,-156.3125,707.5124999999999,39.375,12.241666666666667
2021-09-30 00:00:00+00:00,111.22333333333334,91.54666666666667,111.22333333333334,111.22333333333334,-891.0771833333333,533.9064374999999,702.2875,940.4458333333333,,50.000277777777775,-238.0041666666667,653.7416666666667,81.78750000000001,18.954166666666666
2021-10-01 00:00:00+00:00,103.43291666666666,60.53375,103.43291666666666,103.43291666666666,-988.4437458333333,612.1031208333333,684.5124999999999,952.4333333333334,,50.00100694444445,-267.95,721.5291666666667,50.395833333333336,14.716666666666667
2021-10-02 00:00:00+00:00,76.79458333333334,43.115833333333335,76.79458333333334,76.79458333333334,-950.2864583333334,595.765275,474.2791666666667,767.0833333333334,,50.00010416666667,-292.8041666666667,658.5208333333334,86.22916666666667,66.17916666666666
2021-10-03 00:00:00+00:00,19.080000000000002,12.542499999999999,19.080000000000002,19.080000000000002,-768.2930583333333,544.6163124999999,507.12083333333334,745.0,,50.0025,-237.86666666666667,531.5875,148.39583333333334,58.9375
2021-10-04 00:00:00+00:00,138.91291666666666,58.284166666666664,138.91291666666666,147.23499999999999,-926.9114541666667,694.208,876.0416666666666,843.4875000000001,,49.99854166666667,32.525,960.375,180.09166666666667,56.15416666666667
2021-10-05 00:00:00+00:00,109.51875,66.26708333333333,121.3225,125.73333333333333,-932.4499999999999,542.5166791666667,835.8083333333334,909.1333333333333,,50.00159722222222,-73.3125,860.3208333333333,158.49166666666667,11.508333333333333
2021-10-06 00:00:00+00:00,108.26708333333333,69.84875000000001,108.26708333333333,115.54791666666667,-983.4069458333333,562.472925,836.5875,865.2291666666666,,49.99888888888889,-28.683333333333334,956.0666666666666,220.6625,48.475
2021-10-07 00:00:00+00:00,178.54,95.70291666666667,187.71291666666664,220.58708333333334,-979.7569458333334,638.2753458333333,937.9,872.9083333333333,,49.99899305555556,65.0375,1045.9875,144.35833333333332,52.04583333333334
2021-10-08 00:00:00+00:00,166.30458333333334,99.67375,166.30458333333334,176.4766666666667,-977.8076333333333,569.4475625,821.725,872.0541666666667,,49.999583333333334,-50.32083333333333,928.7208333333333,57.525,63.583333333333336
2021-10-09 00:00:00+00:00,114.47708333333334,76.96333333333332,114.47708333333334,114.47708333333334,-962.2868083333333,410.56216250000006,590.3083333333333,801.7166666666667,,49.99791666666667,-211.3708333333333,752.125,53.44166666666666,20.85
2021-10-10 00:00:00+00:00,86.58708333333334,34.24125,86.58708333333334,86.58708333333334,-977.3607625,447.87881666666664,595.8666666666667,766.5041666666666,,49.99913194444444,-170.65416666666667,807.9583333333334,127.75,24.004166666666666
2021-10-11 00:00:00+00:00,118.77166666666666,82.68416666666667,118.77166666666666,118.77166666666666,-965.6868083333334,559.4611125,822.5083333333333,861.8083333333334,,49.99875,-39.333333333333336,927.6374999999999,164.75833333333333,50.541666666666664
2021-10-12 00:00:00+00:00,140.02875,118.27833333333332,140.02875,140.02875,-976.6385458333333,443.0166708333333,754.4083333333333,948.7875,,50.00190972222222,-194.42916666666667,783.4583333333334,30.108333333333334,25.72083333333333
2021-10-13 00:00:00+00:00,170.2325,160.77625,170.2325,170.2325,-794.3881875000001,340.9656291666667,794.0166666666668,967.6541666666667,,50.00125,-173.5875,621.9,7.541666666666667,16.9375
2021-10-14 00:00:00+00:00,155.99375,66.69125,155.99375,155.99375,-986.0694416666666,398.19825416666663,750.6291666666666,943.375,,49.99746527777778,-192.78333333333333,794.3916666666668,65.19166666666666,24.566666666666666
2021-10-15 00:00:00+00:00,93.94541666666667,41.135,93.94541666666667,93.94541666666667,-981.4354083333334,423.1677041666667,566.1125000000001,939.2666666666668,,50.00222222222222,-373.1541666666667,609.4250000000001,192.40416666666667,7.645833333333333
2021-10-16 00:00:00+00:00,42.7775,8.972083333333334,42.7775,42.7775,-930.4652666666667,457.7562541666667,585.3083333333333,830.025,,49.99909722222222,-244.70833333333334,686.9,187.61249999999998,42.03333333333333
2021-10-17 00:00:00+00:00,72.80916666666667,48.145,72.80916666666667,72.80916666666667,-911.3534666666666,441.0124916666667,592.3833333333333,818.0958333333333,,49.99881944444444,-225.77083333333334,686.7458333333334,159.6625,44.475
2021-10-18 00:00:00+00:00,142.87833333333333,98.19833333333334,142.87833333333333,155.30625,-980.0256958333333,450.2253458333334,677.3291666666667,945.7125,,49.999027777777776,-268.425,712.7375000000001,164.20833333333334,30.833333333333332
2021-10-19 00:00:00+00:00,139.59583333333333,134.71208333333334,139.59583333333333,141.96458333333334,-793.5916583333333,312.1416708333333,745.0208333333334,930.0291666666667,,50.00190972222222,-184.9958333333333,609.6208333333333,68.47500000000001,52.47083333333333
2021-10-20 00:00:00+00:00,66.99541666666667,39.08291666666667,66.99541666666667,66.99541666666667,-976.1831708333334,313.99615,596.2791666666667,947.0875,,50.00138888888889,-350.80833333333334,626.4541666666667,224.40416666666667,2.954166666666667
2021-10-21 00:00:00+00:00,68.80499999999999,60.36166666666667,68.80499999999999,68.80499999999999,-790.17535,236.87708333333333,564.1708333333333,910.7833333333333,,49.99913194444444,-346.6541666666667,444.7791666666667,179.42916666666667,11.2125
2021-10-22 00:00:00+00:00,66.95,42.327083333333334,66.95,66.95,-924.6010375,446.0038083333334,697.5541666666667,897.025,,49.997569444444444,-199.49583333333337,726.275,238.1875,27.212500000000002
2021-10-23 00:00:00+00:00,95.23291666666667,77.86874999999999,95.23291666666667,95.23291666666667,-814.4711791666667,384.4423625,692.4250000000001,853.8874999999999,,50.00128472222222,-161.4,654.0500000000001,135.875,8.5
2021-10-24 00:00:00+00:00,80.66250000000001,29.567916666666665,80.66250000000001,80.66250000000001,-987.1857624999999,471.252775,637.7083333333334,839.1041666666666,,50.00131944444445,-201.39166666666665,786.8416666666667,80.825,26.34583333333333
2021-10-25 00:00:00+00:00,106.67041666666667,78.61375,106.67041666666667,106.67041666666667,-980.2888833333333,499.197925,865.7958333333332,937.1916666666666,,49.997881944444444,-71.37083333333334,910.0375,167.1,7.6000000000000005
2021-10-26 00:00:00+00:00,153.9283333333333,71.47833333333334,154.73416666666665,154.73416666666665,-971.3982583333333,475.70105416666667,968.6791666666667,952.4250000000001,,49.999652777777776,16.141666666666666,988.7666666666668,88.75416666666666,8.25
2021-10-27 00:00:00+00:00,103.83458333333334,89.6875,104.64083333333333,104.64083333333333,-821.0399333333334,452.05243333333334,1000.9375,945.0541666666667,,50.0009375,55.84166666666667,878.1333333333333,154.59166666666667,8.954166666666667
2021-10-28 00:00:00+00:00,107.34833333333334,28.711250000000003,107.34833333333334,107.34833333333334,-962.6058958333333,486.9340208333333,810.6458333333334,938.5625,,49.99878472222222,-127.9375,835.9458333333333,90.12083333333334,14.720833333333333
2021-10-29 00:00:00+00:00,103.21416666666666,40.606249999999996,105.13458333333334,105.13458333333334,-979.7812541666667,479.15347083333336,798.875,895.4041666666667,,49.99815972222222,-96.53333333333335,884.525,160.09583333333333,32.47083333333333
2021-10-30 00:00:00+00:00,74.79666666666667,22.233333333333334,74.79666666666667,74.79666666666667,-955.6302083333334,404.5416666666667,667.8833333333333,821.8916666666668,,50.00267361111111,-154.025,802.85,89.19166666666666,33.475
2021-10-31 00:00:00+00:00,66.64458333333333,52.95208333333333,66.64458333333333,66.64458333333333,-829.7173583333333,291.13471666666663,668.4583333333334,802.5916666666667,,49.9978125,-134.09166666666667,696.625,130.74166666666667,31.1875
2021-11-01 00:00:00+00:00,68.83,53.5075,68.83,68.83,-806.8565958333334,231.7007,731.9,927.4375,,49.99982638888889,-195.51250000000002,612.3791666666667,98.89166666666667,34.03333333333333
2021-11-02 00:00:00+00:00,88.43583333333333,56.040416666666665,88.43583333333333,88.43583333333333,-965.9083375,349.315275,893.1583333333333,963.5916666666667,,49.998958333333334,-70.4,896.65,109.01666666666667,33.87083333333333
2021-11-03 00:00:00+00:00,103.33875,72.39,103.33875,103.33875,-988.3461833333334,331.5510375,890.5124999999999,1018.2208333333333,,49.99979166666667,-127.68333333333334,861.775,52.699999999999996,1.6500000000000001
2021-11-04 00:00:00+00:00,90.26541666666667,81.31291666666667,95.42916666666667,95.42916666666667,-849.103125,227.10383333333334,875.8083333333334,1008.9125,,50.00006944444445,-133.0375,717.0916666666667,71.67083333333333,7.558333333333333
2021-11-05 00:00:00+00:00,56.26416666666666,56.26416666666666,59.52583333333333,59.52583333333333,-838.8354125,89.9513875,692.5541666666667,999.5875,,50.000659722222224,-307.06666666666666,532.9625,120.8125,3.5083333333333333
2021-11-06 00:00:00+00:00,19.772916666666667,13.988750000000001,19.772916666666667,19.772916666666667,-840.0583333333334,63.656949999999995,525.9291666666667,928.6999999999999,,50.00055555555556,-402.77500000000003,438.3833333333334,112.43333333333334,13.0625
2021-11-07 00:00:00+00:00,31.39708333333333,21.657916666666665,31.665833333333335,31.665833333333335,-876.4132041666667,86.5434,522.2875,924.9166666666666,,50.0,-402.60833333333335,474.8333333333333,116.12083333333334,2.4833333333333334
2021-11-08 00:00:00+00:00,109.28666666666668,107.95291666666667,127.70833333333333,145.7875,-820.2715291666667,165.342,1004.4958333333334,1042.1333333333334,,50.00017361111111,-37.5875,783.6583333333333,163.70833333333334,5.2875000000000005
2021-11-09 00:00:00+00:00,87.5425,55.15375,116.20125,116.20125,-969.6253375,189.85590000000002,874.7791666666667,1058.0208333333333,,49.998437499999994,-183.25,787.4625,130.67499999999998,23.03333333333333
2021-11-10 00:00:00+00:00,50.71333333333334,29.85375,124.57875,124.57875,-977.7888916666667,145.76632083333334,662.6833333333333,1031.5375000000001,,49.99947916666667,-368.8458333333333,610.0541666666667,214.38333333333333,2.066666666666667
2021-11-11 00:00:00+00:00,93.58,24.83458333333333,121.48750000000001,121.48750000000001,-972.3798666666667,229.38229166666667,629.4499999999999,1000.4250000000001,,50.00128472222222,-370.98333333333335,602.6708333333333,127.10000000000001,11.670833333333334
2021-11-12 00:00:00+00:00,102.58916666666666,69.42166666666667,136.87,139.48125000000002,-952.9329833333333,114.72707083333334,702.6416666666668,1006.1958333333333,,50.00121527777778,-303.575,650.5,160.5375,12.004166666666665
2021-11-13 00:00:00+00:00,136.26624999999999,47.86041666666667,137.88,140.15208333333334,-986.9107583333333,116.33785,739.1458333333334,923.7291666666666,,50.000347222222224,-184.53333333333333,803.5,14.4375,5.1875
2021-11-14 00:00:00+00:00,102.26333333333334,54.23,115.79708333333333,115.79708333333333,-987.190975,234.52847916666667,729.5916666666667,920.2708333333334,,50.00385416666667,-190.70000000000002,797.6999999999999,20.212500000000002,24.55416666666667
2021-11-15 00:00:00+00:00,161.42125000000001,67.40916666666666,182.20416666666665,182.20416666666665,-989.7024333333334,230.82882083333334,900.8833333333333,1099.7291666666667,,49.999583333333334,-198.83333333333334,792.0333333333333,66.58333333333333,8.816666666666666
2021-11-16 00:00:00+00:00,156.57750000000001,63.99208333333333,169.29749999999999,219.14041666666665,-985.1326333333333,211.31250416666668,892.6333333333333,1062.2583333333334,,49.997256944444445,-169.65,816.6166666666667,118.1125,1.7458333333333333
2021-11-17 00:00:00+00:00,115.43791666666665,47.74625,129.09333333333333,129.09333333333333,-978.2663208333333,299.9409708333333,865.9833333333332,1052.4625,,49.999652777777776,-186.47916666666666,792.8583333333332,88.08333333333333,1.5541666666666665
2021-11-18 00:00:00+00:00,94.27,59.00875,94.27,94.27,-976.6913166666667,335.272575,743.4041666666667,1055.7958333333333,,50.0009375,-312.4166666666667,665.4208333333333,133.95833333333334,4.054166666666666
2021-11-19 00:00:00+00:00,86.10625,72.15875,86.10625,86.10625,-802.9434041666667,192.21354166666666,657.3958333333334,1034.4875,,49.99861111111111,-377.0625,426.8458333333333,112.42916666666667,4.016666666666667
2021-11-20 00:00:00+00:00,88.8925,15.72875,88.8925,88.8925,-976.7083375000001,323.1461791666667,818.8291666666668,931.1666666666666,,50.000972222222224,-112.34583333333335,865.5416666666666,184.20000000000002,9.591666666666667
2021-11-21 00:00:00+00:00,113.765,65.28041666666667,113.765,113.765,-978.34965,228.72604166666667,736.8458333333333,943.3833333333333,,50.00048611111111,-206.5375,772.9083333333333,93.4875,6.8
2021-11-22 00:00:00+00:00,162.37791666666666,139.00875,162.37791666666666,162.37791666666666,-864.30555,58.74478333333334,942.8249999999999,1085.575,,49.99975694444444,-142.79999999999998,722.5124999999999,91.8625,12.279166666666667
2021-11-23 00:00:00+00:00,155.52958333333333,125.9225,155.52958333333333,155.52958333333333,-796.7013833333334,10.077774999999999,902.6625,1085.175,,49.99979166666667,-182.47916666666666,615.0583333333333,72.05833333333334,1.9458333333333335
2021-11-24 00:00:00+00:00,130.23208333333335,105.09416666666668,134.24666666666667,134.24666666666667,-854.5954916666666,175.07187916666666,945.1541666666667,1084.6333333333334,,49.999965277777775,-139.47916666666666,716.1833333333334,135.70833333333334,7.779166666666666
2021-11-25 00:00:00+00:00,119.77791666666667,111.68583333333333,119.77791666666667,119.77791666666667,-706.1999999999999,158.30382083333333,1102.7666666666667,1115.3541666666667,,50.0,-12.587499999999999,694.6333333333333,186.32083333333333,3.125
2021-11-26 00:00:00+00:00,166.77375,166.77375,166.77375,166.77375,-316.0680541666666,-51.849654166666674,1067.3208333333334,1135.2833333333333,,50.000451388888884,-67.9875,248.70000000000002,94.84583333333335,5.920833333333333
2021-11-27 00:00:00+00:00,177.15708333333336,177.15708333333336,177.15708333333336,177.15708333333336,-203.3732625,-10.748262499999997,1131.6208333333334,1086.8583333333333,,50.001041666666666,44.77916666666666,248.4416666666667,258.05,3.1
2021-11-28 00:00:00+00:00,187.015,187.015,187.015,187.015,-64.64583333333333,-56.08403333333333,1231.9208333333333,1097.3500000000001,,49.999722222222225,134.55416666666667,199.31666666666663,167.31666666666666,0.6208333333333333
2021-11-29 00:00:00+00:00,266.4833333333333,262.6275,266.4833333333333,266.4833333333333,-69.08194583333334,-178.31492083333333,1259.8041666666666,1222.9583333333333,,50.000034722222225,36.89166666666667,106.10000000000001,196.53333333333333,0.24166666666666667
2021-11-30 00:00:00+00:00,184.00666666666666,170.54333333333332,184.00666666666666,184.00666666666666,-734.6423583333334,99.51979583333333,1142.6625000000001,1186.7583333333334,,50.00010416666667,-44.074999999999996,691.4416666666666,182.65833333333333,0.5875
2021-12-01 00:00:00+00:00,166.75791666666666,166.73916666666665,166.75791666666666,166.75791666666666,-328.42360833333333,-80.04444583333334,1085.2833333333333,1206.9750000000001,,50.001875000000005,-121.67916666666667,207.11666666666667,110.95,0.9458333333333333
2021-12-02 00:00:00+00:00,198.18083333333334,198.18083333333334,198.18083333333334,198.18083333333334,-28.678124999999994,-132.1229125,1179.4416666666666,1214.1416666666667,,50.00128472222222,-34.645833333333336,-5.9416666666666655,137.90416666666667,1.0041666666666667
2021-12-03 00:00:00+00:00,186.73625,177.17166666666665,186.73625,186.73625,-597.4927166666666,52.10276666666667,1050.0708333333334,1207.6916666666666,,49.9965625,-157.61666666666667,440.62916666666666,102.50416666666666,0.6333333333333333
2021-12-04 00:00:00+00:00,164.56041666666667,162.65291666666667,164.56041666666667,164.56041666666667,-827.642025,172.3538166666667,891.4083333333333,1124.7250000000001,,49.99899305555555,-233.33333333333334,595.275,26.9875,0.7458333333333332
2021-12-05 00:00:00+00:00,150.0075,150.0075,150.0075,150.0075,-486.69166249999995,17.098958333333332,885.3625000000001,1128.4708333333333,,50.00138888888889,-243.04166666666666,244.13750000000002,56.0,1.1500000000000001
2021-12-06 00:00:00+00:00,290.6466666666667,290.6466666666667,290.6466666666667,290.6466666666667,-492.69791250000003,-73.50764166666666,989.3541666666666,1333.2958333333333,,50.00055555555556,-343.925,149.29583333333332,31.09166666666667,1.0666666666666667
2021-12-07 00:00:00+00:00,477.8570833333333,477.8570833333333,477.8570833333333,477.8570833333333,-493.9874916666667,-189.0388875,958.1583333333333,1358.9875,,49.99951388888889,-400.82916666666665,93.70833333333333,32.86666666666667,1.0458333333333334
2021-12-08 00:00:00+00:00,433.5491666666667,432.2341666666667,433.5491666666667,433.5491666666667,-164.45902916666668,-233.46180416666667,990.8125,1323.4416666666666,,50.000416666666666,-332.6458333333333,-167.85,20.829166666666666,0.5958333333333333
2021-12-09 00:00:00+00:00,268.1375,265.6141666666667,268.9008333333333,268.9008333333333,-736.6836833333333,10.0236125,1022.0291666666667,1331.2375,,49.998645833333335,-309.15833333333336,428.1958333333334,93.99583333333334,0.8375
2021-12-10 00:00:00+00:00,215.40458333333333,212.57875,225.86416666666665,231.015,-955.7308916666667,155.66319583333333,1039.55,1271.9750000000001,,50.0009375,-232.42083333333335,724.125,144.89583333333334,0.2916666666666667
2021-12-11 00:00:00+00:00,198.89208333333332,178.1029166666667,208.6866666666667,222.41916666666668,-935.5652791666666,214.9024375,973.7375000000001,1101.2958333333333,,49.99850694444444,-127.55,809.0083333333333,72.64583333333333,0.325
2021-12-12 00:00:00+00:00,177.66750000000002,167.90125,180.54291666666666,182.66125,-945.5701458333333,306.1340333333333,876.4666666666667,1042.0291666666667,,50.00069444444445,-165.61249999999998,781.1041666666666,16.533333333333335,0.8541666666666666
2021-12-13 00:00:00+00:00,212.58791666666664,201.37249999999997,216.93166666666664,233.83833333333334,-854.3326416666667,222.00868749999998,1020.2416666666667,1156.825,,49.99836805555556,-136.54583333333332,718.8416666666667,55.104166666666664,1.4666666666666668
2021-12-14 00:00:00+00:00,208.4333333333333,192.31583333333333,221.3658333333333,239.56875,-703.1812541666667,175.36839999999998,1124.45,1146.4166666666667,,50.00125,-21.858333333333334,682.2083333333334,135.47083333333333,1.0708333333333333
2021-12-15 00:00:00+00:00,147.69416666666666,78.84791666666666,147.69416666666666,170.82833333333335,-967.1534708333334,269.8520875,1053.2541666666666,1142.0958333333333,,50.00010416666667,-88.84583333333335,879.5,130.4125,1.3625
2021-12-16 00:00:00+00:00,135.54875,122.04875,136.45791666666665,139.69125,-828.5871541666667,277.57325833333334,1026.1625000000001,1074.7083333333333,,50.000277777777775,-48.59583333333333,781.1708333333332,184.04583333333335,5.495833333333334
2021-12-17 00:00:00+00:00,166.20000000000002,157.81416666666667,172.65708333333336,195.86416666666665,-670.9201375,173.303125,1131.9458333333334,1088.375,,49.99979166666667,43.63333333333333,715.4625,124.71249999999999,3.3000000000000003
2021-12-18 00:00:00+00:00,117.60666666666667,77.61666666666666,117.60666666666667,117.60666666666667,-965.9944291666667,201.6760416666667,649.7166666666667,967.2583333333333,,50.000034722222225,-317.55833333333334,649.6208333333333,152.80416666666667,1.1166666666666667
2021-12-19 00:00:00+00:00,86.57333333333332,66.88541666666667,86.57333333333332,86.57333333333332,-857.1760416666666,252.04999166666667,745.2833333333333,977.6750000000001,,50.000451388888884,-232.36249999999998,625.8791666666667,229.7458333333333,2.4166666666666665
2021-12-20 00:00:00+00:00,276.7058333333333,275.33583333333337,278.1045833333333,307.96,-159.47639166666667,31.759383333333336,1305.3708333333334,1181.0083333333334,,49.99809027777778,124.37916666666666,284.12916666666666,177.67916666666667,1.8041666666666665
2021-12-21 00:00:00+00:00,408.04875,408.04875,413.24333333333334,413.24333333333334,-264.19721666666663,42.48194166666667,1387.7458333333334,1217.7625,,49.99993055555555,169.98333333333332,434.60833333333335,90.02916666666665,1.4874999999999998
2021-12-22 00:00:00+00:00,358.85833333333335,358.85833333333335,367.11083333333335,380.52583333333337,-342.36667083333333,-9.318058333333335,1287.1041666666667,1230.7875000000001,,50.00052083333333,56.37083333333334,399.2291666666667,72.17916666666666,1.4625000000000001
2021-12-23 00:00:00+00:00,172.3275,172.3275,251.605,251.605,-757.772225,405.8986,1361.6041666666667,1128.7708333333333,,49.99784722222222,232.79999999999998,991.4708333333333,224.83333333333334,1.4791666666666667
2021-12-24 00:00:00+00:00,137.46041666666667,135.75041666666667,139.01624999999999,139.01624999999999,-887.7152666666666,393.2170125,1097.7291666666667,1079.4083333333333,,50.00038194444445,18.3,906.85,91.86666666666667,0.17500000000000002
2021-12-25 00:00:00+00:00,129.29833333333332,129.29833333333332,129.29833333333332,129.29833333333332,-787.103125,197.8590291666667,858.85,1038.5,,49.99885416666667,-179.64583333333334,608.1625,126.47083333333335,0.6791666666666667
2021-12-26 00:00:00+00:00,154.13541666666666,154.13541666666666,156.64000000000001,156.98375000000001,-399.0843875,180.960425,1168.2166666666667,1069.0708333333334,,50.00038194444445,99.17083333333333,498.7416666666666,117.575,0.5499999999999999
2021-12-27 00:00:00+00:00,158.445,158.445,158.445,158.445,-204.2697916666667,22.50243333333333,1037.9416666666666,1143.4583333333333,,50.00090277777778,-105.52083333333333,99.05833333333334,32.458333333333336,0.3125
2021-12-28 00:00:00+00:00,132.84791666666666,132.05625,132.84791666666666,132.84791666666666,-556.0201375,174.90139166666665,1111.9166666666667,1133.1541666666667,,50.000451388888884,-21.216666666666665,535.4583333333334,130.43333333333334,0.5666666666666667
2021-12-29 00:00:00+00:00,153.3525,153.3525,153.79208333333332,153.79208333333332,-700.0499875,317.48611666666665,1206.1791666666666,1153.4791666666667,,49.99854166666667,52.729166666666664,753.5749999999999,118.74583333333334,0.3166666666666667
2021-12-30 00:00:00+00:00,113.63416666666666,71.56041666666667,113.63416666666666,113.63416666666666,-980.2194416666666,327.70312083333334,842.0291666666667,1147.1166666666666,,50.00079861111111,-305.1041666666667,676.0291666666667,128.98333333333332,0.22083333333333333
2021-12-31 00:00:00+00:00,80.83666666666666,65.73375,80.83666666666666,80.83666666666666,-880.6927083333334,209.52395833333333,609.2291666666666,1030.2708333333333,,49.996875,-421.07916666666665,460.75,63.270833333333336,2.379166666666667
2022-01-01 00:00:00+00:00,82.79375,82.45708333333333,82.79375,82.79375,-852.7187458333333,142.92430416666667,547.3208333333333,954.6,,50.00072916666667,-407.25416666666666,446.4916666666666,98.6875,1.0083333333333335
2022-01-02 00:00:00+00:00,56.254999999999995,55.86041666666667,56.254999999999995,56.254999999999995,-769.0298666666666,82.1170125,488.4458333333334,1018.8458333333333,,49.99805555555556,-530.3833333333333,239.48333333333335,97.625,0.43333333333333335
2022-01-03 00:00:00+00:00,95.30458333333333,81.18041666666666,95.30458333333333,95.30458333333333,-814.7420125,111.92152916666667,626.3249999999999,1135.6125,,50.00052083333333,-509.2791666666667,306.33750000000003,31.55,0.5916666666666667
2022-01-04 00:00:00+00:00,145.61625,126.43416666666667,145.61625,146.38958333333332,-905.4784625000001,206.48680833333333,832.1916666666666,1103.6166666666666,,50.000416666666666,-271.3833333333333,635.0333333333333,81.83333333333333,1.8083333333333333
2022-01-05 00:00:00+00:00,122.35375,121.63875,122.35375,122.35375,-503.33855,-38.7135375,631.6208333333333,1122.6083333333333,,49.999409722222225,-490.92916666666673,13.100000000000003,48.87916666666666,1.7916666666666667
2022-01-06 00:00:00+00:00,172.50291666666666,171.16833333333332,172.50291666666666,173.81375,-931.228475,318.19515,988.1291666666666,1150.2291666666667,,49.99982638888889,-162.09583333333333,770.0541666666667,133.975,0.6083333333333333
2022-01-07 00:00:00+00:00,167.66666666666666,167.66666666666666,167.66666666666666,167.66666666666666,-515.4933916666666,88.91319583333335,1042.4666666666667,1177.5791666666667,,50.00017361111111,-135.08333333333334,380.9458333333334,107.11666666666667,1.1166666666666667
2022-01-08 00:00:00+00:00,156.81041666666667,156.81041666666667,156.81041666666667,156.81041666666667,-440.8552041666667,88.44477916666666,1070.3625,1079.3500000000001,,49.99774305555556,-8.983333333333333,432.4875,79.1875,0.32916666666666666
2022-01-09 00:00:00+00:00,148.29166666666666,148.29166666666666,148.29166666666666,148.29166666666666,-501.83333749999997,83.15694583333332,951.9875000000001,1021.5124999999999,,50.00145833333333,-69.49166666666666,432.9458333333334,45.69166666666666,0.32916666666666666
2022-01-10 00:00:00+00:00,248.8429166666667,248.8429166666667,251.285,251.285,-63.050337500000005,-245.78715,1150.6499999999999,1170.0958333333333,,50.000659722222224,-19.424999999999997,43.75416666666666,35.74166666666667,0.2791666666666667
2022-01-11 00:00:00+00:00,194.70916666666668,157.64791666666667,208.79250000000002,242.44875000000002,-964.3857708333334,78.63750833333334,1237.6916666666666,1304.0,,49.999027777777776,-66.325,898.9583333333334,42.425000000000004,1.1958333333333333
2022-01-12 00:00:00+00:00,180.68916666666667,79.52541666666666,190.85166666666666,208.54416666666665,-994.7753458333333,76.0413125,1142.5333333333333,1214.4916666666666,,50.001597222222216,-71.99166666666666,923.4666666666667,157.36249999999998,0.35833333333333334
2022-01-13 00:00:00+00:00,152.42583333333332,18.839583333333334,152.42583333333332,152.42583333333332,-989.6923625,153.83437083333334,884.4375,1057.6666666666667,,49.9971875,-173.22916666666666,817.2208333333333,249.42499999999998,12.979166666666666
2022-01-14 00:00:00+00:00,96.74000000000001,60.58541666666667,96.74000000000001,96.74000000000001,-961.910425,129.3805625,800.8000000000001,1061.4375,,50.00086805555556,-260.5625,702.0041666666666,253.5,5.116666666666666
2022-01-15 00:00:00+00:00,149.06,93.80666666666667,149.06,149.06,-952.0194416666667,59.28680833333333,724.2791666666667,957.5166666666668,,50.00329861111111,-233.23749999999998,719.4583333333334,181.0666666666667,20.25
2022-01-16 00:00:00+00:00,102.18041666666666,19.64875,102.18041666666666,102.18041666666666,-995.6645875,155.0298625,631.1541666666667,964.2833333333333,,50.00010416666667,-333.1125,663.2624999999999,176.13333333333333,4.758333333333334
2022-01-17 00:00:00+00:00,106.39375,81.42041666666667,106.39375,106.39375,-967.4739625000001,152.253475,752.1333333333333,1084.2583333333334,,49.999409722222225,-332.1458333333333,636.2041666666667,217.1875,1.6666666666666667
2022-01-18 00:00:00+00:00,170.595,142.46291666666667,175.92416666666668,175.92416666666668,-906.63645,125.26076666666667,1040.5375000000001,1129.7875000000001,,49.998263888888886,-89.2625,818.1083333333332,130.01250000000002,3.779166666666667
2022-01-19 00:00:00+00:00,149.96791666666667,62.55416666666667,149.96791666666667,149.96791666666667,-999.540275,140.68298333333334,920.8708333333334,1083.1583333333333,,50.0009375,-162.2875,838.3874999999999,191.36249999999998,4.1499999999999995
2022-01-20 00:00:00+00:00,98.27166666666666,80.34625,98.27166666666666,98.27166666666666,-969.0968833333333,69.81389583333333,668.1875,1091.5166666666667,,50.00055555555556,-423.325,546.9166666666666,164.22916666666666,2.8249999999999997
2022-01-21 00:00:00+00:00,128.16625,113.90916666666668,128.16625,128.16625,-943.21285,-43.550354166666665,696.4416666666666,1098.4875,,49.99861111111111,-402.0833333333333,542.2208333333333,227.11666666666667,1.5208333333333333
2022-01-22 00:00:00+00:00,168.2225,161.69625,168.2225,168.2225,-614.3048416666667,-108.92811666666667,906.6,1018.35,,49.99930555555555,-111.78333333333335,503.4583333333333,85.76666666666667,1.2791666666666666
2022-01-23 00:00:00+00:00,147.93416666666667,78.61874999999999,147.93416666666667,147.93416666666667,-992.4878458333333,115.25068750000001,880.4250000000001,1001.6416666666668,,50.00086805555556,-121.21666666666665,872.3333333333334,92.46249999999999,0.9416666666666668
2022-01-24 00:00:00+00:00,153.23208333333335,62.33541666666667,153.23208333333335,153.23208333333335,-994.5927041666667,95.03542916666667,966.2666666666668,1068.9624999999999,,49.99961805555555,-102.72083333333335,893.0208333333334,186.89583333333334,1.9583333333333333
2022-01-25 00:00:00+00:00,166.90416666666667,141.55708333333334,180.02666666666667,185.68625,-956.2822875,147.09305,1072.0249999999999,1090.3208333333334,,49.99951388888889,-18.258333333333333,939.1458333333334,66.24583333333334,18.566666666666666
2022-01-26 00:00:00+00:00,162.73208333333335,100.40875,180.22375,184.73208333333332,-974.2458291666667,99.76417500000001,1082.6791666666666,1148.9916666666666,,50.00006968641115,-66.3875,908.9041666666667,117.92083333333333,8.695833333333333
2022-01-27 00:00:00+00:00,152.25750000000002,137.43458333333334,152.25750000000002,152.25750000000002,-849.1781291666666,-34.6392375,836.3874999999999,1114.5833333333333,,50.00190972222222,-278.1875,572.0708333333333,79.57083333333334,3.3833333333333333
2022-01-28 00:00:00+00:00,130.6675,121.22625,130.6675,130.6675,-916.3635375,49.2149375,734.4916666666667,1092.25,,49.99961805555555,-357.72499999999997,559.6583333333333,157.01250000000002,2.120833333333333
2022-01-29 00:00:00+00:00,134.48708333333335,21.579583333333332,134.48708333333335,134.48708333333335,-958.6673625,185.47395833333334,785.275,996.0083333333333,,50.00020833333333,-210.70000000000002,749.0333333333333,197.39999999999998,5.0125
2022-01-30 00:00:00+00:00,75.40625,39.21541666666666,75.40625,75.40625,-929.0222208333333,124.62153333333333,661.3916666666667,974.2583333333333,,49.999340277777776,-312.84583333333336,617.275,166.92916666666667,3.779166666666667
2022-01-31 00:00:00+00:00,180.20291666666665,176.61958333333334,182.73791666666668,182.73791666666668,-840.0413125,93.25521250000001,1110.3083333333334,1129.0666666666666,,49.999652777777776,-18.754166666666666,822.3708333333334,116.37083333333334,0.5958333333333333
2022-02-01 00:00:00+00:00,182.86875,147.76624999999999,184.45000000000002,184.45000000000002,-907.6194541666667,89.5048625,1120.6583333333333,1144.2375,,50.00309027777777,-23.558333333333334,885.0208333333334,19.195833333333333,0.6208333333333333
2022-02-02 00:00:00+00:00,170.85083333333333,167.46666666666667,170.85083333333333,170.85083333333333,-721.7479125,-64.05034166666667,1077.8583333333333,1187.2666666666667,,49.997395833333336,-109.39583333333333,613.1416666666667,13.558333333333332,1.1375
2022-02-03 00:00:00+00:00,177.00958333333332,175.1425,177.00958333333332,177.00958333333332,-513.834725,-190.76042083333334,1130.9208333333333,1180.7166666666667,,50.00121527777778,-49.77916666666667,464.7708333333333,19.125,1.4749999999999999
2022-02-04 00:00:00+00:00,123.35458333333332,73.04541666666667,123.35458333333332,123.35458333333332,-937.6687583333334,20.005208333333332,876.9166666666666,1142.7916666666667,,50.00256944444445,-265.90833333333336,672.7375000000001,189.0875,2.7416666666666667
2022-02-05 00:00:00+00:00,74.54458333333334,59.27125,74.54458333333334,74.54458333333334,-979.5683958333334,159.64374583333333,621.4208333333333,1013.5666666666666,,49.99701388888889,-392.1791666666666,588.3583333333333,146.69583333333333,1.4458333333333335
2022-02-06 00:00:00+00:00,91.9175,40.5775,91.9175,91.9175,-970.3322875,183.43819583333334,559.7291666666666,957.5791666666668,,49.99913194444444,-397.875,573.525,151.67499999999998,3.9125
2022-02-07 00:00:00+00:00,112.1225,108.09958333333333,112.1225,112.1225,-926.0961833333334,72.50799166666667,613.6083333333333,1082.9416666666666,,50.00006944444445,-469.3833333333334,457.8625,49.88333333333333,3.345833333333333
2022-02-08 00:00:00+00:00,126.77999999999999,93.19,126.77999999999999,126.77999999999999,-979.9381958333333,149.43715416666666,660.5875,1093.0458333333333,,49.998645833333335,-432.4041666666667,548.5375,99.38333333333333,4.179166666666666
2022-02-09 00:00:00+00:00,115.67625,78.34166666666667,115.67625,115.67625,-978.8795083333333,268.2368125,724.3083333333334,1085.45,,49.99979166666667,-361.1125,618.8874999999999,159.63750000000002,5.466666666666666
2022-02-10 00:00:00+00:00,116.22875,55.09875,116.22875,116.22875,-995.7159708333334,332.7451375,777.6875,1075.4166666666667,,50.00020833333333,-297.76666666666665,699.1666666666666,184.14166666666665,13.066666666666668
2022-02-11 00:00:00+00:00,120.20125,102.10583333333334,120.20125,120.20125,-988.4638916666667,285.234375,751.9875000000001,1072.6708333333333,,50.00048611111111,-320.7291666666667,668.8249999999999,120.77083333333333,26.729166666666668
2022-02-12 00:00:00+00:00,89.06583333333333,40.88916666666667,89.06583333333333,89.06583333333333,-944.5677166666666,323.91840833333333,660.4666666666667,994.1666666666666,,50.000972222222224,-333.65000000000003,611.7833333333333,221.09166666666667,18.76666666666667
2022-02-13 00:00:00+00:00,24.111666666666668,17.367916666666666,24.111666666666668,24.111666666666668,-869.9128416666667,335.0729125,626.875,960.5708333333333,,49.999861111111116,-333.67083333333335,537.1041666666666,257.9583333333333,10.316666666666666
2022-02-14 00:00:00+00:00,70.94583333333334,70.03708333333333,70.94583333333334,70.94583333333334,-608.1059083333333,200.17360416666668,761.7375000000001,1036.6000000000001,,49.999375,-274.825,334.01666666666665,217.82083333333333,16.575
2022-02-15 00:00:00+00:00,96.79375,73.58749999999999,96.79375,96.79375,-989.9711874999999,428.7482583333333,722.4499999999999,1030.7958333333333,,49.999409722222225,-308.3541666666667,682.6708333333332,208.72916666666666,29.254166666666666
2022-02-16 00:00:00+00:00,79.17625,74.51833333333333,79.17625,79.17625,-858.6993083333333,281.2878375,605.2916666666666,1053.2458333333334,,50.00083333333333,-447.9375,411.8458333333333,184.2125,11.383333333333333
2022-02-17 00:00:00+00:00,63.52916666666667,60.552083333333336,63.52916666666667,63.52916666666667,-930.8663208333334,236.889575,447.54583333333335,1096.4624999999999,,50.00131944444444,-648.9041666666667,283.03749999999997,189.0375,7.045833333333333
2022-02-18 00:00:00+00:00,81.24166666666666,73.94708333333334,81.24166666666666,81.24166666666666,-899.3361125,169.07986250000002,490.12916666666666,1097.2708333333333,,49.99892361111111,-607.1125000000001,293.26666666666665,176.32500000000002,21.920833333333334
2022-02-19 00:00:00+00:00,63.84916666666666,63.84916666666666,63.84916666666666,63.84916666666666,-737.3444375,62.47708333333333,398.81666666666666,1015.7541666666666,,49.99888888888889,-616.9,121.45,113.075,7.104166666666667
2022-02-20 00:00:00+00:00,74.3625,71.72500000000001,74.3625,74.3625,-761.6618083333333,42.14757083333333,359.5708333333334,1000.8708333333334,,50.000347222222224,-641.2208333333333,121.3875,60.5,11.570833333333333
2022-02-21 00:00:00+00:00,77.85000000000001,77.74541666666667,77.85000000000001,77.85000000000001,-713.7725666666666,8.566679166666665,477.9083333333333,1119.4375,,49.999583333333334,-641.5833333333334,73.24166666666666,150.3375,6.858333333333333
2022-02-22 00:00:00+00:00,115.62833333333333,115.62833333333333,115.62833333333333,115.62833333333333,-551.2232666666667,-13.045833333333334,581.1374999999999,1107.7541666666666,,49.999652777777776,-526.5875,25.450000000000003,97.87083333333334,11.083333333333334
2022-02-23 00:00:00+00:00,110.72041666666667,98.65875,110.72041666666667,110.72041666666667,-509.79166250000003,124.1177125,583.8916666666667,1076.8500000000001,,50.000590277777775,-492.9041666666667,17.470833333333335,51.30416666666667,18.866666666666667
2022-02-24 00:00:00+00:00,70.53166666666667,58.469166666666666,70.53166666666667,71.11749999999999,-939.0961791666667,429.6045125,577.0749999999999,991.2541666666666,,49.99923611111112,-414.19166666666666,525.9583333333334,255.7458333333333,18.558333333333334
2022-02-25 00:00:00+00:00,86.32333333333334,74.69625,86.32333333333334,86.32333333333334,-712.0472291666666,305.2274333333333,666.6708333333333,1024.7708333333333,,49.99979166666667,-358.02500000000003,354.8833333333334,211.65833333333333,12.025
2022-02-26 00:00:00+00:00,132.31708333333333,71.21708333333333,132.31708333333333,132.31708333333333,-971.7694416666667,491.3770916666667,614.7791666666667,910.8000000000001,,50.00010416666667,-296.0083333333333,676.8666666666667,79.39999999999999,67.20833333333333
2022-02-27 00:00:00+00:00,118.56875000000001,27.74291666666667,118.56875000000001,118.56875000000001,-1000.3857583333333,521.7138791666666,637.9,921.7916666666666,,49.99923611111112,-283.8,717.5375,114.425,54.46666666666667
2022-02-28 00:00:00+00:00,161.89541666666665,93.15916666666668,161.89541666666665,161.89541666666665,-980.4291708333334,499.4555541666667,782.225,986.0916666666667,,49.999965277777775,-203.82083333333333,777.6458333333334,115.47916666666667,81.52083333333333
2022-03-01 00:00:00+00:00,153.98166666666665,70.07333333333334,153.98166666666665,153.98166666666665,-1000.3121500000001,498.3927166666667,753.5,983.3166666666666,,50.00100694444445,-229.83333333333334,771.5833333333334,121.74583333333334,82.6375
2022-03-02 00:00:00+00:00,187.13833333333332,68.00375,194.01333333333332,211.4375,-1000.3100833333333,551.6729166666667,965.3041666666667,1064.675,,49.997708333333335,-99.32916666666667,901.975,56.725,26.645833333333332
2022-03-03 00:00:00+00:00,122.60166666666667,81.43291666666666,188.56708333333333,193.98041666666666,-992.7399208333333,559.4583416666667,1030.2541666666666,1043.325,,50.000659722222224,-13.066666666666668,980.7166666666667,72.14583333333333,38.35
2022-03-04 00:00:00+00:00,198.56958333333333,196.41791666666666,224.37041666666667,224.37041666666667,-834.46805,551.1632041666667,1099.0291666666667,1019.2833333333333,,49.99993055555555,79.71249999999999,915.1583333333333,89.01666666666667,80.64166666666667
2022-03-05 00:00:00+00:00,162.47958333333332,80.81375,191.15041666666664,191.15041666666664,-989.1822874999999,532.9100666666667,903.3333333333334,920.5875,,49.998333333333335,-17.2625,972.9833333333332,62.42916666666667,92.22083333333335
2022-03-06 00:00:00+00:00,110.99958333333332,60.785833333333336,110.99958333333332,110.99958333333332,-1000.3534666666666,498.05660000000006,804.2875,881.6166666666667,,49.999652777777776,-77.35,924.0833333333334,127.61666666666667,70.78333333333333
2022-03-07 00:00:00+00:00,208.62125,180.93291666666667,212.32041666666666,212.32041666666666,-800.9736083333333,457.16457916666667,1060.2791666666667,1061.8958333333333,,50.00100694444445,-1.6458333333333333,800.225,59.574999999999996,19.191666666666666
2022-03-08 00:00:00+00:00,195.35333333333332,184.52374999999998,240.26625,268.59208333333333,-870.6323000000001,575.0156208333334,1181.0916666666667,1094.6416666666667,,50.000416666666666,86.44166666666666,957.9458333333333,40.829166666666666,23.641666666666666
2022-03-09 00:00:00+00:00,202.85541666666666,173.17708333333334,245.97125000000003,245.97125000000003,-870.8503333333333,619.5600708333333,1184.025,1111.9583333333333,,49.997708333333335,72.075,943.8874999999999,41.895833333333336,64.34583333333333
2022-03-10 00:00:00+00:00,157.38833333333332,50.67250000000001,193.60958333333335,193.60958333333335,-990.7836833333334,664.2690916666667,1085.9416666666666,1114.0708333333334,,49.99930555555555,-28.162500000000005,963.6125000000001,110.58333333333333,94.17083333333333
2022-03-11 00:00:00+00:00,143.17583333333332,86.06875000000001,143.17583333333332,143.17583333333332,-981.0506999999999,538.08195,820.5208333333334,1062.9083333333333,,50.00131944444444,-242.3791666666667,739.7208333333333,120.0625,68.1375
2022-03-12 00:00:00+00:00,121.13541666666667,97.42458333333333,121.13541666666667,121.13541666666667,-993.8708458333334,538.1666708333333,689.7666666666668,949.0666666666667,,49.99875,-259.23333333333335,735.725,25.72083333333333,81.025
2022-03-13 00:00:00+00:00,85.54791666666667,57.215833333333336,85.54791666666667,85.54791666666667,-1000.6642291666667,519.69965,636.9166666666666,910.2958333333332,,50.000729166666666,-273.40833333333336,728.3666666666667,40.62916666666667,88.99166666666667
2022-03-14 00:00:00+00:00,149.89666666666668,108.3725,173.2279166666667,173.2279166666667,-916.9579833333333,699.5638791666667,1063.2791666666667,1021.5958333333333,,50.0009375,41.666666666666664,959.7125,45.1625,103.00833333333333
2022-03-15 00:00:00+00:00,163.18916666666667,124.51041666666667,252.56833333333336,260.53000000000003,-912.1611083333333,691.5718708333334,1082.575,1005.3041666666667,,49.99829861111111,77.2625,990.5,32.96666666666667,101.02083333333333
2022-03-16 00:00:00+00:00,158.11708333333334,78.04166666666667,212.37416666666664,212.37416666666664,-987.2541625,700.5236,1018.75,1016.2083333333334,,49.99805555555556,2.5958333333333337,990.7916666666666,26.741666666666664,104.51249999999999
2022-03-17 00:00:00+00:00,147.06208333333333,26.958333333333332,150.39416666666668,150.39416666666668,-999.8444458333333,721.040975,947.1041666666666,1030.4208333333333,,50.00184027777778,-83.31666666666666,917.5666666666666,78.425,105.875
2022-03-18 00:00:00+00:00,148.26583333333335,32.32458333333333,174.72708333333333,174.72708333333333,-999.4364666666667,724.0795125,981.0458333333332,1022.7291666666666,,49.999027777777776,-41.737500000000004,958.7916666666666,131.32916666666668,99.49166666666667
2022-03-19 00:00:00+00:00,124.24666666666667,12.790416666666667,124.24666666666667,124.24666666666667,-999.8364583333333,597.0625,661.4916666666667,972.1,,50.00121527777778,-310.57916666666665,690.2375000000001,45.68333333333334,57.15416666666667
2022-03-20 00:00:00+00:00,86.62291666666665,23.72791666666667,86.62291666666665,86.62291666666665,-991.9729125,627.3006916666667,594.7125,896.0666666666666,,50.00177083333333,-301.3625,691.6958333333333,85.02083333333333,111.75833333333333
2022-03-21 00:00:00+00:00,163.29416666666665,38.87416666666667,165.12208333333334,165.12208333333334,-999.3809083333334,610.9576458333333,858.9666666666667,980.4250000000001,,49.99777777777778,-121.4875,879.0166666666668,73.97500000000001,109.70416666666667
2022-03-22 00:00:00+00:00,181.60166666666666,102.34625,202.42625,202.42625,-960.6441,607.2600666666667,1006.7291666666666,982.8583333333332,,50.00086805555556,23.84166666666667,985.5416666666666,71.45833333333333,105.70833333333333
2022-03-23 00:00:00+00:00,185.07333333333335,124.62625000000001,202.60125000000002,202.60125000000002,-855.0374,554.6652583333333,1021.4625,1009.85,,50.002048611111114,11.616666666666667,867.6041666666666,77.41250000000001,67.875
2022-03-24 00:00:00+00:00,188.69375000000002,99.84125,188.69375000000002,188.69375000000002,-965.3812458333333,569.3173541666666,934.75,988.0208333333334,,49.99892361111111,-53.29583333333333,913.1708333333332,61.96666666666667,87.22083333333335
2022-03-25 00:00:00+00:00,157.62083333333334,39.85583333333333,157.62083333333334,157.62083333333334,-995.2947958333333,554.1902833333334,811.5041666666666,978.5166666666668,,49.99916666666667,-167.00833333333333,829.2624999999999,125.9375,67.75833333333334
2022-03-26 00:00:00+00:00,59.52333333333333,22.984583333333333,59.52333333333333,59.52333333333333,-965.8920166666667,419.35868750000003,611.9041666666667,943.0666666666666,,50.00024305555556,-331.2083333333333,635.6958333333333,262.45416666666665,39.50416666666667
2022-03-27 00:00:00+00:00,78.43458333333334,40.645,78.43458333333334,78.43458333333334,-983.0958333333333,397.4565916666667,528.0749999999999,889.125,,49.999861111111116,-361.0625,623.025,151.00833333333333,105.28750000000001
2022-03-28 00:00:00+00:00,73.89375,20.285416666666666,73.89375,73.89375,-977.2920125,303.71180833333335,568.9666666666667,1044.4875,,50.000416666666666,-475.5,502.87083333333334,215.42916666666667,50.78333333333333
2022-03-29 00:00:00+00:00,199.80791666666667,103.14708333333334,199.80791666666667,199.80791666666667,-1000.3281291666667,465.1506958333334,954.1708333333332,1111.1625000000001,,50.00020833333333,-156.97083333333333,844.4666666666667,49.949999999999996,37.15416666666667
2022-03-30 00:00:00+00:00,182.45000000000002,113.5175,182.45000000000002,214.06416666666667,-1000.4736125,570.6316,1049.3916666666667,1081.875,,49.99982638888889,-32.479166666666664,969.0958333333333,87.65416666666665,77.20833333333333
2022-03-31 00:00:00+00:00,188.31208333333333,185.2675,191.37375,191.37375,-929.8100666666666,523.3829916666667,1019.6166666666667,1084.95,,50.000347222222224,-65.24166666666666,865.5958333333333,29.71666666666667,84.81666666666668
2022-04-01 00:00:00+00:00,155.21166666666667,155.11833333333334,155.21166666666667,155.21166666666667,-437.3652833333333,208.22499166666668,920.7583333333333,1035.9541666666667,,49.999409722222225,-115.10833333333333,322.90833333333336,40.5375,105.075
2022-04-02 00:00:00+00:00,112.13083333333333,46.64208333333334,112.13083333333333,112.13083333333333,-998.9586791666667,398.909725,618.4833333333333,941.1791666666667,,50.00048611111111,-322.7,677.2708333333334,57.1875,110.02499999999999
2022-04-03 00:00:00+00:00,86.04666666666667,56.465,86.04666666666667,86.04666666666667,-960.1958416666666,354.01493750000003,569.0124999999999,918.6291666666666,,49.9996875,-349.60833333333335,611.5458333333333,65.27083333333333,101.25833333333333
2022-04-04 00:00:00+00:00,68.21458333333334,66.99541666666667,68.21458333333334,68.21458333333334,-814.5500000000001,301.38437500000003,692.6166666666667,1038.5791666666667,,50.001041666666666,-345.98333333333335,469.5291666666667,206.8708333333333,46.666666666666664
2022-04-05 00:00:00+00:00,86.93958333333335,53.42291666666667,86.93958333333335,86.93958333333335,-834.7809041666666,368.26667083333336,815.8416666666667,1096.8333333333333,,50.00013888888889,-280.98333333333335,554.85,225.38333333333333,34.86666666666667
2022-04-06 00:00:00+00:00,120.53291666666667,84.87916666666668,120.53291666666667,120.53291666666667,-956.1305625,428.21284583333335,820.7583333333333,1077.3875,,50.00048611111111,-256.675,700.5875,144.25833333333333,82.1875
2022-04-07 00:00:00+00:00,79.67458333333333,73.85375,79.67458333333333,79.67458333333333,-896.0066083333332,189.95451666666668,505.64166666666665,1055.25,,49.99868055555556,-549.5458333333333,347.49583333333334,92.3875,26.479166666666668
2022-04-08 00:00:00+00:00,48.16,29.7825,48.16,48.16,-967.7104166666667,247.80832916666668,541.5875,1054.9708333333333,,50.00125,-513.3708333333333,455.44166666666666,184.75833333333333,49.23333333333333
2022-04-09 00:00:00+00:00,29.72083333333333,28.096666666666664,29.72083333333333,29.72083333333333,-839.0499916666666,217.865175,521.3375,964.6791666666667,,49.999375,-443.32916666666665,396.79583333333335,200.42499999999998,78.69583333333334
2022-04-10 00:00:00+00:00,20.327083333333334,18.61375,20.327083333333334,20.327083333333334,-710.667,175.28645833333334,512.2958333333333,914.3458333333333,,50.001979166666665,-401.99583333333334,309.7,189.01666666666665,72.80416666666666
2022-04-11 00:00:00+00:00,144.89666666666668,77.93541666666667,144.89666666666668,151.27541666666667,-940.3704916666667,402.7072958333333,817.1791666666667,993.7083333333334,,49.999270833333334,-176.54583333333335,764.9875000000001,74.81666666666666,114.89166666666667
2022-04-12 00:00:00+00:00,154.81791666666666,122.19458333333334,154.81791666666666,162.08291666666665,-994.6715250000001,403.93715833333334,818.85,1000.7833333333333,,50.00020833333333,-181.975,813.9416666666666,32.88333333333333,121.32083333333333
2022-04-13 00:00:00+00:00,136.9925,99.52416666666666,136.9925,136.9925,-969.3687416666667,389.0173625,765.1583333333333,985.1291666666666,,49.998125,-220.0375,750.5416666666666,24.65833333333333,120.08749999999999
2022-04-14 00:00:00+00:00,115.67416666666666,89.78291666666667,120.83125,120.83125,-953.6496583333333,281.7496458333333,632.5375,1014.3874999999999,,49.999375,-381.8333333333333,572.8208333333333,27.370833333333334,27.308333333333334
2022-04-15 00:00:00+00:00,85.60958333333333,63.465833333333336,85.60958333333333,85.60958333333333,-899.7277708333332,231.07951666666668,441.1333333333334,945.3125,,50.001597222222216,-504.15000000000003,396.675,93.35000000000001,46.6875
2022-04-16 00:00:00+00:00,62.617916666666666,55.37416666666667,62.617916666666666,62.617916666666666,-780.7635458333334,261.37500416666666,426.55833333333334,856.7666666666668,,49.99861111111111,-430.17083333333335,351.6958333333334,62.12083333333334,126.03750000000001
2022-04-17 00:00:00+00:00,49.64041666666666,49.64041666666666,49.64041666666666,49.64041666666666,-588.9114458333333,181.27918333333332,405.3958333333333,842.5791666666668,,49.99930555555555,-437.15000000000003,152.73749999999998,30.900000000000002,135.58333333333334
2022-04-18 00:00:00+00:00,89.14208333333333,72.87666666666667,89.14208333333333,89.14208333333333,-804.4704833333334,250.32117916666667,512.4208333333333,965.0375,,50.000138888888884,-452.60833333333335,353.0208333333333,35.333333333333336,102.35833333333333
2022-04-19 00:00:00+00:00,113.14916666666666,95.31,113.14916666666666,161.615,-899.1690874999999,422.38124999999997,612.0583333333333,891.75,,49.999027777777776,-279.6666666666667,620.6708333333333,82.29166666666667,137.12916666666666
2022-04-20 00:00:00+00:00,74.21958333333333,71.41541666666667,74.21958333333333,85.06541666666666,-786.9680583333334,365.0187458333333,596.7125,890.0583333333334,,50.00006944444445,-293.325,494.7833333333333,114.41666666666667,134.99166666666667
2022-04-21 00:00:00+00:00,62.73791666666667,44.82083333333333,62.73791666666667,62.73791666666667,-917.0441000000001,384.17812083333337,535.2958333333333,908.5833333333334,,50.00131944444444,-373.2208333333333,544.8916666666667,96.07083333333333,140.45416666666668
2022-04-22 00:00:00+00:00,93.1375,40.496249999999996,93.1375,93.1375,-977.1128583333334,338.6309,461.3,922.3833333333333,,50.00017361111111,-461.15000000000003,517.125,31.5,123.39583333333333
2022-04-23 00:00:00+00:00,61.46416666666667,27.704166666666666,61.46416666666667,61.46416666666667,-992.1173541666667,337.8975666666667,491.1333333333334,827.0500000000001,,49.99798611111111,-335.89166666666665,657.3291666666667,106.81666666666666,108.82916666666667
2022-04-24 00:00:00+00:00,82.97291666666668,82.08833333333334,82.97291666666668,86.55041666666666,-764.79445,232.96284166666666,497.0833333333333,823.1374999999999,,50.00371527777778,-326.0,439.7166666666667,131.09166666666667,62.98333333333334
2022-04-25 00:00:00+00:00,174.31291666666667,156.26166666666668,177.49541666666667,204.54333333333332,-747.2006916666666,497.7739625,1127.2541666666666,1008.0375,,50.00076388888888,119.23333333333333,867.4666666666667,36.391666666666666,34.983333333333334
2022-04-26 00:00:00+00:00,156.79958333333335,135.15833333333333,156.79958333333335,228.70375,-838.8329791666666,536.0499958333334,1003.8375,942.5749999999999,,50.00194444444444,61.23333333333333,901.25,65.675,116.22083333333335
2022-04-27 00:00:00+00:00,144.22041666666667,144.22041666666667,182.08791666666664,213.0091666666667,-534.7128208333334,446.017575,1161.5583333333334,963.2791666666667,,49.9981881533101,198.32500000000002,734.8666666666667,49.87083333333334,130.58333333333334
2022-04-28 00:00:00+00:00,131.84583333333333,131.74833333333333,219.50208333333333,222.54333333333332,-741.2045208333334,469.2291666666667,925.0333333333333,946.3083333333334,,49.999409722222225,-21.295833333333334,720.9541666666668,61.92916666666667,108.52083333333333
2022-04-29 00:00:00+00:00,149.06,130.12125,222.02166666666668,223.81708333333333,-751.4798666666667,477.51354583333335,945.9083333333333,970.6125000000001,,49.99472222222222,-24.729166666666668,727.8291666666668,53.00416666666666,112.59583333333335
2022-04-30 00:00:00+00:00,131.17249999999999,78.46,186.51791666666668,187.23291666666668,-941.1715333333333,486.3312458333333,583.2875,818.7916666666666,,50.00107638888889,-235.4333333333333,706.7583333333333,39.520833333333336,140.41666666666666
2022-05-01 00:00:00+00:00,137.835,123.09916666666668,137.835,137.835,-784.9291625000001,351.4684,572.2791666666667,846.525,,50.00118055555556,-274.1875,511.7166666666667,32.112500000000004,82.02916666666667
2022-05-02 00:00:00+00:00,134.09083333333334,50.95666666666667,157.49125,157.49125,-989.6510416666666,519.0697875,626.125,899.2916666666666,,49.99815972222222,-273.175,717.6374999999999,100.2,121.625
2022-05-03 00:00:00+00:00,130.09583333333333,119.87541666666668,145.93625,145.93625,-859.682975,474.43542083333335,735.8541666666666,946.3458333333333,,50.00055555555556,-210.4625,650.3666666666667,107.11666666666667,108.5125
2022-05-04 00:00:00+00:00,187.83083333333332,187.83083333333332,209.25458333333333,209.25458333333333,-525.584025,409.64443750000004,1037.6708333333333,961.4083333333333,,49.99989583333333,76.33333333333333,602.6708333333333,47.56666666666666,118.77499999999999
2022-05-05 00:00:00+00:00,145.0925,130.99375,220.7279166666667,220.7279166666667,-850.5802,491.30312499999997,833.7958333333332,908.6166666666667,,49.99916666666667,-74.8,776.8249999999999,68.27083333333333,116.92083333333333
2022-05-06 00:00:00+00:00,175.9104166666667,87.09416666666668,213.06583333333333,213.06583333333333,-950.7697958333333,440.15624583333334,720.2875,899.6958333333333,,49.99878472222222,-179.4375,772.5375,41.125,127.5125
2022-05-07 00:00:00+00:00,156.26833333333335,36.47291666666667,168.79541666666668,168.79541666666668,-982.8062458333334,506.89062916666666,698.8125,773.9208333333332,,49.999652777777776,-75.1125,908.9,75.26666666666667,110.60416666666667
2022-05-08 00:00:00+00:00,112.27458333333334,71.98041666666667,121.69625,121.69625,-902.4416666666666,428.77917083333335,722.8041666666667,794.5666666666666,,50.0009375,-71.71249999999999,831.8666666666667,91.02916666666665,144.59166666666667
2022-05-09 00:00:00+00:00,180.20458333333332,159.39875,180.20458333333332,180.20458333333332,-640.9805541666667,337.84305416666666,965.4833333333332,933.9541666666668,,50.00145833333333,31.520833333333332,673.475,60.77916666666667,116.85416666666667
2022-05-10 00:00:00+00:00,121.20541666666666,68.58416666666666,121.55,121.55,-939.2631875000001,495.0250083333333,838.2708333333334,884.1791666666667,,49.998125,-45.87916666666666,894.4875000000001,97.37083333333334,143.09583333333333
2022-05-11 00:00:00+00:00,104.69625,93.56708333333334,104.69625,104.69625,-809.8552,434.6961791666667,858.5124999999999,950.9875000000001,,50.000659722222224,-92.42083333333333,718.4916666666667,86.04166666666667,67.39999999999999
2022-05-12 00:00:00+00:00,106.07291666666667,106.07291666666667,106.07291666666667,106.07291666666667,-409.72291249999995,142.13367916666667,822.0375,947.9916666666667,,50.0003125,-125.92083333333333,284.51666666666665,78.57083333333334,45.137499999999996
2022-05-13 00:00:00+00:00,129.69291666666666,126.32083333333333,129.69291666666666,129.69291666666666,-592.0010416666667,291.7569458333333,860.4666666666667,906.4458333333333,,50.00048611111111,-45.94583333333333,546.9541666666667,92.28750000000001,118.46666666666665
2022-05-14 00:00:00+00:00,112.44083333333333,108.52541666666667,112.44083333333333,112.44083333333333,-281.9743125,198.9711875,749.4625,817.1291666666666,,49.99868055555556,-67.59166666666667,214.8166666666667,39.574999999999996,78.45416666666667
2022-05-15 00:00:00+00:00,85.97250000000001,67.91375000000001,92.39791666666667,92.39791666666667,-796.0006958333333,570.928125,815.6750000000001,759.25,,50.00114583333333,56.395833333333336,853.6083333333332,117.9375,139.04583333333332
2022-05-16 00:00:00+00:00,146.33916666666667,129.19958333333332,152.50416666666666,152.50416666666666,-905.7892208333333,631.1583291666667,916.1583333333333,891.8208333333333,,49.99916666666667,24.387500000000003,931.3083333333334,109.2625,122.82083333333334
2022-05-17 00:00:00+00:00,167.73,158.12791666666666,189.16583333333335,189.16583333333335,-532.7069416666667,462.20902916666665,1057.8583333333333,953.2541666666666,,50.00138888888889,104.60000000000001,638.1416666666667,77.55833333333334,70.26666666666667
2022-05-18 00:00:00+00:00,191.42166666666665,182.17291666666665,201.17416666666668,201.17416666666668,-293.28888333333333,431.16665416666666,1217.0916666666667,896.2916666666666,,50.000347222222224,320.84583333333336,614.5583333333333,99.16250000000001,150.0625
2022-05-19 00:00:00+00:00,228.79708333333335,228.79708333333335,228.88458333333332,228.88458333333332,-123.83750833333333,281.4815875,1156.6541666666667,928.9333333333334,,49.99913194444444,227.72083333333333,351.7,40.99583333333333,99.04166666666667
2022-05-20 00:00:00+00:00,243.92958333333334,243.0008333333333,243.92958333333334,243.92958333333334,-267.421175,421.54756249999997,1178.4375,943.0500000000001,,50.00069444444445,235.3375,503.23333333333335,71.11666666666666,32.15
2022-05-21 00:00:00+00:00,157.54625000000001,154.41916666666665,166.88666666666668,166.88666666666668,-506.0375041666666,457.7652791666667,933.7208333333333,781.3208333333333,,49.99930555555555,152.48333333333332,659.1916666666667,108.6125,120.50833333333333
2022-05-22 00:00:00+00:00,140.07958333333332,139.405,151.37833333333333,151.37833333333333,-632.9388916666667,590.6288291666666,1021.5708333333333,760.2416666666667,,49.99909722222222,261.2916666666667,895.3208333333333,62.09166666666667,153.01666666666668
2022-05-23 00:00:00+00:00,182.35083333333333,182.35083333333333,185.26916666666668,185.26916666666668,83.95799166666667,349.61042083333336,1344.4041666666667,861.6208333333334,,50.00409722222222,482.8041666666666,398.675,45.60833333333333,146.3375
2022-05-24 00:00:00+00:00,168.66541666666666,168.66541666666666,177.14541666666665,177.14541666666665,-7.065979166666655,370.6868,1286.1416666666667,859.9499999999999,,50.000034722222225,426.1875,433.375,36.516666666666666,149.79999999999998
2022-05-25 00:00:00+00:00,153.39083333333335,146.56,190.3345833333333,190.3345833333333,-584.8608333333333,659.0356166666667,1198.2333333333333,886.375,,50.00027972027972,311.8833333333333,897.2708333333334,43.55416666666667,109.10416666666667
2022-05-26 00:00:00+00:00,139.47708333333335,127.53875000000001,139.47708333333335,140.01541666666665,-530.1694416666667,501.01840833333335,935.3041666666667,900.8416666666667,,49.99947916666667,34.50416666666667,565.6625,21.375,68.20833333333333
2022-05-27 00:00:00+00:00,164.31041666666667,164.31041666666667,167.51916666666668,167.51916666666668,-420.52499166666666,531.8135458333334,1132.0708333333334,901.0541666666667,,50.000451388888884,231.0625,652.3791666666667,28.1375,60.020833333333336
2022-05-28 00:00:00+00:00,117.41250000000001,110.34750000000001,118.43458333333332,118.86874999999999,-267.5763875,359.7204875,792.3916666666668,790.1625,,50.00100694444444,2.3041666666666667,270.21666666666664,21.008333333333333,73.39999999999999
2022-05-29 00:00:00+00:00,130.41458333333335,123.84333333333335,138.28458333333333,148.44458333333333,-723.9447916666667,612.0020833333333,946.4875000000001,824.2083333333334,,50.000347222222224,122.24166666666667,847.35,15.6,95.54166666666667
2022-05-30 00:00:00+00:00,183.8216666666667,180.8125,213.01874999999998,217.78458333333333,-424.00937916666663,641.0590208333333,1306.9541666666667,962.8916666666668,,49.99975694444444,344.0916666666667,768.8791666666666,32.229166666666664,99.59583333333332
2022-05-31 00:00:00+00:00,156.68125,124.55624999999999,209.53,209.53,-925.2447958333333,755.8708291666667,930.5958333333333,958.6458333333334,,50.000451388888884,-28.0625,898.525,97.46249999999999,49.62083333333334
2022-06-01 00:00:00+00:00,149.78416666666666,127.03041666666667,235.5845833333333,235.5845833333333,-817.72465,680.6045083333333,888.0625,927.1791666666667,,50.000659722222224,-39.125,779.8833333333333,61.15833333333333,105.71666666666665
2022-06-02 00:00:00+00:00,141.21958333333333,139.34708333333333,160.43958333333333,160.43958333333333,-712.4864666666667,657.4927083333333,912.0749999999999,826.4333333333334,,49.99923611111112,85.64166666666667,799.3874999999999,122.60833333333333,62.75833333333333
2022-06-03 00:00:00+00:00,159.06708333333333,149.82041666666666,166.87208333333334,171.17458333333335,-701.3048625,628.9211791666667,998.8041666666667,883.4666666666667,,49.999027777777776,115.3625,817.8791666666666,77.02499999999999,89.99583333333334
2022-06-04 00:00:00+00:00,164.74666666666667,164.74666666666667,168.41625,171.5391666666667,-776.5604166666667,593.3333333333334,791.1083333333332,781.9166666666666,,50.00149305555556,9.170833333333333,787.1083333333332,49.64166666666667,97.875
2022-06-05 00:00:00+00:00,89.77583333333332,41.064166666666665,124.45083333333334,132.98499999999999,-938.1614583333334,668.5420166666667,692.3583333333332,734.2875,,50.00055555555556,-41.9375,897.6083333333332,51.96666666666667,142.51250000000002
2022-06-06 00:00:00+00:00,189.49833333333333,179.43208333333334,200.38791666666668,200.38791666666668,-458.34062083333333,594.6874958333334,1134.2708333333333,877.5749999999999,,50.001979166666665,256.65000000000003,715.8416666666667,29.141666666666666,156.25416666666666
2022-06-07 00:00:00+00:00,169.17208333333335,168.06958333333333,210.0925,210.0925,-536.7906208333333,645.2871666666666,1191.1791666666666,868.9791666666666,,49.999548611111116,322.22499999999997,859.9833333333332,41.3125,149.525
2022-06-08 00:00:00+00:00,214.68708333333333,214.68708333333333,230.53,230.53,-473.8111083333333,594.5076291666667,1211.7458333333334,928.225,,49.99947916666667,283.5708333333333,758.3083333333334,36.15833333333333,66.39166666666667
2022-06-09 00:00:00+00:00,208.63041666666666,208.63041666666666,220.51375,220.51375,-328.3461791666667,590.7475791666667,1243.8500000000001,899.4958333333334,,50.000729166666666,344.4041666666667,673.3958333333334,32.94166666666667,129.20833333333334
2022-06-10 00:00:00+00:00,208.4725,192.18291666666667,292.30583333333334,292.30583333333334,-674.2208333333333,634.0475708333333,941.6,847.3416666666667,,49.99951388888889,94.2625,769.6958333333333,17.558333333333334,111.00416666666666
2022-06-11 00:00:00+00:00,128.37875,16.330000000000002,147.08958333333334,147.08958333333334,-942.915275,637.6618083333334,557.5875,768.5583333333334,,49.99892361111111,-211.00833333333333,733.35,24.808333333333334,140.93333333333334
2022-06-12 00:00:00+00:00,114.36208333333333,23.43041666666667,115.8075,115.8075,-975.990625,604.7326458333333,561.4,743.6541666666667,,50.00142361111111,-182.2458333333333,795.1374999999999,38.80416666666667,136.275
2022-06-13 00:00:00+00:00,173.77416666666667,131.03208333333333,175.71083333333334,177.55958333333334,-779.7447999999999,583.6763833333333,762.7624999999999,857.7583333333333,,50.000625,-95.02499999999999,685.9208333333332,47.44166666666666,119.05833333333334
2022-06-14 00:00:00+00:00,196.65416666666667,166.93041666666667,200.68875,206.00583333333336,-882.9090375000001,548.1659708333333,650.1999999999999,873.8166666666666,,50.00184027777778,-223.5625,660.6,35.19166666666667,60.02916666666667
2022-06-15 00:00:00+00:00,184.99625,141.73791666666668,210.37375,226.57125,-772.4336791666666,513.8968791666667,779.4250000000001,823.6458333333334,,49.99701388888889,-44.179166666666674,729.4375,129.60833333333332,134.70833333333334
2022-06-16 00:00:00+00:00,176.79875,132.03125,176.79875,201.84666666666666,-930.0604166666667,580.4809125,694.025,866.0500000000001,,49.99989583333333,-172.00833333333333,759.3125,64.77499999999999,124.72083333333332
2022-06-17 00:00:00+00:00,227.60208333333333,182.86916666666664,230.5041666666667,250.30875,-871.8899333333334,622.4656291666666,791.1083333333332,843.475,,50.00020833333333,-52.30416666666667,820.7958333333332,44.68333333333334,137.58333333333334
2022-06-18 00:00:00+00:00,151.01375,69.92333333333333,151.01375,157.52,-975.5090375,530.6496625,445.075,709.4125,,49.998020833333335,-264.3666666666667,712.4583333333334,54.0375,51.40416666666667
2022-06-19 00:00:00+00:00,119.795,19.828333333333333,123.46791666666667,141.24166666666667,-991.5763916666666,575.4809083333333,580.8375,741.6125000000001,,49.999340277777776,-160.79999999999998,832.0458333333332,80.96249999999999,125.88333333333334
2022-06-20 00:00:00+00:00,253.89416666666668,235.87875,272.00708333333336,276.29125,-722.5236125,595.3569458333333,919.7624999999999,847.9833333333332,,50.000590277777775,71.78750000000001,795.3791666666666,21.091666666666665,106.14583333333333
2022-06-21 00:00:00+00:00,212.91625,171.45916666666665,232.65291666666667,244.90125,-716.4635416666666,660.5576374999999,957.975,853.85,,50.00052083333333,104.08749999999999,821.6791666666667,28.754166666666666,148.16666666666666
2022-06-22 00:00:00+00:00,210.08291666666665,163.91583333333332,280.40375,289.75083333333333,-768.5083291666666,713.0302166666667,940.7375000000001,774.7375000000001,,49.998645833333335,166.02083333333334,935.8166666666666,18.641666666666666,148.07083333333333
2022-06-23 00:00:00+00:00,142.65541666666667,64.34541666666667,281.78000000000003,287.4329166666667,-850.0593749999999,614.2656166666667,591.7541666666667,652.7041666666667,,50.00079861111111,-60.98333333333334,790.3333333333334,34.65,154.04583333333332
2022-06-24 00:00:00+00:00,111.79,71.78166666666667,230.53958333333333,230.53958333333333,-810.8454875000001,551.7024250000001,605.625,678.8291666666667,,50.00024305555556,-73.22916666666667,738.8958333333334,20.075,163.95416666666668
2022-06-25 00:00:00+00:00,121.99208333333333,72.30041666666666,235.16625,241.11125,-791.2961875,548.459375,670.0958333333333,726.3625000000001,,49.999583333333334,-56.25833333333333,736.3125,18.479166666666668,159.1875
2022-06-26 00:00:00+00:00,123.54,96.44375000000001,186.395,186.395,-791.3225791666667,521.1114666666666,653.3458333333333,758.6666666666666,,49.999548611111116,-105.22916666666667,687.2416666666667,17.458333333333332,151.09166666666667
2022-06-27 00:00:00+00:00,197.57791666666665,195.19708333333332,327.2366666666667,327.2366666666667,-427.7420208333333,572.1885416666667,1154.4208333333333,902.475,,50.000416666666666,251.91666666666666,680.4875000000001,16.004166666666666,139.17083333333332
2022-06-28 00:00:00+00:00,155.21125,155.21125,324.54625,324.54625,-573.5114583333333,552.6552166666667,1046.2541666666666,926.9250000000001,,49.99885416666667,119.40833333333335,693.9291666666667,26.1125,117.97083333333335
2022-06-29 00:00:00+00:00,252.22458333333336,252.22458333333336,317.6979166666667,317.6979166666667,-558.7072958333333,499.96805416666666,1101.3166666666666,947.3666666666667,,50.00083333333333,153.93333333333334,713.7083333333334,28.15833333333333,108.21249999999999
2022-06-30 00:00:00+00:00,262.01416666666665,262.01416666666665,326.07958333333335,326.07958333333335,-510.91735833333337,514.3875041666666,1109.8333333333333,889.225,,49.99829861111111,220.60416666666666,732.4791666666666,34.09583333333333,134.9
2022-07-01 00:00:00+00:00,217.14791666666667,196.0575,337.95958333333334,337.95958333333334,-512.8958333333334,519.6555500000001,1038.7,843.9083333333333,,49.99878472222222,194.70000000000002,708.5791666666668,44.104166666666664,133.90416666666667
2022-07-02 00:00:00+00:00,95.64791666666667,54.82916666666667,242.91791666666666,242.91791666666666,-826.5729166666666,495.934375,613.4958333333333,737.2083333333334,,50.00079861111111,-123.72500000000001,704.0916666666667,36.833333333333336,141.18333333333334
2022-07-03 00:00:00+00:00,83.62625,52.64833333333333,230.62583333333336,230.62583333333336,-855.9243041666667,509.33055833333333,599.3958333333334,762.1708333333332,,50.000416666666666,-162.85416666666666,694.5,32.7625,124.2375
2022-07-04 00:00:00+00:00,235.04999999999998,227.75250000000003,386.1270833333333,386.1270833333333,-550.5763916666666,489.17465416666664,1007.6541666666667,836.4499999999999,,49.999652777777776,171.3375,722.7375000000001,24.650000000000002,130.86666666666667
2022-07-05 00:00:00+00:00,204.5533333333333,111.70291666666667,336.52416666666664,336.52416666666664,-448.7857666666667,516.0249958333333,1087.2875000000001,794.3458333333333,,49.99909722222222,292.91249999999997,742.2791666666667,57.35,126.99583333333334
2022-07-06 00:00:00+00:00,276.33166666666665,152.58083333333335,276.33166666666665,276.33166666666665,-457.4420083333334,572.0857708333333,1119.6083333333333,828.9875000000001,,49.99909722222222,290.66249999999997,749.1333333333333,32.30833333333333,97.3625
2022-07-07 00:00:00+00:00,207.51666666666665,177.32708333333335,298.6304166666667,309.2370833333334,-732.5930583333334,653.24965,974.6791666666667,821.0333333333333,,49.99920138888889,153.64166666666668,887.5583333333334,27.245833333333334,103.14583333333333
2022-07-08 00:00:00+00:00,166.65125,147.91125,260.04583333333335,261.84625,-885.0868041666666,672.228475,840.7291666666666,806.6291666666666,,50.00017361111111,34.15833333333333,920.4499999999999,13.470833333333333,80.99583333333334
2022-07-09 00:00:00+00:00,149.29916666666665,149.29916666666665,154.60958333333335,154.60958333333335,-601.7451333333333,468.44687500000003,667.0333333333333,730.7375000000001,,49.99878472222222,-63.72083333333333,539.1125000000001,23.650000000000002,97.38333333333333
2022-07-10 00:00:00+00:00,182.93416666666667,182.93416666666667,182.93416666666667,182.93416666666667,-422.61007083333334,383.089225,778.9541666666668,713.2083333333334,,49.999409722222225,65.72916666666667,489.17083333333335,16.4375,114.92083333333333
2022-07-11 00:00:00+00:00,406.23583333333335,406.23583333333335,413.6383333333333,413.6383333333333,-220.52082916666666,329.01075833333334,1006.3458333333333,807.6458333333334,,50.00024305555556,198.65416666666667,419.6333333333334,26.270833333333332,115.84583333333335
2022-07-12 00:00:00+00:00,349.03833333333336,349.03833333333336,356.12041666666664,356.12041666666664,-348.58438333333334,430.41597916666666,1022.1666666666666,796.3625000000001,,50.00100694444445,225.82500000000002,575.125,78.01666666666667,65.2375
2022-07-13 00:00:00+00:00,372.6154166666667,372.6154166666667,380.12958333333336,380.12958333333336,-283.6256916666667,398.29409166666665,1028.3541666666667,795.15,,49.998020833333335,233.1625,517.475,46.166666666666664,140.43333333333334
2022-07-14 00:00:00+00:00,321.22166666666664,321.22166666666664,322.56125,322.56125,-356.8156208333333,350.05277500000005,1013.0083333333333,823.525,,50.00052083333333,189.5625,547.0333333333333,53.93333333333334,103.94999999999999
2022-07-15 00:00:00+00:00,290.3795833333333,290.3795833333333,295.53291666666667,295.53291666666667,-416.1933916666667,405.91215416666665,951.1125000000001,759.5833333333334,,49.999583333333334,191.53333333333333,608.5291666666667,49.2125,100.58333333333333
2022-07-16 00:00:00+00:00,205.1,205.1,205.53375000000003,205.53375000000003,-267.6798708333333,393.11007083333334,897.0083333333333,673.6583333333333,,50.00090277777778,223.2875,491.5291666666667,70.3875,122.41666666666667
2022-07-17 00:00:00+00:00,140.85375,140.85375,142.79541666666668,142.79541666666668,-546.5486166666666,494.76770416666665,707.8874999999999,676.1208333333333,,50.000659722222224,31.816666666666666,579.3291666666667,64.90833333333333,78.14583333333333
2022-07-18 00:00:00+00:00,246.57708333333335,246.57708333333335,290.96666666666664,290.96666666666664,-843.1510416666666,625.8104041666667,839.2708333333334,801.4166666666666,,50.00100694444445,37.85,882.2375000000001,23.11666666666667,109.71249999999999
2022-07-19 00:00:00+00:00,199.44041666666666,192.64333333333332,271.74333333333334,271.74333333333334,-847.6548541666666,623.6482666666667,760.1666666666666,786.1791666666667,,49.99920138888889,-26.025000000000002,822.8958333333334,43.074999999999996,99.95416666666667
2022-07-20 00:00:00+00:00,183.30458333333334,175.23333333333335,242.20624999999998,242.20624999999998,-842.4270916666666,640.7885416666667,761.7166666666667,739.8958333333334,,50.001562500000006,21.879166666666663,865.475,86.19583333333333,161.71666666666667
2022-07-21 00:00:00+00:00,265.6304166666667,191.36708333333334,453.84291666666667,453.84291666666667,-852.2788166666668,584.347225,713.9166666666666,782.5,,50.000451388888884,-68.5875,784.9458333333333,27.662499999999998,151.36666666666667
2022-07-22 00:00:00+00:00,254.58916666666667,206.36041666666665,376.66333333333336,376.66333333333336,-828.4010458333333,564.5968833333333,660.8833333333333,768.0458333333332,,50.00006944444445,-107.14999999999999,722.4625,42.583333333333336,151.72083333333333
2022-07-23 00:00:00+00:00,199.30291666666665,127.58833333333332,338.02,338.02,-739.7388916666667,561.1361125,591.0041666666667,667.5541666666667,,50.001354166666665,-76.53333333333333,664.3249999999999,34.19166666666667,99.84166666666665
2022-07-24 00:00:00+00:00,221.5775,169.2591666666667,265.5825,265.5825,-846.4003416666666,581.8940916666667,581.2083333333334,684.3125,,50.000659722222224,-103.19166666666666,744.6,20.349999999999998,63.725
2022-07-25 00:00:00+00:00,184.27541666666664,145.00833333333333,255.87,255.87,-901.8760541666667,618.5010375,694.6083333333332,779.7458333333334,,49.99979166666667,-85.15833333333333,817.9958333333334,27.900000000000002,133.975
2022-07-26 00:00:00+00:00,207.65416666666667,6.977083333333333,392.28875,392.28875,-962.1191,569.1999916666667,514.1333333333333,716.6166666666667,,49.99982638888889,-202.5041666666667,760.9333333333334,69.64583333333333,104.80416666666667
2022-07-27 00:00:00+00:00,175.01250000000002,83.28375,262.43458333333336,262.43458333333336,-983.0684041666667,610.3350833333333,676.9541666666667,766.4333333333334,,50.00076388888888,-89.47083333333335,894.8916666666668,45.7875,88.375
2022-07-28 00:00:00+00:00,355.58916666666664,177.08875,427.15916666666664,427.15916666666664,-983.702075,600.5597166666666,625.25,755.6374999999999,,50.00010416666667,-130.35416666666666,854.6208333333334,32.12916666666667,80.9375
2022-07-29 00:00:00+00:00,243.8275,168.59291666666667,373.39416666666665,373.39416666666665,-983.4486125,613.1,588.5124999999999,747.4499999999999,,50.0,-158.92499999999998,825.8166666666666,57.94166666666666,110.6875
2022-07-30 00:00:00+00:00,311.79,128.19958333333332,376.95875,376.95875,-986.9510458333333,574.3298541666667,561.2333333333333,702.5,,50.00125,-141.29166666666666,846.9625,41.270833333333336,139.1625
2022-07-31 00:00:00+00:00,291.6070833333333,144.84291666666667,304.22166666666664,304.22166666666664,-973.9340333333333,584.59375,551.5333333333333,701.0583333333334,,49.99961805555555,-149.51666666666668,825.6750000000001,24.462500000000002,147.85
2022-08-01 00:00:00+00:00,406.2370833333334,283.1983333333333,406.2370833333334,406.2370833333334,-917.9090249999999,532.6062458333333,616.5458333333333,861.4791666666666,,50.001597222222216,-244.94583333333333,674.1750000000001,34.1625,43.270833333333336
2022-08-02 00:00:00+00:00,379.1775,183.9466666666667,408.4454166666667,408.4454166666667,-937.5729249999999,598.3173625000001,701.2791666666667,842.1374999999999,,49.99913194444444,-140.87916666666666,797.9,26.816666666666666,120.625
2022-08-03 00:00:00+00:00,379.00291666666664,10.1625,445.455,445.455,-941.2069375,607.4583375,710.2875,822.6583333333333,,50.000034722222225,-112.35833333333333,830.0375,42.949999999999996,133.20416666666668
2022-08-04 00:00:00+00:00,207.18875,7.554166666666667,448.20374999999996,448.20374999999996,-908.3732708333333,558.9315916666667,626.9083333333333,831.9791666666666,,49.99961805555555,-205.08333333333334,704.4791666666666,63.52916666666667,145.52083333333334
2022-08-05 00:00:00+00:00,187.8479166666667,51.71791666666667,367.37833333333333,367.37833333333333,-876.2878541666668,541.8770833333333,557.7583333333333,792.1708333333332,,50.00138888888889,-234.3791666666667,643.0458333333333,67.22916666666667,153.45416666666668
2022-08-06 00:00:00+00:00,208.89208333333332,12.835416666666667,265.65958333333333,265.65958333333333,-942.9343749999999,587.41285,581.4166666666666,742.0375,,50.0012543554007,-160.6,783.5708333333333,65.87083333333334,77.35833333333333
2022-08-07 00:00:00+00:00,191.11208333333335,48.41041666666667,232.11416666666665,232.11416666666665,-961.1361125,588.9427083333334,574.8958333333334,719.9166666666666,,49.99982638888889,-145.04583333333332,817.3541666666666,27.724999999999998,128.75
2022-08-08 00:00:00+00:00,509.34833333333336,498.26125,518.1570833333334,518.1570833333334,-649.9680625,445.6885375,619.3541666666666,860.6958333333333,,50.0,-241.32500000000002,409.7083333333333,12.504166666666668,73.85000000000001
2022-08-09 00:00:00+00:00,325.21708333333333,274.75333333333333,352.2966666666667,352.2966666666667,-878.8479083333333,582.902425,716.1916666666666,862.5041666666666,,50.00048611111111,-146.35,733.7291666666666,15.208333333333334,126.94583333333333
2022-08-10 00:00:00+00:00,302.1025,131.40458333333333,344.6333333333334,344.6333333333334,-962.589575,642.9864541666667,694.5666666666666,838.0875,,49.99982638888889,-143.60416666666666,820.2666666666668,23.083333333333332,143.5875
2022-08-11 00:00:00+00:00,223.49291666666667,106.33583333333333,516.5766666666667,516.5766666666667,-857.165625,595.1486041666667,733.1041666666666,816.6833333333334,,50.00083333333333,-83.57083333333334,774.7416666666667,81.6375,149.20833333333334
2022-08-12 00:00:00+00:00,383.24583333333334,260.55583333333334,459.30791666666664,459.30791666666664,-873.3138791666667,572.7159666666666,662.4333333333333,841.2916666666666,,49.99982638888889,-178.91666666666666,695.6041666666666,42.025,147.27916666666667
2022-08-13 00:00:00+00:00,382.50874999999996,303.77958333333333,389.77791666666667,389.77791666666667,-826.6170083333333,582.4069458333333,616.7833333333333,746.5708333333333,,49.998645833333335,-129.71666666666667,697.9333333333334,17.704166666666666,142.24583333333334
2022-08-14 00:00:00+00:00,365.0104166666667,322.04583333333335,372.9045833333333,372.9045833333333,-771.1607666666667,528.4812541666666,574.0083333333333,732.6875,,50.00038194444445,-158.6875,613.5916666666667,30.916666666666668,148.60416666666666
2022-08-15 00:00:00+00:00,448.635,354.3945833333333,448.635,448.635,-708.8020791666667,494.3798625,616.4375,852.4083333333333,,50.000625,-235.98333333333335,473.89166666666665,46.14166666666667,127.18333333333334
2022-08-16 00:00:00+00:00,504.1329166666667,300.71250000000003,513.1454166666666,513.1454166666666,-837.9423583333333,559.2517458333333,633.9125,876.2458333333334,,50.000451388888884,-242.3375,596.6708333333333,51.50416666666666,138.25
2022-08-17 00:00:00+00:00,681.3562499999999,204.17583333333334,823.2912499999999,823.2912499999999,-876.2798708333333,536.715975,548.4958333333333,866.6125000000001,,49.99899305555556,-318.1333333333333,559.2833333333333,34.237500000000004,89.17916666666667
2022-08-18 00:00:00+00:00,554.6179166666667,478.575,561.4675,571.3133333333334,-650.2541625,335.6517333333333,602.2624999999999,856.2208333333333,,49.999652777777776,-254.025,397.3333333333333,31.787499999999998,129.81666666666666
2022-08-19 00:00:00+00:00,472.25458333333336,392.66875,498.3620833333334,498.3620833333334,-731.7805583333334,384.1809083333333,676.7708333333334,843.8958333333334,,50.0,-167.12916666666666,565.7624999999999,70.56666666666666,130.57083333333333
2022-08-20 00:00:00+00:00,133.50708333333333,50.029583333333335,391.19666666666666,391.19666666666666,-857.8468750000001,494.8329791666667,601.3791666666667,729.1708333333332,,50.00152777777778,-127.77916666666665,731.3541666666666,94.27083333333333,126.2375
2022-08-21 00:00:00+00:00,133.40083333333334,28.701666666666668,361.04125,366.55041666666665,-875.7454875,499.46458333333334,626.6541666666667,722.9166666666666,,49.99923611111112,-96.26666666666667,780.7833333333333,58.26666666666667,111.425
2022-08-22 00:00:00+00:00,392.4025,392.4025,530.2804166666666,533.7837499999999,-794.1958291666666,535.9121625,921.4208333333332,905.3041666666667,,50.00142361111111,16.120833333333334,811.6041666666666,20.495833333333334,48.42916666666667
2022-08-23 00:00:00+00:00,498.96458333333334,498.96458333333334,562.88125,562.88125,-486.2941,577.2878458333333,1101.8958333333333,879.975,,49.99881944444444,221.94583333333333,709.2791666666667,31.991666666666664,124.45833333333333
2022-08-24 00:00:00+00:00,415.03,415.03,579.38125,579.38125,-508.01528749999994,524.1111083333334,1113.8625,908.5958333333333,,50.00177083333333,205.29166666666666,714.3458333333333,26.883333333333336,90.62083333333334
2022-08-25 00:00:00+00:00,502.2054166666667,502.2054166666667,565.8779166666667,565.8779166666667,-516.2263833333333,524.3937500000001,1061.1125,920.2291666666666,,49.99878472222222,140.94166666666666,658.1625,20.316666666666666,64.02916666666667
2022-08-26 00:00:00+00:00,462.09791666666666,462.09791666666666,557.02,604.6220833333333,-534.4062458333334,501.06007500000004,1019.5291666666667,847.35,,50.00055555555556,172.1875,707.6458333333334,24.333333333333332,90.74583333333334
2022-08-27 00:00:00+00:00,243.29541666666668,243.29541666666668,457.1566666666667,560.5429166666667,-654.1055583333333,539.929875,848.1,756.9541666666668,,49.99916666666667,91.13749999999999,746.4291666666667,19.029166666666665,129.79583333333332
2022-08-28 00:00:00+00:00,183.775,183.775,404.6875,451.85375,-562.9010416666666,532.7968625,867.8041666666667,748.8666666666667,,49.9996875,118.95416666666667,682.8458333333333,26.1125,128.18333333333334
2022-08-29 00:00:00+00:00,308.67958333333337,308.67958333333337,593.9366666666666,622.80625,-659.1357624999999,619.7659666666667,979.6791666666667,851.0208333333334,,49.99951388888889,128.65416666666667,788.9958333333334,107.99583333333334,74.95416666666667
2022-08-30 00:00:00+00:00,463.14416666666665,463.14416666666665,575.3891666666667,656.7333333333333,-808.2885500000001,566.5715291666667,929.1,919.8874999999999,,50.00048611111111,9.245833333333335,818.7666666666668,135.39583333333334,25.8125
2022-08-31 00:00:00+00:00,333.70916666666665,333.70916666666665,528.9741666666666,617.4141666666667,-805.5111041666668,572.9954125,972.5458333333332,892.7541666666666,,50.00062937062937,79.7,886.4833333333332,122.87916666666666,69.64166666666667
2022-09-01 00:00:00+00:00,342.865,338.5891666666667,475.40083333333337,566.1729166666667,-824.7795083333334,601.5284708333334,973.3916666666668,882.3291666666668,,49.99993055555555,91.00833333333333,916.9958333333334,111.94583333333333,87.91666666666667
2022-09-02 00:00:00+00:00,311.46875,282.4483333333333,380.25375,440.3108333333334,-910.5375,702.56805,938.6208333333334,866.3375,,50.00020833333333,72.24166666666666,984.0166666666668,43.61666666666667,110.77499999999999
2022-09-03 00:00:00+00:00,165.94708333333332,135.61458333333334,279.87666666666667,279.87666666666667,-918.3725708333333,695.2555583333333,726.8916666666668,756.8166666666666,,50.000625,-29.925,889.5708333333333,39.17916666666667,111.84583333333335
2022-09-04 00:00:00+00:00,218.53875000000002,197.89458333333334,226.77166666666668,226.77166666666668,-858.4937583333334,696.7815958333334,760.5208333333334,716.1708333333332,,50.00072916666667,44.362500000000004,904.0375,44.75416666666666,95.54583333333333
2022-09-05 00:00:00+00:00,355.7404166666667,355.7404166666667,356.3475,360.3933333333334,-661.7222208333334,578.3899333333333,987.6291666666666,866.7666666666668,,49.999270833333334,120.8875,783.6625,22.125,71.3
2022-09-06 00:00:00+00:00,276.40000000000003,276.40000000000003,350.9470833333333,360.66083333333336,-736.9447958333334,695.5819541666666,1088.5583333333334,836.0666666666666,,49.999409722222225,252.60416666666666,990.5749999999999,73.94583333333334,97.55833333333334
2022-09-07 00:00:00+00:00,375.10291666666666,375.10291666666666,414.02125,414.02125,-674.4611041666667,675.3170083333333,1090.8708333333334,849.525,,50.000972222222224,241.3083333333333,916.8208333333333,45.10833333333333,76.55416666666666
2022-09-08 00:00:00+00:00,304.48833333333334,304.48833333333334,328.0975,336.4583333333333,-588.7152708333333,652.3604166666667,1066.1583333333333,849.8125,,50.001562500000006,216.32083333333333,806.025,25.337500000000002,97.3
2022-09-09 00:00:00+00:00,264.78291666666667,264.78291666666667,276.09375,276.20666666666665,-594.747225,713.6371458333333,1134.2833333333333,812.7833333333333,,49.99892361111111,321.60833333333335,917.2041666666668,54.65833333333333,137.5
2022-09-10 00:00:00+00:00,237.15125,237.15125,359.06625,359.06625,-631.3972208333333,703.04895,1084.6208333333334,714.1,,49.99961805555555,370.51666666666665,1002.9333333333334,42.6375,138.025
2022-09-11 00:00:00+00:00,278.71375,278.71375,361.2625,361.97875,-716.7132,684.2937416666667,996.3041666666667,706.225,,50.001736111111114,290.0125,1007.9375,44.87083333333334,137.38333333333333
2022-09-12 00:00:00+00:00,243.54416666666668,243.54416666666668,427.74625,427.74625,-581.7798583333333,664.8625000000001,1086.0249999999999,882.2166666666667,,50.00052083333333,203.79999999999998,786.5833333333334,29.900000000000002,73.90416666666667
2022-09-13 00:00:00+00:00,73.87625,73.29958333333333,465.74708333333336,487.035,-937.7451416666667,673.2041791666667,690.6833333333334,891.6958333333333,,50.00076388888888,-200.98749999999998,737.8958333333334,86.64999999999999,27.229166666666668
2022-09-14 00:00:00+00:00,93.22416666666668,85.92541666666666,458.41166666666663,458.41166666666663,-933.1270833333333,668.5718833333334,681.8874999999999,889.9,,49.99951388888889,-208.04583333333335,726.3083333333334,103.11666666666667,29.083333333333332
2022-09-15 00:00:00+00:00,152.5825,120.22583333333334,397.02500000000003,397.02500000000003,-936.4791624999999,671.6493208333333,640.1666666666666,869.3291666666668,,50.00017361111111,-229.17499999999998,708.5541666666667,63.65416666666667,45.729166666666664
2022-09-16 00:00:00+00:00,142.33666666666667,110.72500000000001,380.82,380.82,-818.3760458333333,738.1604208333333,860.8249999999999,846.7833333333333,,50.001041666666666,14.020833333333334,833.5625,58.425000000000004,48.07916666666667
2022-09-17 00:00:00+00:00,160.93583333333333,109.91833333333334,245.155,245.155,-985.5746458333333,734.3701291666666,748.7916666666666,768.6541666666667,,49.99913194444444,-19.879166666666666,966.9208333333332,39.72083333333333,44.833333333333336
2022-09-18 00:00:00+00:00,115.03333333333335,98.4525,117.49374999999999,117.49374999999999,-878.4413208333334,690.8256958333333,693.8333333333334,750.2041666666668,,50.00024305555556,-56.35833333333333,823.2458333333334,20.566666666666666,71.28333333333333
2022-09-19 00:00:00+00:00,177.69291666666666,99.10125,289.02916666666664,289.02916666666664,-981.4434041666667,739.3878500000001,812.8541666666666,862.6416666666668,,50.00170138888889,-49.791666666666664,932.8416666666667,72.46666666666667,47.55833333333333
2022-09-20 00:00:00+00:00,184.70041666666668,120.14833333333333,355.2304166666667,360.5708333333334,-908.2607583333333,769.3319291666667,960.2791666666667,860.275,,50.00152777777778,100.00416666666666,1009.4291666666667,70.525,52.612500000000004
2022-09-21 00:00:00+00:00,330.35041666666666,322.22791666666666,374.61791666666664,376.7370833333334,-796.4517458333333,763.4503458333334,1118.0375000000001,877.7291666666666,,49.99760416666666,240.375,1037.9791666666667,34.25416666666667,51.57916666666667
2022-09-22 00:00:00+00:00,259.21958333333333,259.21958333333333,367.81958333333336,383.36583333333334,-818.2691041666667,748.9392416666666,1098.0041666666666,867.8458333333333,,50.00083333333333,230.1,1049.5375000000001,15.329166666666666,71.75
2022-09-23 00:00:00+00:00,230.3525,204.27583333333334,376.0708333333334,376.0708333333334,-880.0895833333334,794.9121624999999,1023.5666666666666,885.5291666666667,,50.00069444444445,138.025,1019.2166666666667,10.262500000000001,56.199999999999996
2022-09-24 00:00:00+00:00,208.1291666666667,197.4375,344.1791666666666,347.5520833333333,-737.2583333333333,780.4968749999999,1051.2208333333333,761.3625000000001,,50.000590277777775,289.875,1028.2124999999999,26.679166666666664,96.84166666666668
2022-09-25 00:00:00+00:00,188.57083333333333,188.57083333333333,273.7775,274.98375,-711.8090333333333,785.3361125,1100.0125,759.0,,50.00145833333333,340.9791666666667,1053.9541666666667,35.31666666666667,80.70416666666667
2022-09-26 00:00:00+00:00,183.22416666666666,181.9283333333333,345.0254166666667,353.6454166666667,-833.5600666666666,813.3868041666666,1052.6333333333334,850.75,,49.99944444444444,201.88750000000002,1036.5958333333333,61.31666666666666,90.36250000000001
2022-09-27 00:00:00+00:00,147.47375,141.85583333333332,317.82125,317.82125,-826.65,796.3475708333334,1055.6125,847.9916666666667,,50.00118055555556,207.65416666666667,1035.4041666666667,72.2875,106.31666666666666
2022-09-28 00:00:00+00:00,246.26541666666665,246.26541666666665,375.44250000000005,381.26416666666665,-744.02535,754.7211833333334,1093.125,833.9166666666666,,50.00024305555556,259.2708333333333,1004.375,75.75416666666666,83.64166666666667
2022-09-29 00:00:00+00:00,233.33875,233.33875,421.4170833333333,421.4170833333333,-924.1611166666667,738.2614583333334,939.2583333333333,894.6916666666666,,50.000625,44.574999999999996,969.875,14.200000000000001,30.849999999999998
2022-09-30 00:00:00+00:00,380.54041666666666,380.54041666666666,403.35791666666665,403.35791666666665,-775.3180541666667,720.8010375,929.0208333333334,876.3249999999999,,50.000277777777775,52.72083333333333,829.1083333333332,39.94166666666667,52.574999999999996
2022-10-01 00:00:00+00:00,246.3033333333333,246.3033333333333,278.8591666666667,278.8591666666667,-736.5128416666666,731.1638833333333,924.5083333333333,779.7541666666666,,50.0,144.78333333333333,882.35,55.979166666666664,66.80416666666666
2022-10-02 00:00:00+00:00,260.18958333333336,259.55,260.34541666666667,260.34541666666667,-474.04374583333333,577.425,851.5,766.4208333333332,,50.00201388888889,85.09166666666667,559.8625000000001,41.516666666666666,51.81666666666666
2022-10-03 00:00:00+00:00,271.6479166666667,261.23625,278.1345833333333,278.1345833333333,-686.6649333333334,649.9489625,971.4041666666667,924.0958333333333,,49.999270833333334,47.3125,735.0083333333333,178.47916666666666,25.145833333333332
2022-10-04 00:00:00+00:00,233.1875,229.3975,258.6254166666667,258.6254166666667,-780.3736166666666,702.0399291666666,898.225,928.8083333333334,,50.00201388888889,-30.583333333333332,750.8583333333332,110.37916666666666,21.47083333333333
2022-10-05 00:00:00+00:00,249.86125,30.859583333333333,286.5991666666667,286.5991666666667,-993.1083291666667,725.5451499999999,832.2125,937.1875,,49.99930555555555,-105.01666666666667,889.2916666666666,74.00833333333334,11.879166666666668
2022-10-06 00:00:00+00:00,133.35,4.262083333333333,201.73375,201.73375,-994.1329916666667,680.7197875,849.725,922.3583333333332,,49.99979166666667,-72.67083333333333,922.7708333333334,229.46666666666667,20.84583333333333
2022-10-07 00:00:00+00:00,152.87833333333333,7.79375,157.06,157.06,-989.9371458333334,648.3666666666667,794.6083333333332,876.5166666666668,,49.999375,-81.95416666666667,909.3000000000001,224.41666666666666,41.82083333333333
2022-10-08 00:00:00+00:00,137.13083333333333,7.611666666666667,141.99166666666665,141.99166666666665,-994.3361083333333,618.1923583333333,721.9250000000001,771.5041666666666,,50.00194444444444,-49.55833333333334,945.9625,167.97083333333333,53.741666666666674
2022-10-09 00:00:00+00:00,133.58374999999998,12.211666666666666,134.4375,134.4375,-993.3197958333334,579.46735,639.975,751.7375000000001,,49.99982638888889,-111.76666666666667,882.7583333333333,74.575,88.6375
2022-10-10 00:00:00+00:00,176.08333333333334,9.93625,182.87375,182.87375,-995.446525,625.4093708333334,816.8458333333333,877.8708333333334,,50.000972222222224,-61.05416666666667,935.5958333333333,123.66666666666667,50.74166666666667
2022-10-11 00:00:00+00:00,208.73749999999998,10.415000000000001,244.63958333333335,244.63958333333335,-993.647225,635.5902708333333,895.5916666666667,923.3083333333334,,49.999027777777776,-27.645833333333332,967.1208333333334,150.0375,25.75
2022-10-12 00:00:00+00:00,193.26125000000002,128.75416666666666,274.205,274.205,-969.3066041666666,690.7881916666666,980.8000000000001,891.0458333333332,,50.00038194444445,89.71249999999999,1060.125,58.416666666666664,83.09166666666667
2022-10-13 00:00:00+00:00,203.78791666666666,90.87208333333332,234.59708333333333,234.59708333333333,-985.3326333333333,679.2451374999999,924.3083333333333,897.0083333333333,,49.999340277777776,27.254166666666666,1013.8125,54.55416666666667,44.050000000000004
2022-10-14 00:00:00+00:00,220.33333333333334,195.7229166666667,230.05375,231.22625000000002,-907.0941124999999,652.2645916666667,940.4166666666666,898.1833333333334,,49.999583333333334,42.19583333333333,950.5791666666668,76.18333333333334,29.3875
2022-10-15 00:00:00+00:00,143.68166666666667,35.35375,144.19916666666668,144.19916666666668,-981.9354083333333,666.8111166666666,758.4708333333333,809.9208333333332,,50.0009375,-51.416666666666664,931.7166666666667,92.17500000000001,33.833333333333336
2022-10-16 00:00:00+00:00,98.2525,19.16208333333333,99.945,99.945,-950.6534708333334,649.9649291666666,834.5124999999999,818.7624999999999,,49.99920138888889,15.716666666666669,967.6791666666667,176.45416666666665,9.266666666666667
2022-10-17 00:00:00+00:00,153.05833333333334,106.03458333333333,192.12041666666667,192.12041666666667,-923.7441083333333,634.946175,904.3458333333333,915.1999999999999,,50.000034722222225,-10.883333333333333,914.1625,167.41666666666666,35.4375
2022-10-18 00:00:00+00:00,184.09375,129.65958333333333,193.65541666666664,193.65541666666664,-946.9746541666667,621.5708333333333,828.2791666666667,962.8833333333333,,50.00208333333333,-134.64166666666668,813.6041666666666,42.050000000000004,18.6625
2022-10-19 00:00:00+00:00,154.6029166666667,126.39291666666666,173.57500000000002,173.57500000000002,-921.003475,693.8350666666666,913.0916666666667,955.6166666666667,,49.999027777777776,-42.53333333333333,879.6333333333333,102.22083333333335,49.85833333333334
2022-10-20 00:00:00+00:00,211.74541666666667,203.3033333333333,232.25625,232.5675,-938.4739708333333,723.9357583333334,882.4499999999999,957.0,,49.99982638888889,-74.5125,865.0833333333334,40.6875,33.5875
2022-10-21 00:00:00+00:00,250.23958333333334,247.19625,255.28041666666664,255.28041666666664,-795.5572916666666,675.9388875,928.5749999999999,973.6833333333334,,50.00038194444445,-45.07916666666667,751.6291666666666,21.108333333333334,18.991666666666667
2022-10-22 00:00:00+00:00,142.72791666666666,91.05666666666667,156.37416666666667,156.37416666666667,-974.6079916666666,782.5399333333334,789.375,847.8291666666668,,49.99920138888889,-58.475,917.3583333333332,47.00416666666666,63.574999999999996
2022-10-23 00:00:00+00:00,112.29375,61.23499999999999,112.29375,112.29375,-986.4868083333334,675.4118083333334,604.8916666666667,865.2916666666666,,50.00086805555556,-260.40000000000003,727.2458333333334,38.99583333333333,10.870833333333332
2022-10-24 00:00:00+00:00,211.46708333333333,211.16708333333335,211.46708333333333,211.46708333333333,-367.6510458333333,376.19584166666664,871.7833333333333,955.6041666666666,,49.99951388888889,-83.8375,284.45,27.34166666666667,64.825
2022-10-25 00:00:00+00:00,148.98999999999998,136.01208333333332,161.70583333333335,161.70583333333335,-889.3604208333333,702.927775,973.4833333333335,1012.9208333333332,,50.00107638888889,-39.454166666666666,851.0291666666667,59.9,4.366666666666666
2022-10-26 00:00:00+00:00,156.26666666666668,153.55791666666667,156.26666666666668,156.26666666666668,-575.8607583333334,460.26770416666665,856.1416666666668,974.5291666666667,,49.999340277777776,-118.3625,458.5125,61.20416666666667,10.775
2022-10-27 00:00:00+00:00,164.1775,161.42166666666665,164.1775,164.1775,-744.9545166666667,477.4118083333333,785.8874999999999,969.3375,,49.99989583333333,-183.45833333333334,562.6416666666667,69.1125,9.4625
2022-10-28 00:00:00+00:00,127.65625,90.32208333333334,127.65625,127.65625,-982.314925,591.4687541666666,762.7541666666666,952.6166666666667,,49.99892361111111,-189.8708333333333,793.7541666666666,89.96666666666665,6.633333333333334
2022-10-29 00:00:00+00:00,61.92666666666667,13.127083333333333,61.92666666666667,61.92666666666667,-984.9632041666667,561.3354166666667,666.9708333333333,871.5791666666668,,50.00194444444444,-204.61666666666667,781.7041666666668,179.0666666666667,5.070833333333334
2022-10-30 00:00:00+00:00,110.42750000000001,86.42375,110.42750000000001,110.42750000000001,-924.5739458333334,558.5913166666667,725.5958333333333,878.2708333333334,,50.000416666666666,-152.73333333333332,773.0916666666667,177.5,16.154166666666665
2022-10-31 00:00:00+00:00,146.58666666666667,143.17333333333332,146.58666666666667,146.58666666666667,-829.0850624999999,465.190275,724.3541666666666,932.6166666666667,,49.99916666666667,-208.26250000000002,621.9208333333333,50.875,62.75416666666666
2022-11-01 00:00:00+00:00,238.89583333333334,236.66791666666666,238.89583333333334,238.89583333333334,-471.0763875,265.559725,832.0083333333333,958.1374999999999,,49.999965277777775,-126.1375,345.75,26.175,7.375
2022-11-02 00:00:00+00:00,165.50625,136.68375,165.50625,165.50625,-848.1038208333333,453.9534708333333,776.3416666666667,961.7833333333333,,50.00079861111111,-185.4375,663.9083333333333,12.825000000000001,7.333333333333333
2022-11-03 00:00:00+00:00,172.73541666666665,90.99624999999999,173.3033333333333,173.3033333333333,-986.6704916666666,548.364575,805.2833333333333,966.8583333333332,,50.00055555555556,-161.59583333333333,826.1208333333334,9.279166666666667,6.5625
2022-11-04 00:00:00+00:00,164.68375,58.812083333333334,165.88875,165.88875,-986.7670166666667,545.0357666666666,799.1791666666667,966.6625,,49.99916666666667,-167.46666666666667,820.3833333333333,21.008333333333333,8.033333333333333
2022-11-05 00:00:00+00:00,124.08666666666666,70.45375,124.08666666666666,124.08666666666666,-974.1652875,526.7892291666667,697.0124999999999,905.1666666666666,,50.00152777777778,-208.1208333333333,767.0500000000001,101.77499999999999,7.783333333333334
2022-11-06 00:00:00+00:00,106.95125,35.61,106.95125,106.95125,-927.1461833333333,512.264225,689.5958333333333,859.3208333333333,,49.999270833333334,-169.67083333333332,758.4833333333332,139.22916666666666,8.841666666666667
2022-11-07 00:00:00+00:00,154.40916666666666,154.40916666666666,154.40916666666666,154.40916666666666,-594.4066041666666,452.81216249999994,996.7958333333332,947.275,,49.99982638888889,49.5375,644.85,176.6833333333333,12.525
2022-11-08 00:00:00+00:00,164.58083333333335,162.62541666666667,171.08124999999998,172.30583333333334,-763.3184124999999,499.98055416666665,983.4583333333334,956.8333333333334,,50.00083333333333,26.633333333333336,791.1208333333334,118.62083333333334,8.737499999999999
2022-11-09 00:00:00+00:00,173.57500000000002,164.13416666666666,213.06166666666664,213.06166666666664,-881.3104083333333,545.3319458333333,983.3666666666667,948.5,,49.999861111111116,34.854166666666664,917.3958333333334,126.99166666666667,4.941666666666667
2022-11-10 00:00:00+00:00,179.78708333333336,149.88,246.07375000000002,250.53416666666666,-940.090975,507.38298749999996,950.475,943.2624999999999,,50.00100694444445,7.124999999999999,948.5833333333334,71.29166666666667,4.9125000000000005
2022-11-11 00:00:00+00:00,102.0775,2.3983333333333334,144.025,144.025,-986.9545166666667,545.140275,886.5458333333332,929.6666666666666,,50.00048611111111,-43.137499999999996,945.1166666666667,186.35416666666666,2.1708333333333334
2022-11-12 00:00:00+00:00,125.3775,2.4204166666666667,175.73749999999998,175.73749999999998,-986.7816041666666,579.3204833333333,782.4625,811.7583333333333,,50.00114583333333,-29.28333333333333,958.8083333333334,206.23333333333335,22.94583333333333
2022-11-13 00:00:00+00:00,147.13291666666666,109.86125,160.73875,160.73875,-984.3312458333334,545.4628458333333,739.5916666666667,816.2791666666667,,49.998645833333335,-76.7125,908.875,75.49583333333332,40.27916666666666
2022-11-14 00:00:00+00:00,185.03291666666667,168.93125,185.03291666666667,185.03291666666667,-884.5562541666667,335.8257,746.0416666666666,994.6,,50.00128472222222,-248.51250000000002,637.1583333333333,28.870833333333334,8.316666666666666
2022-11-15 00:00:00+00:00,194.21583333333334,158.18791666666667,197.07916666666665,197.07916666666665,-903.5034708333333,410.6809083333333,858.7208333333333,976.0374999999999,,50.0025,-117.31666666666666,787.2875,113.38333333333333,4.208333333333333
2022-11-16 00:00:00+00:00,301.33708333333334,301.02500000000003,301.8754166666667,301.8754166666667,-336.00915000000003,16.602304166666666,777.0958333333333,1023.5291666666667,,49.99751736111111,-246.37916666666663,90.10416666666667,21.079166666666666,10.450000000000001
2022-11-17 00:00:00+00:00,283.3795833333333,283.3795833333333,283.3795833333333,283.3795833333333,-202.63854583333332,-21.768758333333334,832.2624999999999,1050.5416666666667,,49.99947916666667,-218.3166666666667,-15.270833333333336,78.77916666666667,5.204166666666667
2022-11-18 00:00:00+00:00,273.04,273.04,273.04,273.04,69.47430416666667,-210.84688333333335,909.6958333333333,1058.5083333333334,,49.99947916666667,-148.85,-218.41666666666666,110.52916666666665,7.133333333333333
2022-11-19 00:00:00+00:00,219.21333333333334,219.21333333333334,219.21333333333334,219.21333333333334,-375.7947916666667,76.477075,875.7624999999999,1008.6208333333334,,50.003125,-132.92083333333332,243.57083333333333,67.75,2.8625000000000003
2022-11-20 00:00:00+00:00,214.92583333333334,214.92583333333334,214.92583333333334,214.92583333333334,-258.65069166666666,17.816670833333333,829.4833333333332,993.0666666666666,,50.000277777777775,-163.52083333333334,95.47916666666667,75.70416666666667,1.2041666666666668
2022-11-21 00:00:00+00:00,266.92083333333335,266.92083333333335,266.92083333333335,266.92083333333335,-365.29618750000003,-53.919450000000005,845.0291666666667,1123.3,,49.9990625,-278.28333333333336,87.55416666666667,74.8625,1.2458333333333333
2022-11-22 00:00:00+00:00,269.1829166666667,269.1829166666667,269.1829166666667,269.1829166666667,-354.4711791666667,-76.51249583333333,825.0625,1124.2250000000001,,49.999548611111116,-299.12916666666666,55.833333333333336,38.270833333333336,1.875
2022-11-23 00:00:00+00:00,247.63,247.63,247.63,247.63,-424.85312500000003,6.591308333333331,877.1374999999999,1114.2916666666667,,50.00152777777778,-237.20416666666665,188.3125,28.866666666666664,1.375
2022-11-24 00:00:00+00:00,273.4891666666667,273.4891666666667,273.4891666666667,273.4891666666667,-311.235075,95.93090416666666,1090.2208333333333,1121.1708333333333,,49.99961805555555,-30.920833333333334,280.71666666666664,16.020833333333332,1.2166666666666666
2022-11-25 00:00:00+00:00,285.02208333333334,285.02208333333334,285.02208333333334,285.02208333333334,20.786804166666666,-8.672566666666665,1244.8041666666666,1111.0208333333333,,49.99930555555555,133.87083333333334,112.88333333333333,36.24166666666667,0.8708333333333332
2022-11-26 00:00:00+00:00,260.5258333333333,260.5258333333333,260.5258333333333,260.5258333333333,-248.12291249999998,133.745825,1102.0083333333334,1018.0958333333333,,49.99875,83.90416666666667,332.4166666666667,15.916666666666666,0.9916666666666667
2022-11-27 00:00:00+00:00,226.26458333333335,226.26458333333335,226.26458333333335,226.26458333333335,-298.1975708333333,185.39132083333334,1111.2375,1011.6999999999999,,50.00194444444444,99.4375,398.1541666666667,18.204166666666666,0.3416666666666666
2022-11-28 00:00:00+00:00,284.9025,279.0941666666667,284.9025,284.9025,-372.57117500000004,169.30000416666667,1022.2083333333334,1111.8708333333334,,49.99909722222222,-89.66250000000001,283.4791666666667,28.841666666666665,0.39166666666666666
2022-11-29 00:00:00+00:00,377.895,374.6170833333333,377.895,377.895,-373.4802208333333,121.33680833333334,992.8625000000001,1113.6833333333334,,49.99923611111112,-120.86666666666667,253.17083333333335,35.704166666666666,1.2208333333333334
2022-11-30 00:00:00+00:00,394.2345833333333,392.24375000000003,394.2345833333333,394.2345833333333,-409.0666708333333,155.92360833333333,977.025,1123.425,,50.00055555555556,-146.44166666666666,263.27500000000003,12.329166666666666,0.5833333333333334
2022-12-01 00:00:00+00:00,395.52708333333334,393.83375,395.52708333333334,395.52708333333334,-395.53577083333334,176.7736125,1012.4250000000001,1132.3791666666666,,50.000416666666666,-119.875,276.1458333333333,31.224999999999998,1.2708333333333333
2022-12-02 00:00:00+00:00,369.48583333333335,365.35625,369.48583333333335,369.48583333333335,-527.3468750000001,141.13055,968.6833333333334,1173.1875,,49.99975694444444,-204.45416666666665,323.47499999999997,43.27916666666667,2.6999999999999997
2022-12-03 00:00:00+00:00,333.70708333333334,316.7858333333333,333.70708333333334,333.70708333333334,-480.5027708333333,66.7451375,762.4958333333334,1084.3291666666667,,49.99920138888889,-321.84583333333336,159.26666666666668,18.283333333333335,0.9541666666666666
2022-12-04 00:00:00+00:00,303.34083333333336,303.34083333333336,303.34083333333336,303.34083333333336,-306.01945416666666,21.464575,797.3833333333333,1057.675,,49.99975694444444,-260.32916666666665,46.15,14.979166666666666,0.25833333333333336
2022-12-05 00:00:00+00:00,342.1016666666667,288.39208333333335,342.1016666666667,342.1016666666667,-597.5836833333334,213.24201666666667,988.7624999999999,1143.6000000000001,,50.00020833333333,-154.80833333333334,443.6666666666667,16.879166666666666,0.2916666666666667
2022-12-06 00:00:00+00:00,382.9179166666667,250.69458333333333,382.9179166666667,382.9179166666667,-631.9576416666666,301.25590416666665,1100.6375,1171.3,,50.00125,-70.7,562.1625,53.40416666666667,0.18333333333333335
2022-12-07 00:00:00+00:00,341.3666666666666,340.01458333333335,341.3666666666666,341.3666666666666,-376.0413291666667,162.410075,1067.875,1145.6208333333332,,49.999340277777776,-77.70833333333333,298.79583333333335,44.21666666666667,0.2041666666666667
2022-12-08 00:00:00+00:00,389.15083333333337,364.815,389.15083333333337,389.15083333333337,-518.4225749999999,382.12535,1253.075,1146.2291666666667,,49.999409722222225,106.91250000000001,625.9833333333333,57.5,0.26666666666666666
2022-12-09 00:00:00+00:00,407.0058333333333,406.75291666666664,407.0058333333333,407.0058333333333,-423.640625,282.61423333333335,1169.1458333333333,1164.3999999999999,,50.000451388888884,4.716666666666666,428.91249999999997,53.175000000000004,0.37083333333333335
2022-12-10 00:00:00+00:00,351.62791666666664,327.34041666666667,351.62791666666664,351.62791666666664,-692.2243041666667,467.65763749999996,1084.325,1085.8708333333334,,49.99961805555555,-1.587500000000001,691.3625000000001,88.60833333333333,0.5666666666666667
2022-12-11 00:00:00+00:00,326.15708333333333,325.71166666666664,326.15708333333333,326.15708333333333,-937.2323,392.55833750000005,750.2541666666666,1094.9416666666666,,50.000416666666666,-344.625,593.2666666666667,50.05416666666667,0.14166666666666666
2022-12-12 00:00:00+00:00,398.02666666666664,385.545,412.09875000000005,418.64625,-930.5090208333332,492.61388333333326,1105.0625,1182.3958333333333,,50.00020833333333,-77.325,853.9041666666667,160.26666666666668,0.3
2022-12-13 00:00:00+00:00,438.0541666666666,434.2079166666667,438.0541666666666,438.0541666666666,-534.0319499999999,199.17221666666669,1013.1708333333332,1180.6499999999999,,50.00069444444445,-167.49583333333334,367.0958333333333,58.32083333333333,0.225
2022-12-14 00:00:00+00:00,445.75666666666666,445.75666666666666,445.75666666666666,445.75666666666666,-37.51145416666666,12.496875000000001,1156.6916666666666,1164.1333333333334,,49.99975694444444,-7.483333333333337,30.087500000000002,141.22916666666666,0.42083333333333334
2022-12-15 00:00:00+00:00,397.39208333333335,397.39208333333335,397.39208333333335,397.39208333333335,-715.9875041666666,344.1659583333333,1121.3999999999999,1205.8208333333334,,49.999270833333334,-84.37083333333334,632.3166666666667,93.10000000000001,0.5291666666666667
2022-12-16 00:00:00+00:00,410.99916666666667,388.2791666666667,410.99916666666667,416.0391666666667,-793.0416791666667,332.772225,1034.8,1207.7541666666666,,50.00055555555556,-172.88333333333333,620.8041666666667,17.916666666666668,0.2625
2022-12-17 00:00:00+00:00,260.73791666666665,204.72458333333336,260.73791666666665,260.73791666666665,-999.5760416666667,439.5573,907.9083333333333,1119.3,,49.99913194444444,-211.40833333333333,788.9458333333333,38.833333333333336,0.2833333333333333
2022-12-18 00:00:00+00:00,180.66166666666666,166.37125,180.81833333333336,180.81833333333336,-975.6975625,462.1343708333333,903.2833333333333,1080.3374999999999,,50.000277777777775,-177.07083333333333,799.4666666666667,157.92083333333332,0.4708333333333334
2022-12-19 00:00:00+00:00,200.6775,192.21,200.6775,200.6775,-678.3003583333333,324.23819583333335,1058.5625,1093.675,,50.000347222222224,-35.05833333333333,643.8708333333333,116.075,1.0583333333333333
2022-12-20 00:00:00+00:00,201.67916666666667,199.64916666666667,201.67916666666667,201.67916666666667,-777.8520791666666,335.8656291666667,1046.1458333333333,1133.3500000000001,,49.999652777777776,-87.16250000000001,691.5583333333334,81.50416666666666,1.7333333333333334
2022-12-21 00:00:00+00:00,240.81499999999997,240.81499999999997,240.81499999999997,240.81499999999997,-40.58299166666668,-18.113891666666664,1134.3374999999999,1072.0833333333333,,50.000034722222225,62.24583333333334,102.80833333333332,134.67916666666667,1.3333333333333333
2022-12-22 00:00:00+00:00,197.60333333333332,197.58208333333334,197.60333333333332,197.60333333333332,-606.4322916666666,240.22222499999998,953.4499999999999,1030.3541666666667,,49.999548611111116,-76.84166666666667,530.2708333333334,114.40416666666665,2.441666666666667
2022-12-23 00:00:00+00:00,191.23000000000002,191.17666666666665,191.23000000000002,191.23000000000002,-695.5607624999999,282.5548625,871.6625,992.9499999999999,,49.99989583333333,-121.27083333333333,575.0166666666667,98.5625,2.975
2022-12-24 00:00:00+00:00,116.26041666666667,81.66,116.26041666666667,116.26041666666667,-860.5062458333333,321.1388875,782.7875,946.0416666666666,,50.001597222222216,-163.24583333333334,698.0500000000001,76.84166666666667,13.166666666666666
2022-12-25 00:00:00+00:00,99.49416666666667,86.36375,99.49416666666667,99.49416666666667,-857.55695,195.2194375,612.3791666666667,951.2833333333333,,49.99989583333333,-338.8666666666667,519.375,65.99166666666666,5.854166666666667
2022-12-26 00:00:00+00:00,41.18083333333333,34.9575,41.18083333333333,41.18083333333333,-756.2569458333334,66.03297916666666,601.1791666666667,1016.5791666666668,,50.00024305555556,-415.3875,341.54583333333335,134.30416666666667,4.625
2022-12-27 00:00:00+00:00,100.58875,91.99458333333332,100.58875,100.58875,-557.2184,9.622229166666665,703.5124999999999,1054.8958333333333,,50.000451388888884,-351.3333333333333,206.40416666666667,153.35833333333332,3.283333333333333
2022-12-28 00:00:00+00:00,136.38875,122.45041666666667,136.38875,136.38875,-254.98958333333334,-105.87047916666667,666.4041666666667,1020.9083333333333,,50.00138888888889,-354.4666666666667,-99.3875,62.00416666666667,10.383333333333333
2022-12-29 00:00:00+00:00,86.17166666666667,43.333333333333336,86.17166666666667,86.17166666666667,-811.4248166666666,224.41919583333333,648.9208333333333,1025.075,,50.000243902439024,-376.1041666666667,436.17083333333335,122.62916666666666,1.6500000000000001
2022-12-30 00:00:00+00:00,57.043749999999996,17.42083333333333,57.043749999999996,57.043749999999996,-882.2003416666666,218.21284583333332,590.0541666666667,972.6875,,50.000451388888884,-382.68333333333334,500.55,130.39583333333334,2.558333333333333
2022-12-31 00:00:00+00:00,11.464166666666666,8.724583333333333,11.464166666666666,11.464166666666666,-871.0576416666667,291.8718833333333,627.7041666666667,914.8000000000001,,49.99857638888889,-287.10833333333335,584.9916666666667,211.07500000000002,1.4458333333333335
2023-01-01 00:00:00+00:00,20.562916666666666,20.562916666666666,20.562916666666666,20.562916666666666,-774.4736041666666,182.609375,476.23333333333335,853.9083333333333,,50.00142361111111,-377.6958333333334,397.7166666666667,59.949999999999996,2.0125
2023-01-02 00:00:00+00:00,124.23916666666666,124.13416666666666,124.23916666666666,124.23916666666666,-432.60555,106.5545125,850.9,1011.9499999999999,,50.00079861111111,-161.04166666666666,272.0458333333333,84.52499999999999,4.195833333333334
2023-01-03 00:00:00+00:00,132.92499999999998,132.92499999999998,132.92499999999998,132.92499999999998,-285.2927,39.149658333333335,874.2624999999999,1039.1083333333333,,49.999409722222225,-164.79999999999998,120.85416666666667,102.76666666666667,1.7125000000000001
2023-01-04 00:00:00+00:00,99.4775,97.75708333333334,99.4775,101.81625000000001,-679.9315875,132.89166666666668,741.5666666666666,1097.1708333333333,,50.00079861111111,-355.62916666666666,325.1125,56.24583333333334,0.6875
2023-01-05 00:00:00+00:00,115.15208333333334,115.15208333333334,115.15208333333334,120.43875000000001,-460.3857708333333,1.7708249999999994,835.8375,1173.0791666666667,,50.00055555555556,-337.20416666666665,123.73750000000001,143.05416666666667,4.754166666666666
2023-01-06 00:00:00+00:00,110.32083333333333,110.32083333333333,110.32083333333333,110.32083333333333,-671.9878458333334,32.56285,679.15,1213.4666666666667,,50.0,-534.3625000000001,138.4375,45.37083333333334,5.15
2023-01-07 00:00:00+00:00,94.23166666666667,72.01875,94.23166666666667,94.23166666666667,-982.0218708333333,238.19792083333334,631.4416666666667,1176.6291666666666,,50.001805555555556,-545.2125,437.6666666666667,119.27916666666665,3.4291666666666667
2023-01-08 00:00:00+00:00,57.520833333333336,40.4525,57.520833333333336,58.93083333333333,-974.7572875,223.9927125,618.0333333333333,1148.4583333333333,,50.00163194444444,-530.4,445.20416666666665,145.14583333333334,1.2625
2023-01-09 00:00:00+00:00,114.38083333333333,76.75458333333333,123.88458333333334,123.88458333333334,-990.7472333333334,356.28714583333334,834.4416666666666,1205.9750000000001,,49.999340277777776,-371.55833333333334,620.0666666666667,156.5625,0.8666666666666667
2023-01-10 00:00:00+00:00,124.445,113.77208333333333,129.47375,129.47375,-906.1590166666666,314.8423583333333,895.3416666666667,1184.7416666666666,,49.999340277777776,-289.44166666666666,617.6416666666667,114.15833333333335,0.7708333333333334
2023-01-11 00:00:00+00:00,84.92999999999999,62.138749999999995,84.92999999999999,84.92999999999999,-809.2874958333333,225.22847083333332,800.7583333333333,1121.0249999999999,,50.001041666666666,-320.2416666666667,489.9791666666667,207.8375,3.358333333333333
2023-01-12 00:00:00+00:00,78.53583333333334,53.4625,78.53583333333334,78.53583333333334,-852.2371458333333,261.6517375,803.7125,1124.4708333333333,,49.99982638888889,-320.72499999999997,532.35,206.8708333333333,1.8875
2023-01-13 00:00:00+00:00,79.48625,69.03,79.48625,79.48625,-702.6756833333334,178.13297916666667,715.875,1069.7791666666667,,50.000034722222225,-353.9375,349.575,154.84583333333333,2.1666666666666665
2023-01-14 00:00:00+00:00,63.82416666666666,63.82416666666666,63.82416666666666,63.82416666666666,-195.82950416666665,-74.14721250000001,708.4499999999999,940.1875,,50.00270833333334,-231.725,-35.74583333333334,199.84583333333333,2.2083333333333335
2023-01-15 00:00:00+00:00,18.25583333333333,18.25583333333333,18.25583333333333,18.25583333333333,-340.6284708333333,2.7156208333333303,717.2791666666667,943.8791666666666,,49.99892361111111,-226.54583333333335,114.5,235.54166666666666,1.2833333333333334
2023-01-16 00:00:00+00:00,78.26416666666667,71.11166666666666,78.26416666666667,80.19291666666668,-766.0118125,213.55624583333335,794.7375000000001,1039.9958333333334,,50.00079861111111,-245.2458333333333,521.7541666666667,217.38333333333333,5.270833333333333
2023-01-17 00:00:00+00:00,72.76375,61.70666666666667,72.76375,72.76375,-804.0663083333334,147.5420125,698.4708333333333,1095.3416666666667,,49.999270833333334,-396.82916666666665,408.14166666666665,125.21249999999999,1.7541666666666667
2023-01-18 00:00:00+00:00,112.04083333333334,82.44791666666667,112.04083333333334,112.04083333333334,-887.9642416666667,204.26076250000003,700.5291666666667,1083.5583333333334,,50.00128472222222,-383.0625,505.95416666666665,72.80416666666666,3.141666666666667
2023-01-19 00:00:00+00:00,138.42625,137.40458333333333,138.42625,138.42625,-765.64965,190.22047916666668,762.8666666666667,1085.4291666666666,,49.99982638888889,-322.575,444.1125,100.71666666666665,3.9250000000000003
2023-01-20 00:00:00+00:00,164.33333333333334,117.45,164.33333333333334,171.41916666666665,-1000.1500041666667,394.6343708333333,793.3708333333334,1091.0916666666667,,50.00100694444445,-297.77500000000003,703.5041666666666,12.858333333333334,7.020833333333333
2023-01-21 00:00:00+00:00,125.85666666666667,118.28083333333332,125.85666666666667,125.94416666666666,-719.0680666666667,54.31979166666667,495.9708333333333,1038.0249999999999,,49.9990625,-541.9833333333333,177.90833333333333,17.474999999999998,20.8875
2023-01-22 00:00:00+00:00,122.7575,65.48833333333333,122.7575,128.21916666666667,-992.4798708333333,168.2677125,491.3,1074.5083333333334,,50.000729166666666,-583.2208333333334,410.28749999999997,6.895833333333333,2.920833333333333
2023-01-23 00:00:00+00:00,172.99749999999997,80.575,172.99749999999997,190.81708333333333,-1000.7645958333333,231.99409583333332,740.3666666666667,1186.9750000000001,,50.00017361111111,-446.59999999999997,555.1,27.8625,2.525
2023-01-24 00:00:00+00:00,140.63833333333335,114.32208333333334,140.63833333333335,174.4375,-842.7513791666667,138.24687083333333,822.5541666666667,1152.2,,50.00076388888888,-329.5833333333333,514.1291666666667,111.51666666666667,1.9749999999999999
2023-01-25 00:00:00+00:00,90.45,25.382500000000004,90.45,92.71583333333332,-975.3583291666667,285.1645833333333,779.2166666666667,1104.8958333333333,,49.99979166666667,-325.67083333333335,650.7791666666667,166.26250000000002,3.733333333333333
2023-01-26 00:00:00+00:00,137.49333333333334,100.80708333333332,137.49333333333334,138.09208333333333,-963.7194458333333,248.25520416666666,672.9916666666667,1094.325,,50.00048611111111,-421.4291666666666,543.5166666666667,89.27916666666665,2.783333333333333
2023-01-27 00:00:00+00:00,133.93083333333334,110.13708333333334,133.93083333333334,158.74875,-875.1163166666666,187.53749583333334,681.0791666666667,1118.3500000000001,,49.999652777777776,-437.26666666666665,438.9083333333333,15.666666666666666,16.429166666666667
2023-01-28 00:00:00+00:00,80.71291666666667,32.267916666666665,80.71291666666667,80.71291666666667,-957.5121583333333,209.77464999999998,551.8666666666667,1045.1208333333334,,50.00052083333333,-493.20416666666665,465.25,148.36249999999998,6.966666666666666
2023-01-29 00:00:00+00:00,36.987500000000004,29.694999999999997,36.987500000000004,36.987500000000004,-745.9531291666667,77.78229583333334,502.59999999999997,998.475,,49.999965277777775,-495.875,251.0666666666667,135.90416666666667,5.470833333333334
2023-01-30 00:00:00+00:00,64.72666666666667,44.785,64.72666666666667,64.72666666666667,-755.1107625,44.8607625,606.2083333333334,1075.5875,,50.00239583333334,-469.46250000000003,286.77916666666664,216.95000000000002,6.695833333333333
2023-01-31 00:00:00+00:00,90.16125,82.57625,90.16125,90.16125,-749.9118083333333,27.674658333333337,589.7666666666667,1080.1000000000001,,49.99909722222222,-490.3041666666666,260.6458333333333,140.5875,16.704166666666666
2023-02-01 00:00:00+00:00,119.20541666666666,118.45333333333333,119.20541666666666,119.20541666666666,-643.8145833333333,-43.68889166666667,527.6541666666667,1105.4041666666667,,50.00013888888889,-577.7708333333334,66.94166666666668,23.099999999999998,5.354166666666667
2023-02-02 00:00:00+00:00,139.58958333333334,136.10375,139.58958333333334,139.58958333333334,-903.9565958333333,117.36006666666667,618.7708333333334,1114.6916666666666,,49.9990625,-495.8625,409.07916666666665,80.00833333333334,5.616666666666667
2023-02-03 00:00:00+00:00,131.49791666666667,113.08666666666666,131.49791666666667,131.49791666666667,-964.7853791666666,132.5379125,674.0333333333333,1127.1000000000001,,49.99982394366197,-453.0,512.8000000000001,45.50416666666666,4.908333333333333
2023-02-04 00:00:00+00:00,130.53375,114.00041666666668,130.53375,132.56125,-885.3840291666667,298.33089583333333,781.9291666666667,1056.6041666666667,,50.0009375,-274.70416666666665,611.7666666666667,108.94166666666666,2.4875
2023-02-05 00:00:00+00:00,111.17833333333334,87.41041666666666,111.17833333333334,111.72833333333334,-950.9822958333333,277.05833333333334,765.1999999999999,1049.6708333333333,,49.99868055555556,-284.47083333333336,667.5958333333333,108.5625,11.341666666666667
2023-02-06 00:00:00+00:00,155.63166666666666,133.95041666666665,158.53708333333333,161.62958333333333,-873.7638958333333,124.03576666666667,774.1666666666666,1121.5416666666667,,49.99986111111111,-347.29583333333335,527.4291666666667,62.2125,13.816666666666668
2023-02-07 00:00:00+00:00,150.44625,70.70708333333333,159.48708333333335,169.95291666666665,-951.4190916666666,199.3267375,776.4333333333334,1127.2625,,49.99944444444444,-350.75,601.6999999999999,84.49166666666666,11.695833333333333
2023-02-08 00:00:00+00:00,115.51166666666667,55.731249999999996,116.91666666666667,116.91666666666667,-936.0833208333333,223.275,769.5083333333333,1094.35,,49.99986111111111,-324.83750000000003,612.3291666666667,142.3125,5.6499999999999995
2023-02-09 00:00:00+00:00,77.09208333333333,21.989583333333332,80.69,80.69,-961.4371666666666,211.7993125,675.8416666666667,1088.4208333333333,,49.999409722222225,-412.5833333333333,549.9499999999999,265.2583333333333,25.183333333333334
2023-02-10 00:00:00+00:00,73.02625,46.322916666666664,74.18958333333333,74.18958333333333,-920.4795166666667,165.39374999999998,642.9166666666666,1083.0916666666667,,49.999548611111116,-440.1333333333334,481.40000000000003,230.42916666666667,23.125
2023-02-11 00:00:00+00:00,87.1825,69.36583333333333,87.1825,87.1825,-908.7878416666667,95.22569583333332,453.0416666666667,1015.1708333333332,,50.00083333333333,-562.1041666666666,347.77500000000003,134.11666666666667,11.670833333333334
2023-02-12 00:00:00+00:00,102.68083333333334,24.324166666666667,102.68083333333334,102.68083333333334,-993.8749958333333,216.55624166666666,475.4375,1007.3958333333334,,49.9996875,-531.9416666666667,462.99583333333334,124.11666666666667,13.799999999999999
2023-02-13 00:00:00+00:00,112.9525,25.754583333333333,112.9525,112.9525,-987.1281125,368.2055541666667,757.2875,1054.0125,,50.000451388888884,-296.74583333333334,691.5666666666666,201.26666666666665,37.49583333333334
2023-02-14 00:00:00+00:00,139.45250000000001,128.81833333333333,139.45250000000001,142.48416666666665,-860.6392333333333,321.5198,834.0666666666666,1012.7333333333332,,49.99899305555556,-178.59583333333333,683.0583333333334,76.69583333333334,72.01666666666667
2023-02-15 00:00:00+00:00,133.98208333333335,117.48333333333333,133.98208333333335,134.49,-882.3277708333334,250.16042083333332,725.1041666666666,1057.9458333333334,,50.0003125,-332.84999999999997,550.6333333333333,35.75416666666667,38.90416666666666
2023-02-16 00:00:00+00:00,122.38833333333334,43.53541666666666,122.38833333333334,122.38833333333334,-996.321875,312.0503458333333,647.0749999999999,1083.9375,,49.99979166666667,-436.8458333333333,560.5041666666667,75.74583333333334,6.883333333333333
2023-02-17 00:00:00+00:00,107.93791666666665,57.156666666666666,107.93791666666665,107.93791666666665,-960.4520833333332,321.02292083333333,680.1374999999999,1075.675,,50.00013888888889,-395.575,565.9708333333333,133.81666666666666,6.091666666666666
2023-02-18 00:00:00+00:00,76.68791666666667,60.04791666666667,76.68791666666667,76.68791666666667,-790.8618124999999,179.4666625,527.1958333333333,997.4916666666667,,49.999027777777776,-470.2916666666667,321.6166666666667,133.92916666666667,11.741666666666667
2023-02-19 00:00:00+00:00,81.51208333333334,76.99208333333333,81.51208333333334,81.51208333333334,-775.1545124999999,172.6940875,572.3041666666667,993.8000000000001,,50.00086805555556,-421.52500000000003,354.7208333333333,143.38750000000002,4.941666666666666
2023-02-20 00:00:00+00:00,83.65958333333333,68.66458333333334,83.65958333333333,83.65958333333333,-869.5072916666667,166.58715416666666,617.4,1128.925,,49.99881944444444,-511.5416666666667,359.05833333333334,79.20833333333333,4.441666666666667
2023-02-21 00:00:00+00:00,118.76125,118.76125,118.76125,118.76125,-512.9777791666667,-84.86840416666666,680.8166666666667,1161.8583333333333,,50.00017361111111,-481.0,32.70416666666667,59.98333333333333,5.791666666666667
2023-02-22 00:00:00+00:00,140.71916666666667,126.61416666666666,140.71916666666667,140.71916666666667,-746.2232666666667,53.987162500000004,787.0625,1190.2916666666667,,50.000034722222225,-403.2708333333333,343.8625,12.329166666666666,22.666666666666668
2023-02-23 00:00:00+00:00,113.95833333333333,82.91,113.95833333333333,113.95833333333333,-940.1937541666666,239.377775,807.3916666666668,1150.5333333333333,,49.99899305555555,-343.14166666666665,597.9708333333333,124.93333333333334,9.0375
2023-02-24 00:00:00+00:00,119.4575,103.95416666666667,119.4575,119.4575,-920.5270833333334,285.91006666666664,710.9416666666666,1020.3249999999999,,50.000451388888884,-309.34999999999997,612.2458333333333,17.720833333333335,3.9708333333333337
2023-02-25 00:00:00+00:00,71.22416666666668,47.7075,71.22416666666668,71.22416666666668,-904.5006958333333,293.76875,663.625,1002.9375,,50.00013888888889,-339.33750000000003,566.1916666666667,127.71666666666665,5.4624999999999995
2023-02-26 00:00:00+00:00,85.57708333333333,83.09,85.57708333333333,85.57708333333333,-731.234375,180.72083333333333,739.25,1023.0083333333333,,50.000277777777775,-283.75416666666666,448.48333333333335,169.8125,10.9125
2023-02-27 00:00:00+00:00,143.44083333333333,75.38333333333334,143.44083333333333,144.94916666666666,-976.6076333333334,278.3076291666667,781.1374999999999,1087.4791666666667,,50.00048780487805,-306.3541666666667,671.4583333333334,79.89166666666667,43.21666666666667
2023-02-28 00:00:00+00:00,121.18333333333334,32.895,121.18333333333334,125.91833333333334,-993.1673583333333,351.5191,802.7958333333332,1031.8166666666666,,50.000659722222224,-229.11666666666667,765.3208333333333,160.54999999999998,39.137499999999996
2023-03-01 00:00:00+00:00,127.60875,81.01958333333333,127.60875,131.505,-975.3767291666667,374.96214583333335,807.7916666666666,988.2916666666666,,50.0003125,-180.48333333333335,796.1083333333332,133.54999999999998,81.87916666666668
2023-03-02 00:00:00+00:00,115.70708333333333,22.370833333333334,116.76375,118.30375,-987.1045041666666,441.49756666666667,866.5208333333334,962.1833333333334,,50.0009375,-95.68333333333334,892.6833333333334,199.76250000000002,92.43333333333334
2023-03-03 00:00:00+00:00,100.55916666666667,82.48083333333334,100.55916666666667,100.77541666666667,-867.4868041666667,313.0170166666667,785.6999999999999,979.2875,,49.99961805555555,-193.6,675.1083333333333,158.12083333333334,63.699999999999996
2023-03-04 00:00:00+00:00,90.23458333333333,81.96291666666666,90.23458333333333,90.23458333333333,-658.141675,240.45867916666668,775.5875,955.3291666666668,,50.00006944444445,-179.725,479.37916666666666,170.67916666666667,11.566666666666668
2023-03-05 00:00:00+00:00,118.92708333333333,118.92708333333333,118.92708333333333,119.58583333333333,-470.39826250000004,97.3701375,755.1125000000001,960.3458333333333,,50.00121527777778,-205.23749999999998,265.9375,26.441666666666666,15.054166666666667
2023-03-06 00:00:00+00:00,150.435,150.435,150.435,150.435,-505.55486249999996,34.184379166666666,773.8833333333333,1094.8374999999999,,50.00055555555556,-320.9583333333333,185.40416666666667,22.0125,27.5
2023-03-07 00:00:00+00:00,118.78208333333333,118.78208333333333,118.78208333333333,118.78208333333333,-278.15728333333334,-80.37152916666666,785.1916666666666,1123.2458333333334,,50.000034722222225,-338.09583333333336,-59.395833333333336,65.32916666666667,31.57083333333333
2023-03-08 00:00:00+00:00,133.63333333333333,133.63333333333333,133.63333333333333,133.78708333333333,-630.4999916666667,64.35347083333333,810.0458333333332,1126.9666666666667,,50.00013888888889,-316.95416666666665,314.55,101.25833333333333,9.154166666666667
2023-03-09 00:00:00+00:00,134.96166666666667,124.4825,134.96166666666667,134.96166666666667,-715.5767333333333,176.77257083333333,818.6291666666666,1148.2416666666666,,50.000416666666666,-329.62916666666666,386.82916666666665,66.48333333333333,52.28333333333333
2023-03-10 00:00:00+00:00,115.14875,112.75958333333334,115.14875,115.14875,-759.2003583333334,238.090975,850.0625,1129.7124999999999,,50.000416666666666,-279.69166666666666,480.5,129.91666666666666,86.19583333333333
2023-03-11 00:00:00+00:00,101.05458333333333,101.05208333333333,101.05458333333333,101.05458333333333,-477.4090375,28.677433333333337,748.1,1072.2375,,49.999548611111116,-324.125,153.95833333333334,92.53750000000001,14.204166666666666
2023-03-12 00:00:00+00:00,79.94875,79.36541666666666,79.94875,79.94875,-565.9704875,116.87256666666667,728.1999999999999,996.0791666666668,,49.99982638888889,-267.84583333333336,298.94166666666666,116.49166666666667,52.71666666666667
2023-03-13 00:00:00+00:00,68.34791666666666,61.502916666666664,68.34791666666666,68.34791666666666,-644.2072875,171.2263875,751.9416666666666,1067.0,,50.000277777777775,-315.07916666666665,330.0083333333333,173.54583333333335,73.24166666666666
2023-03-14 00:00:00+00:00,80.64166666666667,79.4075,80.64166666666667,80.64166666666667,-322.5336791666667,72.6142375,851.8458333333333,1009.9875000000001,,50.000347222222224,-158.15,164.875,246.6916666666667,38.237500000000004
2023-03-15 00:00:00+00:00,110.71458333333334,101.50625000000001,110.71458333333334,110.71458333333334,-754.5437541666666,324.62637916666665,771.2333333333332,1007.1999999999999,,50.00048611111111,-235.90833333333333,519.6333333333333,124.22500000000001,86.22500000000001
2023-03-16 00:00:00+00:00,94.28875,85.32208333333334,100.685,100.685,-925.0645875,319.60209583333335,693.7333333333332,1020.0291666666667,,50.00194444444444,-326.25,599.9875,24.599999999999998,103.44166666666666
2023-03-17 00:00:00+00:00,65.67416666666666,34.85791666666667,65.86125,65.86125,-932.8600666666666,265.0340291666667,572.5166666666667,1000.6041666666666,,49.99868055555556,-428.09999999999997,505.8875,86.075,114.24166666666667
2023-03-18 00:00:00+00:00,31.819166666666664,23.565833333333334,31.819166666666664,31.819166666666664,-952.0309083333333,269.6493041666667,488.54583333333335,906.3249999999999,,50.00114583333333,-417.79583333333335,535.3916666666667,245.73333333333335,65.0625
2023-03-19 00:00:00+00:00,65.26958333333333,52.16625,65.26958333333333,65.26958333333333,-919.5743083333333,170.58229166666666,334.96666666666664,905.975,,50.00052083333333,-570.9875000000001,349.7791666666667,42.416666666666664,28.108333333333334
2023-03-20 00:00:00+00:00,98.61208333333333,81.86541666666666,98.61208333333333,98.61208333333333,-938.803125,123.15138333333333,418.5083333333334,976.9499999999999,,50.00013888888889,-558.4166666666666,381.625,46.04583333333333,58.24166666666667
2023-03-21 00:00:00+00:00,88.04166666666667,47.77875,98.66958333333334,98.66958333333334,-975.915275,214.5513875,478.2166666666667,1003.9541666666668,,50.002361111111114,-525.7125,451.3833333333334,54.97083333333333,63.70416666666667
2023-03-22 00:00:00+00:00,43.007083333333334,43.007083333333334,43.007083333333334,43.007083333333334,-572.6479125,7.305199999999997,499.0625,1001.7833333333333,,49.99930555555555,-502.7375,70.8375,169.60416666666666,23.104166666666668
2023-03-23 00:00:00+00:00,35.581250000000004,35.581250000000004,35.581250000000004,35.581250000000004,-613.15,99.66146666666667,526.3000000000001,977.2791666666667,,50.00017361111111,-451.0208333333333,163.20833333333334,154.7875,54.775
2023-03-24 00:00:00+00:00,39.70875,39.70875,39.70875,39.70875,-329.2194416666667,5.764933333333333,474.6791666666666,938.6374999999999,,49.99961805555555,-463.9666666666667,-134.10416666666666,139.97916666666666,56.57916666666667
2023-03-25 00:00:00+00:00,28.989166666666666,28.989166666666666,28.989166666666666,28.989166666666666,-280.24200833333333,53.273262499999994,505.35833333333335,881.9875000000001,,50.00090277777778,-376.6333333333334,-95.74583333333334,160.66666666666666,60.862500000000004
2023-03-26 00:00:00+00:00,48.962916666666665,45.45041666666666,48.962916666666665,48.962916666666665,-641.4857583333334,176.572225,382.375,911.9791666666666,,49.99916666666667,-529.6125000000001,112.91250000000001,61.67083333333333,25.5625
2023-03-27 00:00:00+00:00,65.88625,55.2925,65.88625,65.88625,-887.7940833333333,171.803125,418.62916666666666,1047.1291666666666,,50.000625,-628.4875000000001,260.5833333333333,86.43333333333334,35.083333333333336
2023-03-28 00:00:00+00:00,79.5675,45.052083333333336,79.5675,90.5575,-944.8170125,156.02811666666668,438.0125,1064.4125000000001,,50.00190972222222,-626.4125,319.59583333333336,48.425000000000004,61.2875
2023-03-29 00:00:00+00:00,108.52041666666668,105.41250000000001,108.65583333333335,114.15499999999999,-834.021525,180.6253375,563.2583333333333,1079.8125,,49.998194444444444,-516.5541666666667,318.6125,72.15833333333333,70.80833333333332
2023-03-30 00:00:00+00:00,79.23666666666666,68.83375,79.23666666666666,82.2525,-803.2746416666668,125.77047499999999,466.1041666666667,1104.3208333333334,,50.00024305555556,-638.2208333333333,166.15,23.045833333333334,27.383333333333336
2023-03-31 00:00:00+00:00,79.61125,55.59458333333333,79.61125,82.07708333333333,-895.00625,172.34410833333334,500.84999999999997,1091.05,,49.9996875,-590.1999999999999,305.9166666666667,101.30416666666667,27.804166666666664
2023-04-01 00:00:00+00:00,42.6325,42.6325,42.6325,42.6325,-558.9683958333334,73.21596666666666,518.1708333333333,976.2083333333334,,50.00038194444445,-458.0416666666667,101.83749999999999,173.08333333333334,56.93333333333334
2023-04-02 00:00:00+00:00,53.94125,53.94125,53.94125,53.94125,-283.07014166666664,0.8413125000000007,512.9458333333333,848.5916666666667,,50.00024305555556,-335.62916666666666,-52.025,147.50833333333333,152.82083333333335
2023-04-03 00:00:00+00:00,103.31041666666665,103.31041666666665,103.31041666666665,103.31041666666665,-412.10485416666666,17.670829166666667,616.9666666666667,1022.3541666666666,,50.00090277777778,-405.37083333333334,7.400000000000003,173.54583333333335,93.575
2023-04-04 00:00:00+00:00,122.14166666666667,115.86041666666667,122.14166666666667,122.15666666666668,-705.7909791666667,98.10589583333332,539.0625,1013.3083333333334,,50.00038194444445,-474.29583333333335,232.54166666666666,69.91666666666667,98.7
2023-04-05 00:00:00+00:00,122.61874999999999,106.5,122.61874999999999,126.01791666666666,-902.1347166666666,123.0999875,493.23333333333335,1059.6291666666666,,50.00076388888888,-566.3958333333334,336.875,58.7875,22.1375
2023-04-06 00:00:00+00:00,94.64958333333334,91.255,94.64958333333334,94.64958333333334,-864.1739625,146.4118,476.8,1019.275,,49.99947916666667,-542.4458333333333,322.875,54.916666666666664,62.75
2023-04-07 00:00:00+00:00,54.98500000000001,54.98500000000001,54.98500000000001,54.98500000000001,-533.6055541666667,103.72675,459.575,788.6416666666668,,50.000729166666666,-329.08750000000003,205.45416666666665,77.02499999999999,166.375
2023-04-08 00:00:00+00:00,54.50375,54.50375,54.50375,54.50375,-347.640975,17.912845833333332,430.47499999999997,773.4333333333334,,49.99881944444444,-342.9291666666666,5.258333333333334,50.06666666666666,165.375
2023-04-09 00:00:00+00:00,50.732499999999995,50.732499999999995,50.732499999999995,50.732499999999995,-365.03299166666665,37.08507916666667,406.94166666666666,742.5749999999999,,50.000729166666666,-335.60833333333335,30.079166666666666,48.050000000000004,163.84166666666667
2023-04-10 00:00:00+00:00,26.034583333333334,26.034583333333334,26.034583333333334,26.034583333333334,-224.03228750000002,-133.5868,398.6166666666666,866.9083333333333,,50.00048611111111,-468.2916666666667,-243.90833333333333,51.32083333333333,157.42083333333332
2023-04-11 00:00:00+00:00,42.82749999999999,33.36125,42.82749999999999,42.82749999999999,-452.3420125,-28.926045833333333,387.9666666666667,884.2166666666667,,49.99961805555555,-496.19166666666666,-43.19166666666666,58.4,111.74166666666667
2023-04-12 00:00:00+00:00,36.26916666666667,36.26916666666667,36.26916666666667,36.37,-517.4392333333334,12.992008333333333,422.7,852.8000000000001,,50.002430555555556,-430.075,88.21249999999999,87.575,130.375
2023-04-13 00:00:00+00:00,23.52625,18.726666666666667,23.52625,30.019166666666667,-821.8229166666666,203.85936666666666,472.45416666666665,907.8333333333334,,49.99760416666666,-435.4083333333333,387.72499999999997,178.20416666666665,72.43333333333334
2023-04-14 00:00:00+00:00,37.977916666666665,33.75333333333334,37.977916666666665,47.666666666666664,-663.0753458333334,291.80625833333335,535.4416666666667,854.4541666666668,,49.999583333333334,-319.0416666666667,345.14166666666665,177.3375,149.70833333333334
2023-04-15 00:00:00+00:00,43.86208333333334,43.86208333333334,43.86208333333334,43.86208333333334,-350.0020916666667,129.93957083333333,467.2791666666667,758.5875,,50.00052083333333,-291.3333333333333,59.28333333333333,109.17083333333333,133.2875
2023-04-16 00:00:00+00:00,73.77374999999999,73.77374999999999,73.77374999999999,73.77374999999999,-409.2816,116.86875416666668,452.74583333333334,770.0958333333333,,49.99961805555555,-317.30833333333334,92.64999999999999,42.204166666666666,96.33749999999999
2023-04-17 00:00:00+00:00,104.52041666666666,99.96875,104.52041666666666,104.52041666666666,-399.7322916666667,140.21770833333332,527.5666666666667,873.4375,,49.99975694444444,-345.825,54.89166666666667,35.979166666666664,107.69583333333333
2023-04-18 00:00:00+00:00,85.05125,84.95958333333333,85.05125,85.05125,-361.0121541666667,2.2909624999999996,529.5375,853.8166666666666,,49.999652777777776,-324.29583333333335,37.42083333333333,102.43333333333334,123.42083333333333
2023-04-19 00:00:00+00:00,54.69,54.69,54.69,54.69,-208.665525,-46.919158333333336,534.8833333333333,820.6999999999999,,50.00060070671378,-285.84166666666664,-76.27499999999999,143.42916666666667,174.92499999999998
2023-04-20 00:00:00+00:00,58.531666666666666,58.531666666666666,58.531666666666666,58.531666666666666,-178.50033333333332,-153.2604625,444.37916666666666,809.5208333333334,,50.000149253731344,-365.0083333333334,-186.13333333333333,62.95416666666667,165.32083333333333
2023-04-21 00:00:00+00:00,73.00541666666666,58.21125,73.00541666666666,73.00541666666666,-459.5267333333333,32.361799999999995,494.45,821.15,,49.99947916666667,-326.6375,133.65,46.708333333333336,140.17499999999998
2023-04-22 00:00:00+00:00,36.35458333333333,36.35458333333333,36.35458333333333,35.17791666666667,-162.34340416666666,-118.24583333333334,428.16249999999997,714.6374999999999,,49.99947916666667,-286.3625,-123.77499999999999,42.62083333333333,164.94583333333333
2023-04-23 00:00:00+00:00,36.802083333333336,36.802083333333336,36.802083333333336,48.785833333333336,-83.50417083333333,-123.10243750000001,474.1041666666667,686.6291666666666,,49.99923611111112,-212.3708333333333,-127.24583333333334,85.7375,174.3708333333333
2023-04-24 00:00:00+00:00,74.68166666666666,68.02499999999999,74.68166666666666,85.52458333333334,-360.410075,0.12361249999999775,499.28695652173917,820.7565217391304,,50.000451388888884,-321.5391304347826,20.869565217391308,83.47826086956522,106.94583333333333
2023-04-25 00:00:00+00:00,63.18875,37.74208333333333,63.18875,63.18875,-599.0579791666667,172.19930416666668,549.875,844.7291666666666,,50.00017361111111,-294.8208333333333,304.7416666666667,87.8625,116.19583333333333
2023-04-26 00:00:00+00:00,84.43291666666667,61.52875,84.43291666666667,84.43291666666667,-576.7555583333334,136.85347083333332,482.6458333333333,819.0958333333333,,50.00010416666667,-336.5083333333333,241.55416666666667,40.083333333333336,105.89583333333333
2023-04-27 00:00:00+00:00,106.82208333333334,97.70375,106.82208333333334,106.82208333333334,-578.0805624999999,137.99895833333332,520.3874999999999,880.4583333333334,,50.0003125,-360.0958333333333,219.10416666666666,36.50416666666667,84.70833333333333
2023-04-28 00:00:00+00:00,104.64125,98.14125,104.64125,104.64125,-566.7243041666667,205.41145416666666,588.4125,864.5458333333332,,50.00006944444445,-276.17083333333335,291.6791666666667,61.833333333333336,113.30000000000001
2023-04-29 00:00:00+00:00,67.88583333333334,59.42625,67.88583333333334,67.88583333333334,-543.6868083333333,215.97743749999998,524.4833333333333,754.7875,,50.00017361111111,-230.24166666666667,314.37083333333334,83.42083333333333,127.31666666666666
2023-04-30 00:00:00+00:00,41.98625,24.57041666666667,41.98625,41.98625,-544.8975750000001,210.73715833333335,508.27500000000003,759.3666666666667,,49.99993055555555,-251.01250000000002,294.6458333333333,140.12916666666666,100.9875
2023-05-01 00:00:00+00:00,54.02291666666667,54.02291666666667,54.02291666666667,54.02291666666667,-544.9145833333333,259.97465416666665,509.4875,742.3916666666668,,50.0003125,-232.8125,312.7625,104.24166666666667,142.96666666666667
2023-05-02 00:00:00+00:00,89.54625,81.76375,90.38499999999999,90.38499999999999,-543.0173666666667,279.24202916666667,640.2041666666667,852.4708333333333,,50.000659722222224,-212.29999999999998,331.56666666666666,218.625,99.33749999999999
2023-05-03 00:00:00+00:00,88.70458333333333,57.73500000000001,91.47083333333335,91.47083333333335,-789.9527791666666,408.1697916666667,607.9333333333333,887.1999999999999,,50.00149305555556,-279.2583333333333,511.64166666666665,99.57083333333333,147.87083333333334
2023-05-04 00:00:00+00:00,93.88291666666667,88.71958333333333,94.74416666666667,94.74416666666667,-875.3798583333333,436.91215000000005,617.3666666666667,904.6666666666666,,50.00048611111111,-287.3041666666667,589.2083333333334,104.82916666666667,141.875
2023-05-05 00:00:00+00:00,84.26083333333334,81.32208333333334,84.26083333333334,84.26083333333334,-805.1177041666666,294.07847499999997,560.3208333333333,958.7166666666667,,50.000659722222224,-398.3,407.8125,75.64583333333333,109.95416666666667
2023-05-06 00:00:00+00:00,72.92458333333333,71.70541666666666,72.92458333333333,72.92458333333333,-755.9701375,270.45105416666667,500.83750000000003,832.4375,,50.000729166666666,-331.5208333333333,425.4375,46.80416666666667,144.02916666666667
2023-05-07 00:00:00+00:00,60.38999999999999,57.76458333333333,60.38999999999999,60.38999999999999,-754.3159333333333,305.9785083333333,498.21250000000003,746.6,,50.00116607773852,-248.4958333333333,507.4458333333334,35.391666666666666,192.49166666666667
2023-05-08 00:00:00+00:00,84.27041666666666,63.89291666666667,86.14916666666666,86.14916666666666,-941.8850625,455.0102416666667,528.5083333333333,841.9083333333333,,49.999102564102564,-313.3625,629.625,35.90416666666667,182.92499999999998
2023-05-09 00:00:00+00:00,62.59375,17.470833333333335,77.68333333333332,77.68333333333332,-968.1921833333334,466.7090416666667,498.175,821.2125,,50.00055555555556,-323.1041666666667,647.1750000000001,44.0,189.1833333333333
2023-05-10 00:00:00+00:00,57.51916666666667,6.72625,68.16833333333334,68.16833333333334,-984.6934,563.5781375,463.0083333333334,809.6999999999999,,49.9996875,-346.65000000000003,639.2041666666667,33.145833333333336,183.4
2023-05-11 00:00:00+00:00,73.80499999999999,19.087083333333332,101.07416666666666,101.07416666666666,-922.2760458333333,513.9701375,488.71250000000003,799.2458333333334,,50.00024305555556,-310.5625,612.9708333333333,45.21666666666667,181.98749999999998
2023-05-12 00:00:00+00:00,81.57916666666667,46.20375000000001,96.07958333333333,96.07958333333333,-896.0638958333334,533.6944416666666,537.6041666666666,787.9083333333333,,50.00163194444444,-250.32083333333333,647.0458333333333,55.291666666666664,188.14166666666665
2023-05-13 00:00:00+00:00,60.63916666666666,19.423750000000002,76.67416666666666,76.67416666666666,-897.0659708333333,522.940975,513.5625,690.6374999999999,,50.001666666666665,-177.15416666666667,721.275,47.24166666666667,196.64583333333334
2023-05-14 00:00:00+00:00,51.312083333333334,7.935833333333334,72.34708333333333,72.34708333333333,-898.7159833333334,470.55451250000004,439.37083333333334,675.3000000000001,,49.99871527777778,-235.98749999999998,664.0083333333333,37.37083333333333,193.15
2023-05-15 00:00:00+00:00,67.19,24.56958333333333,112.60416666666667,112.60416666666667,-941.0526083333334,422.7895291666666,535.6750000000001,818.2041666666668,,50.0008,-282.7291666666667,659.6083333333333,66.28750000000001,167.84583333333333
2023-05-16 00:00:00+00:00,81.85458333333334,12.615,83.15291666666667,83.15291666666667,-983.6973666666667,335.58577083333336,521.7125,890.8541666666666,,50.00164705882353,-369.1458333333333,615.8249999999999,111.57916666666667,28.724999999999998
2023-05-17 00:00:00+00:00,71.06458333333333,0.23291666666666666,87.67041666666667,87.67041666666667,-960.1117958333333,361.42465416666664,626.8666666666667,871.775,,50.00118055555556,-244.94583333333333,716.5875,189.58333333333334,109.29166666666667
2023-05-18 00:00:00+00:00,69.84541666666667,4.780833333333333,96.91166666666668,96.91166666666668,-953.2204791666667,327.5948,612.0291666666667,867.4166666666666,,50.00038194444445,-255.35416666666666,699.2291666666666,92.075,176.23333333333335
2023-05-19 00:00:00+00:00,72.26875,21.685,87.76666666666667,87.76666666666667,-962.7899375000001,308.83611666666667,562.0916666666667,848.15,,49.99993055555555,-286.03749999999997,678.1416666666667,40.05416666666667,191.52083333333334
2023-05-20 00:00:00+00:00,37.944583333333334,2.0620833333333333,44.3225,44.3225,-924.1756833333334,281.63714166666665,521.8083333333333,742.1833333333334,,50.000659722222224,-220.375,705.1291666666666,40.525,195.20416666666665
2023-05-21 00:00:00+00:00,30.582083333333333,1.1904166666666667,33.683749999999996,33.683749999999996,-861.3642416666667,249.20486666666667,497.79583333333335,732.4375,,50.000659722222224,-234.6,627.9791666666666,41.78333333333333,173.20000000000002
2023-05-22 00:00:00+00:00,79.03083333333333,22.81375,95.8075,95.8075,-982.9812458333334,281.3763916666667,539.2375000000001,860.2708333333334,,50.00114583333333,-321.05,663.3125,35.300000000000004,142.24166666666667
2023-05-23 00:00:00+00:00,79.17208333333333,9.752916666666666,79.17208333333333,79.17208333333333,-997.9513958333333,318.5375041666667,554.7291666666666,862.3708333333334,,49.999583333333334,-307.6875,691.7166666666667,31.004166666666666,153.375
2023-05-24 00:00:00+00:00,78.37083333333334,-0.40833333333333327,128.43125,128.43125,-991.8552583333334,342.4531,560.1,861.5708333333333,,50.000696864111504,-301.44166666666666,691.7958333333332,33.1625,169.5625
2023-05-25 00:00:00+00:00,73.74833333333333,1.6395833333333332,73.74833333333333,73.74833333333333,-993.3309,385.7017333333333,557.5916666666667,872.0333333333333,,50.00010416666667,-314.4375,680.3416666666667,86.58749999999999,111.80833333333334
2023-05-26 00:00:00+00:00,55.955000000000005,7.15875,55.955000000000005,55.955000000000005,-982.7430541666666,403.12535,580.9416666666667,839.9875000000001,,50.00038194444445,-259.03749999999997,725.1291666666666,128.19166666666666,159.30416666666667
2023-05-27 00:00:00+00:00,62.42625,3.6824999999999997,62.42625,62.42625,-979.4270708333333,446.7100791666667,528.1583333333333,719.8708333333334,,49.99944444444444,-191.69583333333333,789.0625,80.45833333333333,183.49166666666667
2023-05-28 00:00:00+00:00,38.17958333333333,-2.8666666666666667,38.17958333333333,38.17958333333333,-850.8572875,456.8020916666667,555.6125000000001,690.4333333333334,,50.00114583333333,-134.79583333333332,717.3166666666666,140.95416666666668,179.375
2023-05-29 00:00:00+00:00,35.76416666666667,6.221666666666667,48.26791666666667,48.26791666666667,-952.4298583333333,338.0826416666667,505.1958333333334,850.0833333333334,,50.00100694444445,-344.8458333333333,608.8916666666667,52.4125,155.41666666666666
2023-05-30 00:00:00+00:00,54.54416666666666,33.69375,89.6425,89.6425,-924.8170166666667,357.0013916666667,566.6833333333333,871.1,,49.99961805555555,-304.45,621.6916666666667,76.39583333333333,148.90416666666667
2023-05-31 00:00:00+00:00,32.85916666666667,-0.45416666666666666,78.28833333333334,78.28833333333334,-915.5086791666666,393.41040833333335,630.1999999999999,856.3874999999999,,50.001041666666666,-226.14166666666665,690.6625,152.36666666666667,169.49166666666665
2023-06-01 00:00:00+00:00,75.4525,5.254166666666666,76.46,76.46,-993.2225625,499.778125,686.6166666666667,877.8583333333332,,50.000347222222224,-191.26250000000002,803.3249999999999,162.875,158.4625
2023-06-02 00:00:00+00:00,79.62458333333333,25.310833333333335,80.145,80.145,-990.3656291666666,464.86945,655.7583333333333,889.4166666666666,,50.000659722222224,-233.65416666666667,758.1041666666666,121.98333333333333,146.0375
2023-06-03 00:00:00+00:00,55.687083333333334,14.755416666666667,55.687083333333334,55.687083333333334,-928.2368041666667,416.6184,566.85,805.7833333333333,,49.99993055555555,-238.89583333333334,690.7416666666667,98.4875,133.8375
2023-06-04 00:00:00+00:00,52.83583333333333,8.60375,52.83583333333333,52.83583333333333,-804.4729208333333,350.3638916666667,581.9375,800.6,,50.00048611111111,-218.6625,586.9833333333333,99.62083333333334,115.82499999999999
2023-06-05 00:00:00+00:00,92.77958333333333,3.985416666666667,92.77958333333333,92.77958333333333,-432.0933916666666,173.07709166666666,728.2375000000001,800.0458333333332,,49.999652777777776,-71.8,360.4916666666666,114.04583333333333,178.11666666666667
2023-06-06 00:00:00+00:00,99.40125,19.284166666666668,99.40125,99.40125,-348.28782916666665,101.4715375,693.6541666666667,789.6791666666667,,49.99930555555555,-95.97916666666667,252.33333333333334,55.60833333333333,169.62083333333334
2023-06-07 00:00:00+00:00,99.365,27.71375,100.68333333333334,100.68333333333334,-347.4152875,114.69652916666666,685.2624999999999,748.2083333333334,,49.99951388888889,-62.90416666666667,284.53749999999997,51.48333333333333,206.29583333333335
2023-06-08 00:00:00+00:00,108.93958333333335,22.623333333333335,108.93958333333335,108.93958333333335,-348.16909583333336,126.07812083333333,679.6999999999999,755.8625000000001,,49.99993055555555,-76.18333333333334,272.07916666666665,51.19583333333333,198.47083333333333
2023-06-09 00:00:00+00:00,86.15958333333333,32.60458333333333,86.15958333333333,86.15958333333333,-346.1284708333333,75.11457916666667,660.7458333333333,720.6625,,49.999965277777775,-59.979166666666664,286.26666666666665,76.11666666666666,211.34583333333333
2023-06-10 00:00:00+00:00,57.762499999999996,23.36708333333333,57.762499999999996,57.762499999999996,-302.1666583333333,79.30417083333333,588.75,635.8958333333334,,50.00225694444444,-47.12916666666666,255.07916666666665,56.012499999999996,200.5875
2023-06-11 00:00:00+00:00,46.01958333333334,2.240416666666667,46.01958333333334,46.01958333333334,-337.640625,103.71597083333334,563.7916666666666,615.8166666666667,,50.000347222222224,-52.074999999999996,285.675,30.045833333333334,203.38333333333333
2023-06-12 00:00:00+00:00,99.02999999999999,16.39625,99.02999999999999,99.02999999999999,-347.64895416666667,137.45589583333333,642.7541666666667,720.0208333333334,,49.99961805555555,-77.3125,270.44166666666666,34.40416666666667,206.7875
2023-06-13 00:00:00+00:00,109.28041666666667,44.64625,109.28041666666667,109.28041666666667,-344.1593833333333,149.16457499999999,669.1083333333333,736.7708333333334,,50.00090277777778,-67.6875,276.5625,37.170833333333334,206.82500000000002
2023-06-14 00:00:00+00:00,112.39083333333333,64.96583333333334,112.39083333333333,112.39083333333333,-346.43681250000003,225.620825,677.6166666666667,743.3833333333333,,50.0003125,-65.73333333333333,280.71666666666664,38.8375,204.4625
2023-06-15 00:00:00+00:00,132.15958333333333,63.40375,132.15958333333333,132.15958333333333,-397.18124166666666,269.83575833333333,700.9625,758.9499999999999,,50.000972222222224,-57.958333333333336,339.4583333333333,45.854166666666664,196.72916666666666
2023-06-16 00:00:00+00:00,97.39041666666667,63.0275,129.795,129.795,-913.3600625,447.09444583333334,612.1125000000001,772.5208333333334,,49.99729166666666,-160.36666666666665,754.2791666666667,37.704166666666666,173.70833333333334
2023-06-17 00:00:00+00:00,95.5475,50.75375,104.33875,104.33875,-928.1437541666666,437.95799166666666,415.62916666666666,670.7541666666667,,49.999652777777776,-255.0583333333333,674.3708333333333,66.1125,176.6
2023-06-18 00:00:00+00:00,89.24833333333333,46.474583333333335,93.29958333333333,93.29958333333333,-969.3854124999999,492.9392375,452.325,670.025,,50.0,-217.72083333333333,753.0708333333333,108.53333333333335,166.5
2023-06-19 00:00:00+00:00,114.05,78.09,120.44708333333334,120.44708333333334,-941.7059041666666,433.4375,442.2208333333333,735.1541666666667,,50.00013888888889,-292.93333333333334,650.2041666666667,66.63333333333334,197.9416666666667
2023-06-20 00:00:00+00:00,101.25583333333333,61.42791666666667,120.89166666666667,120.89166666666667,-914.5565916666666,354.5666708333333,420.3541666666667,760.0958333333333,,50.00038194444445,-339.72083333333336,576.1541666666667,41.25416666666667,192.7875
2023-06-21 00:00:00+00:00,103.55791666666666,57.25375,120.53125,120.53125,-953.4220291666667,411.75075833333335,435.34999999999997,791.1999999999999,,50.000459363957596,-355.9458333333334,598.6666666666666,47.61666666666667,171.61666666666667
2023-06-22 00:00:00+00:00,112.64791666666667,44.88333333333333,120.69041666666668,120.69041666666668,-997.8722250000001,384.0138833333333,448.9375,844.4166666666666,,49.99977611940299,-395.46250000000003,603.7833333333333,65.61666666666666,62.958333333333336
2023-06-23 00:00:00+00:00,57.64208333333334,10.770416666666668,124.74083333333334,124.74083333333334,-844.9263833333333,426.73159166666665,419.4583333333333,619.9208333333333,,50.00020833333333,-200.4416666666667,645.6750000000001,64.02916666666667,195.11666666666667
2023-06-24 00:00:00+00:00,62.22541666666667,26.2775,77.505,77.505,-784.7656291666667,374.39028333333334,435.9041666666667,576.2583333333333,,49.99878472222222,-140.36666666666667,645.5416666666666,90.15416666666665,197.83333333333334
2023-06-25 00:00:00+00:00,63.38791666666666,39.22416666666667,63.38791666666666,63.38791666666666,-743.640625,280.4475708333333,365.0125,660.5708333333333,,49.999340277777776,-295.5625,449.29583333333335,34.30416666666667,139.44166666666666
2023-06-26 00:00:00+00:00,122.66708333333332,79.8975,122.66708333333332,122.66708333333332,-988.3868166666666,285.50799166666667,338.76666666666665,769.0166666666668,,50.00152777777778,-430.23333333333335,559.4625,32.175000000000004,151.07083333333333
2023-06-27 00:00:00+00:00,107.74874999999999,81.65875,108.09458333333333,108.09458333333333,-995.1819416666667,367.42569583333335,525.1666666666666,787.4875000000001,,49.99989583333333,-262.34583333333336,734.1875,45.73333333333333,165.76666666666668
2023-06-28 00:00:00+00:00,114.5125,110.29958333333333,114.51958333333333,114.51958333333333,-908.9302041666666,353.47291249999995,564.0333333333333,802.6208333333334,,50.00111111111111,-238.59166666666667,671.6666666666666,35.079166666666666,180.6625
2023-06-29 00:00:00+00:00,117.925,107.76916666666666,117.925,117.925,-849.1354124999999,366.71875833333337,590.8333333333334,816.3291666666668,,49.998194444444444,-225.52083333333334,624.9916666666667,46.15833333333333,181.88750000000002
2023-06-30 00:00:00+00:00,100.16416666666667,69.9975,116.94541666666667,116.94541666666667,-929.1954875,369.68575833333335,566.9333333333333,810.4499999999999,,49.99979166666667,-243.50833333333333,687.0791666666668,39.81666666666667,179.92916666666667
2023-07-01 00:00:00+00:00,53.925000000000004,28.727083333333336,53.925000000000004,53.925000000000004,-884.8816,417.36215416666664,578.3249999999999,714.3291666666668,,50.00052083333333,-136.03333333333333,750.2833333333333,145.28333333333333,130.76250000000002
2023-07-02 00:00:00+00:00,5.877916666666667,4.68375,5.877916666666667,5.877916666666667,-855.2545125,306.00243333333333,410.1375,734.3208333333333,,50.00086805555556,-324.2291666666667,532.4833333333333,115.60833333333333,64.72083333333333
2023-07-03 00:00:00+00:00,31.18375,30.02541666666667,31.18375,31.18375,-802.6239625,328.58611666666667,529.8125,798.2666666666668,,49.99986111111111,-268.45,535.4791666666666,251.11666666666667,126.64166666666667
2023-07-04 00:00:00+00:00,73.14791666666666,42.43875,73.14791666666666,73.14791666666666,-910.7135374999999,464.635425,554.0833333333334,770.7666666666668,,50.00142361111111,-216.72083333333333,695.4,191.38750000000002,125.66250000000001
2023-07-05 00:00:00+00:00,80.01458333333333,47.82958333333334,93.96125,93.96125,-913.5041625,540.084725,630.8000000000001,780.3708333333334,,50.001041666666666,-149.60416666666666,765.3625000000001,156.63333333333333,133.6625
2023-07-06 00:00:00+00:00,101.70458333333333,55.9925,101.70458333333333,101.70458333333333,-977.5725666666667,527.1736166666666,502.02500000000003,777.5041666666666,,49.99989583333333,-275.46250000000003,703.5416666666666,52.05416666666667,96.76666666666667
2023-07-07 00:00:00+00:00,86.03291666666667,62.45791666666667,88.53333333333335,88.53333333333335,-864.6461833333333,558.0090208333334,559.3291666666667,775.9250000000001,,49.998437499999994,-216.67916666666667,649.4833333333333,55.28333333333333,156.95833333333334
2023-07-08 00:00:00+00:00,58.92916666666667,48.82958333333334,58.92916666666667,58.92916666666667,-890.3316,635.94965,544.9541666666667,719.4208333333335,,50.002916666666664,-174.4125,717.2541666666666,59.28333333333333,134.47916666666666
2023-07-09 00:00:00+00:00,60.080000000000005,55.663333333333334,60.080000000000005,60.080000000000005,-850.8781166666666,591.4194416666667,484.22499999999997,694.8625000000001,,50.000659722222224,-210.5375,641.6083333333333,58.34583333333333,116.93333333333334
2023-07-10 00:00:00+00:00,107.60708333333334,67.97375000000001,116.80708333333332,116.80708333333332,-945.4819458333333,611.6027791666667,538.6958333333333,773.4958333333334,,49.99989583333333,-234.82916666666665,712.0958333333333,30.424999999999997,168.2125
2023-07-11 00:00:00+00:00,104.94666666666667,53.14458333333334,115.12666666666667,115.12666666666667,-977.2791625,540.89305,518.4083333333333,772.3791666666666,,50.0009375,-254.03333333333333,724.6916666666666,28.662499999999998,176.14166666666668
2023-07-12 00:00:00+00:00,99.05874999999999,43.72333333333333,108.47333333333334,108.47333333333334,-992.6743,468.72499999999997,386.125,764.1083333333332,,49.99989583333333,-377.9916666666666,616.2,26.016666666666666,202.4
2023-07-13 00:00:00+00:00,110.85333333333334,45.01458333333333,110.85333333333334,110.85333333333334,-995.4246541666666,350.5201333333334,343.9291666666666,768.0416666666666,,50.000590277777775,-424.12083333333334,572.6958333333333,48.30833333333334,145.19583333333333
2023-07-14 00:00:00+00:00,99.0025,42.54666666666667,99.0025,99.0025,-992.7802083333332,402.81840000000005,344.925,749.7291666666666,,50.0,-404.77500000000003,589.3791666666667,44.93333333333334,147.1
2023-07-15 00:00:00+00:00,29.36583333333333,16.432083333333335,29.39916666666667,29.39916666666667,-816.8458291666666,375.3798583333333,364.8958333333333,682.1999999999999,,50.001979166666665,-317.3208333333333,500.87083333333334,40.86666666666667,174.82083333333333
2023-07-16 00:00:00+00:00,32.696666666666665,-9.402083333333334,39.704166666666666,39.704166666666666,-861.9499916666667,386.02950833333335,364.6875,688.5083333333333,,50.00055555555556,-323.8583333333333,539.5375,68.11666666666666,143.00833333333335
2023-07-17 00:00:00+00:00,70.89375,5.495,107.63291666666667,107.63291666666667,-942.122925,396.51562916666666,397.45,743.025,,50.00079861111111,-345.5,597.9791666666666,83.26666666666667,163.23749999999998
2023-07-18 00:00:00+00:00,82.49875,17.994583333333335,83.51958333333333,83.51958333333333,-989.7725708333334,366.29479999999995,400.2291666666667,773.5916666666667,,49.99899305555555,-373.3458333333333,617.85,94.47916666666667,128.26666666666668
2023-07-19 00:00:00+00:00,97.38625,30.03916666666667,112.58208333333333,112.58208333333333,-975.2479208333334,308.6048583333333,405.6583333333333,774.8291666666668,,50.00052083333333,-369.1875,607.5208333333334,72.30416666666666,143.125
2023-07-20 00:00:00+00:00,103.515,27.385416666666668,104.54791666666667,104.54791666666667,-977.0850708333334,331.2392375,400.65000000000003,766.8541666666666,,50.00086805555556,-366.175,612.3541666666666,72.52499999999999,145.18333333333334
2023-07-21 00:00:00+00:00,93.48125,27.197083333333335,115.83458333333334,115.83458333333334,-942.4572958333333,413.95451249999996,433.24583333333334,764.6541666666667,,49.9996875,-331.39166666666665,612.475,84.1125,148.60833333333332
2023-07-22 00:00:00+00:00,74.485,23.245,74.485,74.485,-974.4746541666667,455.32812083333334,397.33750000000003,686.2624999999999,,50.00048611111111,-288.9458333333333,686.9708333333333,59.4375,151.89583333333334
2023-07-23 00:00:00+00:00,40.59166666666667,14.359166666666667,40.59166666666667,40.59166666666667,-846.5934000000001,369.7055666666667,362.4166666666667,695.4583333333334,,50.00125,-333.075,514.8833333333333,42.98333333333333,125.99583333333334
2023-07-24 00:00:00+00:00,116.1225,27.672083333333333,116.1225,116.1225,-997.0232583333333,500.24792083333335,399.42083333333335,759.5166666666668,,49.999548611111116,-360.1041666666667,638.3375,29.287499999999998,153.88333333333333
2023-07-25 00:00:00+00:00,113.14083333333333,25.878333333333334,113.14083333333333,113.14083333333333,-996.9645791666667,457.85485833333337,345.425,794.375,,49.99993055555555,-448.9875,549.4083333333333,28.775000000000002,67.97916666666667
2023-07-26 00:00:00+00:00,123.32958333333333,29.94458333333333,123.32958333333333,123.32958333333333,-998.0683916666667,440.7767333333333,432.0625,787.4125,,50.000347222222224,-355.37916666666666,644.1416666666667,49.82916666666667,113.39583333333333
2023-07-27 00:00:00+00:00,102.89541666666666,33.29708333333333,102.89541666666666,102.89541666666666,-994.6579875000001,444.16215000000005,404.05833333333334,742.3208333333333,,49.99878472222222,-338.28749999999997,657.7916666666666,29.21666666666667,131.40416666666667
2023-07-28 00:00:00+00:00,103.72625,32.221250000000005,103.72625,103.72625,-997.0465291666666,402.91771250000005,419.07500000000005,749.4416666666666,,50.00121527777778,-330.3333333333333,668.0625,57.34166666666667,140.30833333333334
2023-07-29 00:00:00+00:00,73.01,19.267083333333336,73.01,73.01,-983.4868041666667,459.34999166666665,396.0625,643.6583333333333,,50.00020833333333,-247.64583333333334,737.3000000000001,114.85416666666667,143.225
2023-07-30 00:00:00+00:00,49.361250000000005,18.91,53.44375,53.44375,-973.5819375,416.56423333333333,318.71666666666664,670.5875,,50.000277777777775,-351.89166666666665,623.0666666666667,31.083333333333332,139.82500000000002
2023-07-31 00:00:00+00:00,80.96833333333333,51.9275,80.96833333333333,80.96833333333333,-985.0368,364.4381916666667,317.8875,772.7208333333333,,49.998958333333334,-454.8416666666667,531.5500000000001,34.775,113.44583333333333
2023-08-01 00:00:00+00:00,73.3475,29.784166666666668,100.14958333333334,100.14958333333334,-958.541325,418.68611250000004,359.68333333333334,770.5333333333333,,49.999965277777775,-410.9041666666667,549.0833333333334,108.00416666666666,114.36250000000001
2023-08-02 00:00:00+00:00,64.435,22.074583333333333,64.435,64.435,-987.9892458333334,389.36110833333333,371.0958333333333,827.5708333333333,,50.00201388888889,-456.4583333333333,532.9708333333333,103.34166666666665,75.07083333333334
2023-08-03 00:00:00+00:00,40.48791666666667,21.401666666666667,40.48791666666667,40.48791666666667,-989.7819458333333,351.30521666666664,364.53749999999997,852.1583333333333,,49.99979166666667,-487.6041666666667,503.6375,96.86666666666667,65.64166666666667
2023-08-04 00:00:00+00:00,74.35958333333333,19.856666666666666,74.35958333333333,74.35958333333333,-987.5413208333333,477.43228750000003,460.20416666666665,804.2041666666668,,49.99732638888889,-344.075,644.9833333333333,170.77916666666667,107.38333333333333
2023-08-05 00:00:00+00:00,73.26041666666667,14.869583333333333,84.83458333333333,84.83458333333333,-982.48785,520.4329875,351.1375,695.0875,,50.00086805555556,-344.0125,639.9666666666667,50.800000000000004,142.26666666666668
2023-08-06 00:00:00+00:00,32.09625,9.926666666666668,39.11416666666667,39.11416666666667,-975.2298583333333,509.1812458333333,397.3458333333333,721.475,,50.00076388888888,-324.24583333333334,652.5416666666666,108.1875,129.04999999999998
2023-08-07 00:00:00+00:00,30.015833333333333,-0.02458333333333329,34.815416666666664,34.815416666666664,-990.5888833333333,480.7239583333333,455.28749999999997,849.6083333333332,,50.00263888888889,-394.27500000000003,597.7708333333334,150.64166666666668,171.2875
2023-08-08 00:00:00+00:00,16.457083333333333,-4.575833333333333,16.457083333333333,16.457083333333333,-968.1010458333334,494.94028333333335,408.2625,850.8708333333334,,49.998263888888886,-442.5083333333334,527.0500000000001,161.7125,87.16250000000001
2023-08-09 00:00:00+00:00,85.43124999999999,5.09375,85.43124999999999,85.43124999999999,-998.6591166666667,504.4946916666667,374.41249999999997,823.3708333333334,,50.00062717770035,-449.0083333333334,551.2208333333333,69.90833333333333,152.55416666666667
2023-08-10 00:00:00+00:00,99.3825,15.63875,99.3825,99.3825,-703.5555583333334,315.2718791666667,430.5958333333333,847.1916666666666,,49.99875,-416.6166666666666,288.49583333333334,75.09583333333333,102.74583333333334
2023-08-11 00:00:00+00:00,104.63499999999999,17.640833333333333,104.63499999999999,104.63499999999999,-745.2486166666666,311.55173333333335,422.1333333333334,817.5625,,49.998645833333335,-395.50416666666666,351.2833333333333,41.69583333333333,140.15416666666667
2023-08-12 00:00:00+00:00,66.44958333333334,11.577916666666667,66.44958333333334,66.44958333333334,-967.0257,488.3854166666667,427.0291666666667,677.4708333333333,,50.00010416666667,-250.46666666666667,718.0958333333333,23.558333333333334,164.35
2023-08-13 00:00:00+00:00,46.6575,13.275833333333333,46.6575,46.6575,-894.3739625,460.3635458333333,467.1666666666667,679.725,,49.99930555555555,-212.61666666666667,683.2624999999999,31.583333333333332,165.57083333333333
2023-08-14 00:00:00+00:00,74.675,37.025,84.25750000000001,84.25750000000001,-852.3045125,438.5958375,511.5291666666667,811.9416666666666,,49.99913194444444,-300.3541666666667,553.2875,34.291666666666664,154.95416666666668
2023-08-15 00:00:00+00:00,52.86375,29.61791666666667,61.0975,61.0975,-858.3423625,474.4135416666666,528.3249999999999,793.4,,50.000625,-265.05833333333334,594.725,64.90833333333333,183.89166666666665
2023-08-16 00:00:00+00:00,22.251666666666665,13.992916666666666,113.01375,113.01375,-887.2232583333333,481.3142291666666,459.23333333333335,807.3125,,50.000416666666666,-348.0625,540.7166666666667,56.1,163.48333333333332
2023-08-17 00:00:00+00:00,29.909166666666668,18.714166666666667,164.78708333333333,164.78708333333333,-889.6211749999999,477.7767375,427.32916666666665,825.9166666666666,,50.000034722222225,-398.54583333333335,492.5625,29.670833333333334,162.10416666666666
2023-08-18 00:00:00+00:00,128.105,124.04208333333334,142.05458333333334,142.05458333333334,-564.2354166666667,330.56874999999997,417.5416666666667,813.5875,,49.999409722222225,-396.03749999999997,169.20416666666668,83.16666666666667,105.30416666666667
2023-08-19 00:00:00+00:00,128.87208333333334,117.12208333333332,128.87208333333334,128.87208333333334,-831.0538291666667,437.9454791666667,234.01666666666665,710.3416666666667,,50.000034722222225,-476.3125,356.1583333333333,37.541666666666664,73.1875
2023-08-20 00:00:00+00:00,124.05708333333332,107.52291666666667,124.05708333333332,124.05708333333332,-707.353475,373.4208416666667,328.6125,761.8249999999999,,49.9996875,-433.1041666666667,275.46666666666664,34.637499999999996,63.887499999999996
2023-08-21 00:00:00+00:00,243.93666666666664,243.93666666666664,203.56708333333333,203.56708333333333,112.68820000000001,-100.92638749999999,694.1875,827.5875,,50.00069444444445,-133.375,-246.11666666666667,34.895833333333336,71.77499999999999
2023-08-22 00:00:00+00:00,169.64541666666668,168.21208333333334,141.04416666666665,141.04416666666665,127.4291625,-125.61423333333335,674.4208333333333,810.8249999999999,,50.00006944444445,-136.32916666666668,-263.8666666666667,69.97916666666667,105.71249999999999
2023-08-23 00:00:00+00:00,146.35333333333332,146.35333333333332,143.46333333333334,143.46333333333334,-130.98784166666667,-81.74131666666666,528.8541666666666,809.8958333333334,,49.99961805555555,-281.0625,-149.78333333333333,38.824999999999996,120.01666666666667
2023-08-24 00:00:00+00:00,152.38083333333333,150.53583333333333,148.59708333333333,148.59708333333333,-251.3364625,-19.555891666666664,471.7083333333333,815.9,,49.999340277777776,-344.0708333333334,-92.29166666666667,25.229166666666668,116.3125
2023-08-25 00:00:00+00:00,146.07874999999999,143.67083333333332,146.07874999999999,146.07874999999999,-548.9378458333333,71.0486125,433.03749999999997,779.7833333333333,,49.998402777777784,-346.7083333333333,203.00833333333335,17.8875,123.24166666666667
2023-08-26 00:00:00+00:00,109.76625,89.10041666666666,109.76625,109.76625,-859.2819458333333,469.21458750000005,472.6875,755.3833333333333,,50.00107638888889,-282.6875,577.9958333333333,55.87083333333334,90.79583333333333
2023-08-27 00:00:00+00:00,104.24166666666667,72.59791666666666,104.24166666666667,104.24166666666667,-946.2315916666666,485.4736125,463.675,741.1875,,50.0003125,-277.47083333333336,670.0583333333333,20.1375,67.79166666666667
2023-08-28 00:00:00+00:00,135.35833333333332,112.36041666666667,135.35833333333332,135.35833333333332,-776.5069416666666,314.60590833333333,678.9208333333333,874.8791666666666,,49.999583333333334,-195.91666666666666,581.7958333333333,144.43333333333334,26.95
2023-08-29 00:00:00+00:00,100.85374999999999,71.75750000000001,113.145,113.145,-968.4805625,425.1840333333334,657.8625000000001,815.1541666666667,,49.99916666666667,-157.31666666666666,812.5749999999999,45.29583333333333,108.54166666666667
2023-08-30 00:00:00+00:00,129.34041666666667,125.60958333333333,131.47833333333332,131.47833333333332,-651.8479083333333,176.92187916666668,538.7708333333334,873.0458333333332,,50.0003125,-334.28333333333336,318.6041666666667,76.46249999999999,55.73333333333333
2023-08-31 00:00:00+00:00,123.62083333333334,110.40916666666668,128.475,128.475,-834.4659708333334,252.28645416666666,566.6,868.3083333333334,,49.99913194444444,-301.6958333333333,534.1166666666667,62.42916666666667,44.9
2023-09-01 00:00:00+00:00,118.33041666666666,108.50083333333333,118.33041666666666,118.33041666666666,-575.8902791666667,189.31006666666667,541.2708333333334,799.3583333333332,,49.99986111111111,-258.01666666666665,318.75,89.06666666666666,127.59583333333332
2023-09-02 00:00:00+00:00,85.41083333333334,83.50791666666667,85.41083333333334,85.41083333333334,-760.4260458333333,353.9847291666667,456.0708333333334,737.3541666666666,,50.00114583333333,-281.22083333333336,480.375,93.64166666666667,77.91666666666667
2023-09-03 00:00:00+00:00,71.51333333333334,32.345416666666665,71.51333333333334,71.51333333333334,-914.185075,487.37673333333333,515.5291666666667,706.5416666666666,,50.001354166666665,-191.01666666666665,724.5124999999999,32.9125,127.97916666666667
2023-09-04 00:00:00+00:00,147.52375,12.761666666666668,147.52375,147.52375,-986.6871625,433.7201416666667,486.66249999999997,758.4833333333332,,50.000034722222225,-271.8208333333333,716.2624999999999,72.08749999999999,131.3125
2023-09-05 00:00:00+00:00,95.7525,26.519166666666667,108.46208333333334,108.46208333333334,-967.0510416666666,420.30625833333335,545.8708333333333,823.0416666666666,,49.99815972222222,-277.1333333333333,691.2958333333332,146.55833333333334,91.00416666666666
2023-09-06 00:00:00+00:00,130.34541666666667,43.326249999999995,130.34541666666667,130.34541666666667,-976.2295166666667,467.9149291666667,536.2958333333333,762.5833333333334,,49.999270833333334,-226.26666666666665,751.3166666666666,96.30833333333334,172.82083333333333
2023-09-07 00:00:00+00:00,168.69458333333333,50.081250000000004,169.45125,169.45125,-956.0829833333333,433.20833749999997,516.5708333333333,757.4541666666668,,50.000729166666666,-240.90833333333333,716.525,41.833333333333336,165.44166666666666
2023-09-08 00:00:00+00:00,124.47583333333334,94.02541666666667,124.47583333333334,124.47583333333334,-898.8895916666667,366.7611125,499.64166666666665,851.1999999999999,,50.00302083333334,-351.55,548.6708333333333,35.65833333333334,60.65416666666667
2023-09-09 00:00:00+00:00,110.38583333333334,6.656666666666666,121.51125,121.51125,-997.2576291666668,438.9378541666667,471.2416666666666,756.9208333333332,,49.99923611111112,-285.6958333333333,712.9125,29.479166666666668,69.82916666666667
2023-09-10 00:00:00+00:00,82.38833333333334,11.37,90.46833333333332,90.46833333333332,-984.2013833333334,453.89895416666667,491.6875,703.9833333333332,,50.00263888888889,-212.3166666666667,773.3000000000001,57.02916666666667,103.16666666666667
2023-09-11 00:00:00+00:00,186.98291666666668,106.31875000000001,191.20416666666665,191.20416666666665,-688.453125,354.31354166666665,624.1583333333333,765.6999999999999,,50.00194444444444,-141.48333333333332,547.9625,29.445833333333336,139.275
2023-09-12 00:00:00+00:00,111.56166666666667,11.090000000000002,148.53666666666666,149.66,-973.1795166666667,437.74271666666664,537.8249999999999,792.0666666666666,,49.998645833333335,-254.1875,720.3458333333333,57.86666666666667,127.22916666666667
2023-09-13 00:00:00+00:00,137.06125,92.63666666666667,137.06125,137.06125,-910.7791666666667,372.9486166666666,463.0125,800.5333333333333,,49.999375,-337.5416666666667,574.7041666666667,52.083333333333336,87.325
2023-09-14 00:00:00+00:00,124.13375,95.95708333333334,124.13375,124.13375,-966.2218750000001,366.58750416666663,558.3666666666667,849.0208333333334,,50.001736111111114,-290.73333333333335,676.9666666666667,97.7625,90.14166666666667
2023-09-15 00:00:00+00:00,154.13666666666668,98.72041666666667,154.13666666666668,154.13666666666668,-750.8385416666666,264.6239541666667,464.9708333333333,756.5291666666667,,50.0003125,-291.5708333333333,460.54583333333335,28.0,149.49583333333334
2023-09-16 00:00:00+00:00,119.99583333333334,11.196666666666665,128.09875,128.09875,-950.4923666666667,461.27361666666667,444.4708333333333,639.1666666666666,,50.000729166666666,-194.64166666666665,757.1166666666667,147.1875,164.37916666666666
2023-09-17 00:00:00+00:00,111.935,9.657083333333334,111.935,111.935,-996.3298666666666,390.23541666666665,401.62916666666666,721.4958333333334,,50.000659722222224,-319.90833333333336,677.7791666666667,126.41666666666667,90.77916666666665
2023-09-18 00:00:00+00:00,132.67791666666668,34.025,132.67791666666668,132.67791666666668,-972.6722333333333,403.13575416666663,421.8416666666667,753.0541666666667,,50.00083333333333,-331.2625,642.7833333333333,84.575,159.77083333333334
2023-09-19 00:00:00+00:00,88.94875,-0.17208333333333337,102.7425,102.7425,-998.0156208333333,406.945125,487.48333333333335,835.8333333333334,,50.000277777777775,-348.40000000000003,650.9916666666667,190.4625,80.79583333333333
2023-09-20 00:00:00+00:00,116.67291666666667,2.1704166666666667,116.67291666666667,116.67291666666667,-991.7163166666666,407.6934083333333,557.3625000000001,886.8916666666668,,50.00083333333333,-329.51666666666665,663.5708333333333,252.0666666666667,27.6125
2023-09-21 00:00:00+00:00,158.00208333333333,1.28,158.00208333333333,158.00208333333333,-986.9448000000001,407.240975,531.8541666666666,851.8208333333333,,50.00194444444444,-319.9458333333333,668.4125,137.10416666666666,111.33333333333333
2023-09-22 00:00:00+00:00,90.26791666666666,1.0129166666666667,108.16333333333334,108.16333333333334,-908.6243083333334,450.6371541666667,575.4583333333334,804.6374999999999,,49.9990625,-229.20000000000002,680.8333333333334,203.82500000000002,146.5875
2023-09-23 00:00:00+00:00,110.2075,3.0625,110.2075,110.2075,-981.7059041666666,438.1104125,387.64166666666665,764.6666666666666,,49.99975694444444,-377.03749999999997,606.1166666666667,85.64583333333333,29.55
2023-09-24 00:00:00+00:00,40.1475,2.205833333333333,40.1475,40.1475,-937.9434041666667,387.26562916666666,439.1125,734.4125,,50.001597222222216,-295.35833333333335,644.0375,119.42083333333333,87.50416666666666
2023-09-25 00:00:00+00:00,105.21124999999999,-0.40208333333333335,105.21124999999999,105.21124999999999,-975.4795166666667,425.95486666666665,477.14166666666665,782.2291666666666,,50.00121527777778,-305.0541666666667,671.7458333333333,89.66250000000001,117.70833333333333
2023-09-26 00:00:00+00:00,110.05125,2.51875,110.05125,110.05125,-979.4385375,372.9600708333333,488.25416666666666,801.4333333333334,,50.000590277777775,-313.21250000000003,667.6041666666666,95.65416666666665,126.88333333333333
2023-09-27 00:00:00+00:00,103.21208333333334,10.795,103.21208333333334,103.21208333333334,-976.59445,304.47395,445.40000000000003,841.4791666666666,,50.000034722222225,-396.0083333333334,581.9083333333333,77.81666666666666,68.75
2023-09-28 00:00:00+00:00,90.21083333333333,26.31833333333333,90.21083333333333,90.21083333333333,-965.1975666666667,317.98158333333333,410.03749999999997,852.1541666666667,,50.00107638888889,-442.18333333333334,524.4916666666667,38.362500000000004,68.10416666666667
2023-09-29 00:00:00+00:00,92.97500000000001,3.8025,92.97500000000001,92.97500000000001,-968.2416750000001,384.04653333333334,434.9875,810.3874999999999,,50.00052083333333,-375.4291666666666,594.2333333333333,82.46666666666667,91.74166666666667
2023-09-30 00:00:00+00:00,76.41458333333334,1.1529166666666668,76.41458333333334,76.41458333333334,-924.1461708333333,294.11597083333334,430.6583333333333,747.725,,50.00010416666667,-317.1333333333333,608.4625,184.77083333333334,65.825
2023-10-01 00:00:00+00:00,59.33916666666667,3.143333333333333,59.33916666666667,59.33916666666667,-899.30035,322.871875,382.34999999999997,714.5708333333333,,50.00086805555556,-332.21250000000003,568.4791666666666,145.11249999999998,105.77083333333333
2023-10-02 00:00:00+00:00,148.105,101.40541666666667,148.105,148.105,-729.3395791666667,138.8138875,347.12916666666666,832.9666666666667,,50.000972222222224,-485.87083333333334,244.70416666666665,72.08749999999999,84.125
2023-10-03 00:00:00+00:00,65.73666666666666,43.94625,65.73666666666666,65.73666666666666,-869.5708333333333,175.89686666666668,313.02916666666664,909.2166666666667,,49.99836805555556,-596.1750000000001,274.6708333333333,110.86666666666667,35.175000000000004
2023-10-04 00:00:00+00:00,57.08833333333334,32.083333333333336,57.08833333333334,57.08833333333334,-875.0229083333334,202.71444583333334,385.3416666666667,934.4958333333334,,50.00048951048951,-549.1541666666667,327.2,189.13750000000002,64.20833333333333
2023-10-05 00:00:00+00:00,75.35916666666667,8.585833333333333,75.35916666666667,75.35916666666667,-952.1194541666667,227.38507083333332,332.3208333333333,976.8083333333334,,50.000729166666666,-644.4625,308.9916666666667,143.53333333333333,22.45
2023-10-06 00:00:00+00:00,85.55624999999999,4.134583333333333,85.55624999999999,85.55624999999999,-910.8350666666666,351.3232625,388.2583333333334,894.5375,,50.00152777777778,-506.2583333333334,405.80833333333334,166.69166666666666,117.19583333333333
2023-10-07 00:00:00+00:00,7.618333333333333,-1.085,7.618333333333333,7.618333333333333,-855.6885458333333,321.8093666666667,430.0416666666667,872.8458333333333,,50.000416666666666,-442.7916666666667,414.1458333333333,243.49166666666667,33.862500000000004
2023-10-08 00:00:00+00:00,14.932083333333333,2.7275000000000005,14.932083333333333,14.932083333333333,-951.2048583333334,374.6746458333334,448.7375,882.9666666666667,,49.99798611111111,-434.3,518.2416666666667,246.4416666666667,38.37083333333333
2023-10-09 00:00:00+00:00,115.2525,88.26166666666667,115.2525,115.2525,-978.1388916666666,348.96805416666666,431.54583333333335,967.275,,49.99920138888889,-535.7291666666666,443.7166666666667,78.86666666666666,45.7125
2023-10-10 00:00:00+00:00,121.63333333333333,63.10833333333333,121.63333333333333,121.63333333333333,-912.3190958333333,406.3055625,517.0124999999999,940.9833333333332,,50.000659722222224,-423.925,489.50416666666666,111.85000000000001,84.14166666666667
2023-10-11 00:00:00+00:00,60.93541666666667,-1.5825000000000002,60.93541666666667,60.93541666666667,-983.0121583333333,406.04062916666663,529.4583333333334,1006.8958333333334,,49.99909722222222,-477.41249999999997,506.92083333333335,309.1375,7.325
2023-10-12 00:00:00+00:00,54.126666666666665,-2.4941666666666666,54.126666666666665,54.126666666666665,-983.7704833333333,363.7649208333333,521.2958333333333,965.5124999999999,,49.998194444444444,-444.2625,540.9291666666667,286.1333333333333,85.47083333333332
2023-10-13 00:00:00+00:00,92.81916666666666,11.195416666666667,92.81916666666666,92.81916666666666,-941.6184,341.50105,438.5625,877.2166666666667,,50.00017361111111,-438.6375,504.25416666666666,192.61249999999998,108.56666666666666
2023-10-14 00:00:00+00:00,20.06,-2.275,20.06,20.06,-961.1361125,287.56319583333334,431.30833333333334,894.1,,50.00184027777778,-462.8625,499.67083333333335,266.2708333333333,22.40833333333333
2023-10-15 00:00:00+00:00,29.854166666666668,-2.3379166666666666,29.854166666666668,29.854166666666668,-923.103125,274.4274208333333,354.39166666666665,861.0208333333334,,50.00076388888888,-506.64166666666665,417.67083333333335,175.27083333333334,53.0
2023-10-16 00:00:00+00:00,110.515,4.885833333333333,110.515,110.515,-976.7076375,289.57430416666665,426.3125,914.9291666666667,,49.99916666666667,-488.5958333333333,489.32916666666665,197.4,87.82083333333333
2023-10-17 00:00:00+00:00,105.17291666666667,98.36791666666666,105.17291666666667,105.17291666666667,-699.1215333333333,172.0013958333333,530.3166666666667,895.7833333333333,,50.00201388888889,-365.35833333333335,334.65833333333336,94.45833333333333,89.74583333333334
2023-10-18 00:00:00+00:00,92.53791666666666,35.45333333333333,92.53791666666666,92.53791666666666,-968.5130666666668,290.7408375,567.9416666666667,996.9083333333333,,49.99798611111111,-428.9791666666667,540.6583333333333,98.64583333333333,34.166666666666664
2023-10-19 00:00:00+00:00,99.08791666666667,8.564583333333333,99.08791666666667,99.08791666666667,-977.7691041666667,258.28090416666663,512.125,1038.3041666666666,,50.00090277777778,-526.1541666666667,452.7791666666667,69.8875,33.84166666666667
2023-10-20 00:00:00+00:00,61.3125,17.607916666666664,61.3125,61.3125,-968.2163208333333,390.9927125,531.0291666666667,999.4375,,50.00090277777778,-468.4916666666666,500.96250000000003,208.7875,78.07083333333334
2023-10-21 00:00:00+00:00,59.951249999999995,11.57625,59.951249999999995,59.951249999999995,-982.7003416666666,389.1666666666667,514.8958333333334,904.9499999999999,,49.997951388888886,-390.08750000000003,593.7833333333333,207.23333333333335,87.1375
2023-10-22 00:00:00+00:00,89.79291666666667,31.1875,89.79291666666667,89.79291666666667,-977.4916625,283.1059041666667,344.05833333333334,917.7125,,50.00010416666667,-573.625,404.96250000000003,35.0,10.35
2023-10-23 00:00:00+00:00,171.1470833333333,104.10666666666667,171.1470833333333,171.1470833333333,-974.6857583333334,333.9559041666667,536.2208333333333,1015.2666666666668,,49.99854166666667,-479.0958333333333,496.83750000000003,27.508333333333336,18.241666666666667
2023-10-24 00:00:00+00:00,139.78791666666666,86.61791666666666,139.78791666666666,139.78791666666666,-982.6607625,376.24061666666665,540.4625,1009.6208333333334,,49.99979166666667,-469.14166666666665,514.7833333333333,42.13333333333333,39.28333333333333
2023-10-25 00:00:00+00:00,125.80958333333332,58.81875,125.80958333333332,125.80958333333332,-969.8649291666667,386.1729125,625.4458333333333,1034.1499999999999,,50.001666666666665,-408.74583333333334,562.3291666666667,151.44583333333333,62.5
2023-10-26 00:00:00+00:00,133.65125,53.560833333333335,133.65125,133.65125,-980.4090416666667,330.62500416666666,601.6374999999999,1073.8,,49.998125,-472.15000000000003,508.89166666666665,119.9875,33.891666666666666
2023-10-27 00:00:00+00:00,154.77875,86.02875,154.77875,154.77875,-982.2215291666666,353.12499583333334,608.7208333333333,1060.8416666666667,,50.00010416666667,-452.2208333333333,530.8958333333334,53.7875,25.008333333333336
2023-10-28 00:00:00+00:00,141.31458333333333,67.18625,141.31458333333333,141.31458333333333,-969.4989541666667,299.0357666666667,537.9333333333333,976.6291666666666,,50.000451388888884,-438.7208333333333,531.8833333333333,39.5875,14.600000000000001
2023-10-29 00:00:00+00:00,47.52625,30.835416666666664,47.52625,47.52625,-941.7201375,227.74374166666666,509.3,987.6333333333333,,49.99899305555556,-478.3333333333333,464.44166666666666,33.4625,12.491666666666667
2023-10-30 00:00:00+00:00,92.1025,74.705,92.1025,92.1025,-760.4218833333333,91.78263333333332,515.8416666666667,1089.3999999999999,,50.00010416666667,-573.5124999999999,187.82500000000002,44.604166666666664,10.858333333333334
2023-10-31 00:00:00+00:00,79.19208333333333,50.37291666666667,79.19208333333333,79.19208333333333,-953.8843791666667,297.5444458333333,679.8208333333333,1082.8,,49.99913194444444,-402.9083333333333,552.0333333333333,162.73749999999998,8.741666666666667
2023-11-01 00:00:00+00:00,50.85833333333333,15.820833333333333,50.85833333333333,50.85833333333333,-671.4204874999999,217.515625,669.5708333333333,1045.2666666666667,,50.00125,-375.675,296.41249999999997,167.82916666666668,13.595833333333333
2023-11-02 00:00:00+00:00,71.94541666666667,44.090833333333336,71.94541666666667,71.94541666666667,-915.2454791666668,196.6600625,371.82916666666665,1032.3875,,49.998645833333335,-660.5666666666667,255.77083333333334,83.0625,42.34166666666667
2023-11-03 00:00:00+00:00,56.268750000000004,16.24416666666667,56.268750000000004,56.268750000000004,-850.0642250000001,217.38541666666666,443.4083333333333,1024.0958333333333,,49.99961805555555,-580.6916666666667,270.37083333333334,220.1,36.891666666666666
2023-11-04 00:00:00+00:00,23.059583333333336,4.943333333333333,23.059583333333336,23.059583333333336,-964.6788166666666,326.71874583333334,426.3458333333333,967.7333333333332,,49.99944444444444,-541.3583333333333,424.4375,261.175,5.404166666666668
2023-11-05 00:00:00+00:00,34.4175,21.963333333333335,34.4175,34.4175,-962.0152750000001,310.93784583333337,239.33333333333334,880.1791666666667,,49.998958333333334,-640.8916666666667,322.2625,55.145833333333336,28.016666666666666
2023-11-06 00:00:00+00:00,91.51791666666666,66.73083333333334,91.51791666666666,91.51791666666666,-948.0444333333334,289.95937083333337,349.17083333333335,979.3916666666668,,49.999027777777776,-630.1999999999999,318.98333333333335,27.429166666666664,7.366666666666667
2023-11-07 00:00:00+00:00,117.94625,99.91541666666667,117.94625,117.94625,-902.5097291666666,387.07604583333335,606.2916666666666,991.0666666666666,,50.00142361111111,-384.7833333333333,518.8958333333334,62.291666666666664,11.858333333333334
2023-11-08 00:00:00+00:00,127.25458333333334,64.68166666666666,127.25458333333334,127.25458333333334,-941.8989499999999,512.8513916666667,644.3416666666666,1003.4041666666667,,49.99993055555555,-359.0625,583.9916666666667,37.112500000000004,17.85
2023-11-09 00:00:00+00:00,94.31375000000001,73.87625,94.31375000000001,94.31375000000001,-859.0933958333334,347.1857625,594.9791666666666,1000.2875,,49.998020833333335,-405.26666666666665,454.89166666666665,64.90833333333333,12.658333333333333
2023-11-10 00:00:00+00:00,91.96666666666665,42.30375,91.96666666666665,91.96666666666665,-975.9541625,421.9055583333333,661.4291666666667,995.5916666666667,,50.000416666666666,-334.17083333333335,642.9375,129.25833333333333,6.5625
2023-11-11 00:00:00+00:00,90.54583333333333,25.493333333333336,90.54583333333333,90.54583333333333,-977.9253416666667,449.91597083333335,587.4833333333333,903.4958333333334,,50.0,-316.06666666666666,663.0083333333333,31.025000000000002,9.495833333333334
2023-11-12 00:00:00+00:00,93.59333333333332,29.863333333333333,93.59333333333332,93.59333333333332,-972.4180583333333,376.17430833333333,615.8708333333333,892.1041666666666,,49.99920138888889,-276.2625,697.375,73.91250000000001,5.158333333333333
2023-11-13 00:00:00+00:00,104.70125,69.62375,104.70125,104.70125,-949.7322916666667,321.8857708333333,621.2166666666667,1047.8541666666667,,50.00048611111111,-426.5625,524.2041666666667,79.5375,6.129166666666666
2023-11-14 00:00:00+00:00,101.29583333333333,101.29583333333333,101.29583333333333,101.29583333333333,-818.2083375000001,187.57326250000003,545.6666666666666,1068.7875000000001,,49.9996875,-523.1166666666667,296.1041666666667,22.208333333333332,5.366666666666667
2023-11-15 00:00:00+00:00,105.30416666666667,105.30375,105.30416666666667,105.30416666666667,-681.8583333333333,117.141325,583.0541666666667,1080.7541666666668,,50.002118055555556,-497.67083333333335,185.0375,42.56666666666667,7.7250000000000005
2023-11-16 00:00:00+00:00,132.36541666666668,131.8975,132.36541666666668,132.36541666666668,-774.5986166666667,90.84305416666666,585.1458333333334,1114.3208333333334,,50.00145833333333,-529.1958333333333,246.3083333333333,28.712500000000002,6.820833333333333
2023-11-17 00:00:00+00:00,119.77875,116.76583333333333,119.77875,119.77875,-975.5493124999999,196.66875000000002,602.2916666666666,1126.2,,49.99822916666667,-523.975,452.62083333333334,28.754166666666666,15.762500000000001
2023-11-18 00:00:00+00:00,99.30958333333332,89.27,99.30958333333332,99.30958333333332,-937.6142375,191.75590416666668,584.625,1050.9708333333333,,49.99975694444444,-466.3333333333333,472.1333333333334,29.366666666666664,12.595833333333333
2023-11-19 00:00:00+00:00,66.91125,64.63583333333334,66.91125,66.91125,-825.4211833333334,163.89964583333332,579.3083333333333,1017.0958333333333,,49.99993055555555,-437.8208333333334,388.48333333333335,54.57083333333333,7.366666666666667
2023-11-20 00:00:00+00:00,118.78125,118.58833333333332,118.78125,118.78125,-135.0375,-179.75694166666665,772.3041666666667,1113.0375000000001,,50.00024305555556,-340.62083333333334,-205.70833333333334,40.416666666666664,24.962500000000002
2023-11-21 00:00:00+00:00,286.5358333333333,286.4175,286.5358333333333,286.5358333333333,63.028124999999996,-211.67778333333334,923.2416666666667,1132.9833333333333,,50.00163194444444,-209.66666666666666,-272.79583333333335,43.39166666666667,11.816666666666668
2023-11-22 00:00:00+00:00,116.31625000000001,38.84375,116.31625000000001,116.31625000000001,-961.5680583333333,186.73299166666666,604.4250000000001,1201.1208333333334,,49.999583333333334,-596.7291666666666,365.825,189.5,18.73333333333333
2023-11-23 00:00:00+00:00,60.567499999999995,59.28583333333333,60.567499999999995,60.567499999999995,-669.7236125000001,39.391675,517.6583333333333,1144.575,,50.00079861111111,-626.9791666666666,43.65416666666667,108.10000000000001,8.341666666666667
2023-11-24 00:00:00+00:00,83.63041666666668,-202.29291666666666,83.63041666666668,83.63041666666668,-937.4864541666666,120.96457916666667,464.32916666666665,1131.3583333333333,,50.00118055555556,-667.0458333333333,271.49583333333334,67.83333333333333,3.841666666666667
2023-11-25 00:00:00+00:00,95.34416666666665,75.70291666666667,95.34416666666665,95.34416666666665,-896.491325,162.24687916666667,475.79583333333335,1090.0375000000001,,49.999270833333334,-614.2875,283.15833333333336,68.1375,0.8125
2023-11-26 00:00:00+00:00,119.85541666666667,119.62,119.85541666666667,119.85541666666667,-804.5666625,56.33159166666667,466.0333333333333,1115.5125,,50.00142361111111,-649.4875000000001,155.93333333333334,19.416666666666668,1.6624999999999999
2023-11-27 00:00:00+00:00,132.16333333333333,101.07041666666667,132.16333333333333,132.16333333333333,-962.3052041666666,260.73924166666666,815.9291666666667,1228.5875,,49.99881944444444,-412.7375,550.6666666666666,159.36666666666667,1.2666666666666666
2023-11-28 00:00:00+00:00,136.89791666666667,37.623333333333335,136.89791666666667,136.89791666666667,-984.8388833333333,196.80173333333335,622.4041666666667,1225.875,,50.002291666666665,-603.4499999999999,382.34999999999997,82.8625,0.7708333333333334
2023-11-29 00:00:00+00:00,168.18291666666667,130.79791666666668,168.18291666666667,168.18291666666667,-942.5079958333334,248.69583333333333,800.6333333333333,1250.675,,49.99881944444444,-450.0208333333333,493.44166666666666,36.94583333333333,0.7958333333333334
2023-11-30 00:00:00+00:00,168.63666666666668,142.86708333333334,168.63666666666668,168.63666666666668,-927.5996583333334,335.88645833333334,916.5708333333333,1217.4875,,50.00010416666667,-300.8875,627.6833333333333,88.90833333333335,0.6041666666666666
2023-12-01 00:00:00+00:00,157.98375000000001,111.02083333333333,157.98375000000001,157.98375000000001,-980.5468791666667,290.7899375,782.6999999999999,1211.5083333333334,,50.00131944444444,-428.8333333333333,552.7666666666667,30.195833333333336,0.6416666666666667
2023-12-02 00:00:00+00:00,137.17249999999999,114.19375000000001,137.17249999999999,137.17249999999999,-883.5183999999999,166.98680833333333,568.4666666666667,1104.5125,,50.00020833333333,-536.0749999999999,348.3958333333333,12.791666666666666,0.4708333333333334
2023-12-03 00:00:00+00:00,134.13083333333333,104.34750000000001,134.13083333333333,134.13083333333333,-721.3753416666667,149.28610833333332,662.3166666666667,1082.2916666666667,,50.00055555555556,-419.925,302.2666666666667,16.099999999999998,0.6708333333333334
2023-12-04 00:00:00+00:00,156.20583333333335,156.20583333333335,156.20583333333335,156.20583333333335,-476.5750125,60.57743333333334,877.5625,1237.6708333333333,,50.0003125,-360.08750000000003,117.07916666666667,17.116666666666667,0.8541666666666666
2023-12-05 00:00:00+00:00,173.47833333333332,173.47833333333332,173.47833333333332,173.47833333333332,-542.165625,107.41146250000001,919.2458333333334,1270.075,,50.00121527777778,-350.8666666666666,191.9958333333333,38.69166666666667,0.9249999999999999
2023-12-06 00:00:00+00:00,135.28416666666666,133.15291666666667,135.28416666666666,135.28416666666666,-896.4368083333334,252.76145416666668,913.5166666666668,1303.4958333333334,,49.9996875,-389.9666666666667,507.33750000000003,64.32916666666667,0.7666666666666666
2023-12-07 00:00:00+00:00,129.32541666666665,100.63708333333334,129.32541666666665,129.32541666666665,-964.1618083333333,214.52534583333332,805.8666666666667,1310.9208333333333,,49.99920138888889,-505.05,460.00416666666666,112.04583333333333,0.75
2023-12-08 00:00:00+00:00,135.345,98.15291666666667,135.345,135.345,-976.9038208333333,210.15243333333333,796.3916666666668,1302.1000000000001,,50.0003125,-505.7083333333333,472.0833333333333,72.37083333333334,0.6375000000000001
2023-12-09 00:00:00+00:00,104.10583333333334,66.21041666666666,104.10583333333334,104.10583333333334,-921.4920125,237.16493333333335,780.6583333333333,1201.1208333333334,,49.99989583333333,-420.5291666666667,501.8666666666666,48.112500000000004,0.5375
2023-12-10 00:00:00+00:00,84.73458333333333,81.215,84.73458333333333,84.73458333333333,-828.7628458333334,240.7486041666667,799.9583333333334,1162.8541666666667,,50.00194444444444,-362.87083333333334,466.69166666666666,52.525,0.6583333333333333
2023-12-11 00:00:00+00:00,131.27083333333334,131.1925,131.27083333333334,131.27083333333334,-499.2114625,38.74062083333333,815.5625,1238.8458333333333,,49.99878472222222,-423.3041666666666,76.49999999999999,72.70833333333333,0.5958333333333333
2023-12-12 00:00:00+00:00,149.31166666666667,149.31166666666667,149.31166666666667,149.31166666666667,-582.0986041666666,131.9517375,881.6708333333332,1212.0874999999999,,49.99979166666667,-330.40000000000003,252.46666666666667,43.05833333333334,0.5208333333333334
2023-12-13 00:00:00+00:00,124.39291666666666,124.39291666666666,124.39291666666666,124.39291666666666,-812.1055625,274.67847916666665,846.4583333333334,1193.1083333333333,,49.99861111111111,-346.53749999999997,466.41249999999997,22.40833333333333,0.5791666666666667
2023-12-14 00:00:00+00:00,133.39083333333335,133.39083333333335,133.39083333333335,133.39083333333335,-501.7468791666667,80.7055625,814.8000000000001,1198.5833333333333,,50.00013888888889,-383.7708333333333,118.7,10.008333333333333,0.5083333333333333
2023-12-15 00:00:00+00:00,133.09166666666667,132.03625,133.09166666666667,133.09166666666667,-333.36735416666664,-13.327775,807.9583333333334,1177.5916666666667,,50.000034722222225,-369.6166666666666,-35.762499999999996,36.38333333333333,0.5458333333333333
2023-12-16 00:00:00+00:00,65.14458333333333,14.278333333333334,65.14458333333333,65.14458333333333,-903.7159666666666,289.15833333333336,690.9958333333334,1054.2666666666667,,50.000347222222224,-363.37083333333334,541.5333333333333,157.18333333333334,0.6791666666666667
2023-12-17 00:00:00+00:00,29.20875,4.5529166666666665,29.20875,29.20875,-853.8506874999999,246.56910000000002,673.8958333333334,996.1291666666666,,50.00055555555556,-322.22499999999997,532.7208333333333,191.29166666666666,14.070833333333333
2023-12-18 00:00:00+00:00,58.72125,15.875,58.72125,58.72125,-861.6329916666667,171.853825,736.7958333333332,1087.0125,,50.00107638888889,-350.23333333333335,512.5375,141.98333333333332,3.25
2023-12-19 00:00:00+00:00,35.00666666666667,17.32,35.00666666666667,35.00666666666667,-843.1888875,182.0878541666667,773.4250000000001,1101.5041666666666,,49.9990625,-328.07916666666665,516.2333333333333,309.65416666666664,5.483333333333333
2023-12-20 00:00:00+00:00,66.04083333333334,49.65375,66.04083333333334,66.04083333333334,-642.3951333333333,86.78785833333335,726.3208333333333,1092.5458333333333,,50.00013888888889,-366.2625,277.02916666666664,165.9,16.27916666666667
2023-12-21 00:00:00+00:00,58.345,38.79,58.345,58.345,-502.8659666666667,-51.6823,635.4041666666667,1101.4708333333333,,50.000451388888884,-466.08750000000003,37.5875,110.76666666666667,3.75
2023-12-22 00:00:00+00:00,35.89291666666667,25.055000000000003,35.89291666666667,35.89291666666667,-603.4868124999999,-14.754858333333337,618.3208333333333,1084.6583333333333,,49.99975694444444,-466.375,138.10416666666666,164.42499999999998,3.6208333333333336
2023-12-23 00:00:00+00:00,35.67666666666667,35.654583333333335,35.67666666666667,35.67666666666667,-581.0128458333334,-111.10382499999999,372.2083333333333,1009.0291666666667,,49.999340277777776,-636.875,-55.0,43.28333333333333,5.029166666666667
2023-12-24 00:00:00+00:00,40.090833333333336,39.130833333333335,40.090833333333336,40.090833333333336,-408.68576666666667,-183.34514583333336,396.09999999999997,980.9458333333333,,50.00083333333333,-584.8166666666667,-175.6208333333333,78.20833333333333,1.8625
2023-12-25 00:00:00+00:00,31.881666666666664,31.881666666666664,31.881666666666664,31.881666666666664,163.159025,-552.7732708333334,341.31666666666666,977.1999999999999,,49.99944444444444,-635.8208333333333,-799.375,69.61666666666666,1.325
2023-12-26 00:00:00+00:00,40.907916666666665,40.907916666666665,40.907916666666665,40.907916666666665,-179.14722083333334,-381.7177125,322.78333333333336,982.2166666666667,,50.00020833333333,-659.4291666666667,-480.00416666666666,28.53333333333333,0.9916666666666667
2023-12-27 00:00:00+00:00,58.67958333333333,58.67958333333333,58.67958333333333,58.67958333333333,-394.44896250000005,-243.78264166666668,431.8,1058.9375,,49.999965277777775,-627.1166666666667,-232.13333333333333,116.11666666666667,1.2041666666666668
2023-12-28 00:00:00+00:00,45.35333333333333,45.35333333333333,45.35333333333333,45.35333333333333,-240.822225,-328.840975,418.31666666666666,1079.1958333333334,,49.999548611111116,-660.7833333333333,-419.7708333333333,95.70833333333333,0.8624999999999999
2023-12-29 00:00:00+00:00,27.827916666666667,27.827916666666667,27.827916666666667,27.827916666666667,-24.05797916666667,-435.4701416666667,385.15000000000003,1041.8,,50.0003125,-656.7041666666667,-632.5,104.17916666666667,1.6958333333333335
2023-12-30 00:00:00+00:00,42.05583333333333,42.05583333333333,42.05583333333333,42.05583333333333,-259.14166666666665,-255.39236666666667,398.76666666666665,989.4875000000001,,49.99975694444444,-590.6916666666667,-331.19166666666666,100.5,3.8541666666666665
2023-12-31 00:00:00+00:00,66.01125,66.01125,66.01125,66.01125,-259.1979166666667,-354.13263750000004,403.8666666666666,1058.3666666666666,,49.999409722222225,-654.4166666666666,-394.8666666666666,72.62083333333334,1.6166666666666665
2024-01-01 00:00:00+00:00,45.96416666666667,45.96416666666667,44.635416666666664,44.635416666666664,144.566675,-599.8027875,400.2708333333333,1084.2083333333333,,50.00208333333333,-683.9583333333334,-828.7666666666668,109.09166666666665,4.129166666666666
2024-01-02 00:00:00+00:00,173.29208333333335,173.29208333333335,111.46791666666667,111.46791666666667,502.3017333333333,-734.5510333333333,789.1999999999999,1303.5874999999999,,49.998194444444444,-514.35,-1016.9541666666668,194.54583333333335,7.425000000000001
2024-01-03 00:00:00+00:00,102.31208333333332,102.31208333333332,97.38083333333333,97.38083333333333,415.7045083333333,-753.790275,828.0791666666668,1404.9541666666667,,49.99989583333333,-576.8874999999999,-992.8416666666667,201.23333333333335,9.237499999999999
2024-01-04 00:00:00+00:00,223.49041666666668,229.81916666666666,223.49041666666668,223.49041666666668,496.48437083333334,-577.7347291666666,1198.325,1430.7416666666668,,50.00079861111111,-232.9125,-725.2708333333334,231.95416666666665,2.595833333333333
2024-01-05 00:00:00+00:00,888.0929166666666,888.0929166666666,668.3791666666667,668.3791666666667,568.8854166666666,-610.5312583333333,1140.5083333333334,1319.3999999999999,,49.99916666666667,-178.9125,-748.1,100.21666666666665,1.4000000000000001
2024-01-06 00:00:00+00:00,169.75458333333333,166.59666666666666,168.56333333333333,168.56333333333333,607.8263916666666,-634.9416666666667,1126.8291666666667,1292.0125,,49.99986111111111,-165.20833333333334,-773.3000000000001,42.300000000000004,2.6791666666666667
2024-01-07 00:00:00+00:00,96.74416666666667,94.73416666666667,96.74416666666667,96.74416666666667,-602.4854083333333,-104.86492083333333,870.7375000000001,1320.7083333333333,,50.00020833333333,-449.96250000000003,153.17083333333332,40.93333333333333,3.2625000000000006
2024-01-08 00:00:00+00:00,114.39666666666666,109.14666666666666,114.39666666666666,114.39666666666666,-854.7677083333333,27.685420833333335,823.3458333333333,1325.2666666666667,,49.9990625,-501.91249999999997,353.7583333333334,163.29999999999998,1.5541666666666665
2024-01-09 00:00:00+00:00,109.09750000000001,73.09458333333333,109.09750000000001,109.09750000000001,-986.0836833333333,240.27743333333333,873.3125,1210.1875,,50.0,-336.8333333333333,650.3375,230.61249999999998,7.008333333333333
2024-01-10 00:00:00+00:00,108.85458333333332,41.058749999999996,108.85458333333332,108.85458333333332,-989.3437583333333,296.36145,918.4083333333333,1166.8999999999999,,50.000625,-248.45416666666665,742.025,203.9625,7.2749999999999995
2024-01-11 00:00:00+00:00,105.06333333333333,91.3075,105.06333333333333,105.06333333333333,-503.9947958333333,27.43542083333334,919.3166666666666,1197.1791666666666,,50.000972222222224,-277.82916666666665,226.77083333333334,242.91666666666666,22.537499999999998
2024-01-12 00:00:00+00:00,130.08124999999998,128.78958333333333,130.08124999999998,130.08124999999998,-151.75173333333333,-241.62777916666667,871.2916666666666,1260.4833333333333,,49.99715277777778,-389.2,-237.16666666666666,140.85,2.6750000000000003
2024-01-13 00:00:00+00:00,74.68124999999999,59.66291666666667,74.68124999999999,76.64375,-827.4166666666666,62.96389166666666,781.0166666666668,1237.0458333333333,,50.00125,-455.99583333333334,372.17083333333335,186.79583333333335,5.595833333333332
2024-01-14 00:00:00+00:00,76.21083333333333,76.1825,76.21083333333333,76.21083333333333,-584.0423583333333,-78.38924583333333,713.6,1171.9375,,50.000347222222224,-458.3125,126.38333333333333,57.025,3.6
2024-01-15 00:00:00+00:00,99.40083333333332,99.40083333333332,99.40083333333332,99.40083333333332,36.02950833333333,-450.48785,800.1791666666667,1268.1916666666666,,49.99947916666667,-467.98333333333335,-504.1125,66.52499999999999,2.1708333333333334
2024-01-16 00:00:00+00:00,149.10625000000002,149.10625000000002,149.10625000000002,149.10625000000002,237.43159166666666,-405.38055,1142.6666666666667,1339.1208333333334,,50.000729166666666,-196.40416666666667,-434.12083333333334,191.17499999999998,2.245833333333333
2024-01-17 00:00:00+00:00,108.36416666666666,108.32208333333334,108.36416666666666,109.43416666666667,-220.8182125,-299.7493083333333,975.8833333333333,1341.9541666666667,,49.99909407665505,-366.06666666666666,-144.92083333333332,265.69166666666666,6.154166666666666
2024-01-18 00:00:00+00:00,94.28958333333333,83.21875,94.28958333333333,98.88166666666666,-761.6895791666666,-17.305558333333334,945.9291666666667,1290.4583333333333,,50.000277777777775,-344.5083333333334,418.04583333333335,267.3666666666667,2.775
2024-01-19 00:00:00+00:00,84.30125,84.30125,84.30125,84.30125,-409.5059125,-244.8947916666667,825.2041666666668,1251.125,,50.000729166666666,-425.95,-15.82916666666666,169.99583333333334,11.041666666666666
2024-01-20 00:00:00+00:00,84.91875,82.1275,84.91875,84.91875,-454.32499583333333,-288.614925,524.4083333333333,1218.6666666666667,,50.000416666666666,-694.3166666666666,-239.4,29.941666666666666,6.1875
2024-01-21 00:00:00+00:00,57.98333333333333,34.995416666666664,57.98333333333333,57.98333333333333,-947.1170166666667,83.31423333333333,569.9333333333333,1167.7208333333333,,50.00038194444445,-597.7666666666667,350.25,228.03333333333333,3.8249999999999997
2024-01-22 00:00:00+00:00,62.512499999999996,26.30666666666667,62.512499999999996,62.512499999999996,-979.5597291666667,137.48124166666668,684.1666666666666,1220.4833333333333,,50.000972222222224,-536.1999999999999,444.2833333333333,338.10833333333335,3.0583333333333336
2024-01-23 00:00:00+00:00,52.90083333333334,34.740833333333335,52.90083333333334,52.90083333333334,-859.783325,47.00625416666667,605.0666666666667,1176.2833333333333,,50.00163194444444,-571.15,289.7625,299.9916666666667,7.7875000000000005
2024-01-24 00:00:00+00:00,75.31125,74.8475,75.31125,75.31125,-235.20451666666668,-290.3125,517.6166666666667,1164.1041666666667,,50.000277777777775,-646.4583333333334,-410.9875,130.11666666666667,5.445833333333333
2024-01-25 00:00:00+00:00,79.69291666666666,79.58624999999999,79.69291666666666,79.69291666666666,-342.23506249999997,-231.20833333333334,581.4875000000001,1175.7416666666666,,49.999270833333334,-594.2083333333334,-251.39583333333334,202.05416666666667,5.5125
2024-01-26 00:00:00+00:00,105.60166666666667,76.3125,105.60166666666667,105.60166666666667,-265.47187916666667,-294.47674166666667,551.9541666666667,1177.0208333333333,,50.00017361111111,-625.0291666666667,-359.64166666666665,43.2875,10.883333333333333
2024-01-27 00:00:00+00:00,111.17791666666666,16.995833333333334,111.17791666666666,111.17791666666666,-344.7954833333333,-168.21457916666665,462.12083333333334,1051.9750000000001,,50.00055555555556,-589.875,-245.125,58.65416666666667,12.220833333333333
2024-01-28 00:00:00+00:00,85.76791666666666,12.334166666666667,85.76791666666666,85.76791666666666,-349.6642458333333,-79.5541625,551.1833333333333,1000.9916666666667,,50.00114583333333,-449.8333333333333,-100.2,168.4375,7.358333333333333
2024-01-29 00:00:00+00:00,82.50666666666667,12.585833333333333,82.50666666666667,82.50666666666667,-341.0385416666667,-124.89444166666665,685.2541666666666,1081.7124999999999,,50.00118055555556,-396.45,-55.47083333333333,285.825,28.708333333333332
2024-01-30 00:00:00+00:00,92.42625,19.9375,92.42625,92.42625,-345.5763958333334,-247.65,525.8000000000001,1107.2208333333333,,50.000034722222225,-581.3708333333333,-235.90833333333333,45.1875,16.216666666666665
2024-01-31 00:00:00+00:00,76.23166666666667,15.93,76.23166666666667,76.23166666666667,-345.8298666666667,-194.05764583333334,636.4875000000001,1125.5958333333333,,50.0003125,-489.1791666666666,-143.34583333333333,161.59166666666667,4.4875
2024-02-01 00:00:00+00:00,59.002916666666664,0.9520833333333334,59.002916666666664,59.002916666666664,-346.91423749999996,-250.409025,667.9541666666667,1132.7333333333333,,50.00083333333333,-464.8458333333333,-117.93333333333334,333.45,14.4625
2024-02-02 00:00:00+00:00,66.87083333333334,13.621249999999998,66.87083333333334,66.87083333333334,-343.96387916666663,-231.51458749999998,559.4958333333333,1083.0291666666667,,50.00079861111111,-523.6,-179.64166666666665,234.0875,64.875
2024-02-03 00:00:00+00:00,41.415,1.0050000000000001,41.415,41.415,-347.46458333333334,-221.44339166666668,401.4458333333334,1006.2458333333334,,49.99982638888889,-604.8041666666667,-257.3958333333333,175.89166666666665,14.545833333333334
2024-02-04 00:00:00+00:00,30.9575,13.995,30.9575,30.9575,-325.347225,-163.6357625,482.99583333333334,956.7166666666667,,50.00149305555556,-473.64166666666665,-148.4375,251.4125,61.458333333333336
2024-02-05 00:00:00+00:00,64.75375,49.18208333333333,64.75375,64.75375,-242.81319583333334,-320.89409166666667,468.2291666666667,1101.5791666666667,,50.000451388888884,-633.35,-390.62083333333334,109.79583333333333,47.37083333333334
2024-02-06 00:00:00+00:00,121.05541666666666,122.97333333333334,115.76791666666666,115.76791666666666,141.88437083333335,-616.2177125,567.1166666666667,1166.0375,,50.00201388888889,-598.8625000000001,-740.9208333333332,44.9625,6.170833333333333
2024-02-07 00:00:00+00:00,102.31041666666665,113.13499999999999,94.34833333333334,94.34833333333334,228.93090833333335,-660.492025,585.7208333333333,1203.1458333333333,,50.000416666666666,-617.3708333333333,-846.4208333333332,53.262499999999996,14.450000000000001
2024-02-08 00:00:00+00:00,107.72833333333334,111.5,107.72833333333334,107.72833333333334,-20.077083333333334,-523.4066,673.8916666666667,1216.7833333333333,,49.999548611111116,-542.9166666666666,-522.875,14.345833333333333,20.454166666666666
2024-02-09 00:00:00+00:00,141.60416666666666,156.29333333333332,134.18083333333334,134.18083333333334,304.2291625,-665.2666666666667,743.5958333333333,1221.0625,,50.00111111111111,-477.5,-781.7875,68.85416666666667,43.1875
2024-02-10 00:00:00+00:00,91.13875,112.51916666666666,90.37208333333332,90.37208333333332,223.66145833333334,-558.2635458333333,638.4375,1127.125,,49.99875,-488.6166666666666,-712.4166666666666,106.91250000000001,53.59583333333333
2024-02-11 00:00:00+00:00,70.00458333333334,64.39416666666666,70.00458333333334,70.00458333333334,-252.41736666666668,-262.2836791666667,627.1083333333333,1109.6583333333333,,50.00055555555556,-482.5541666666666,-230.20416666666665,71.79166666666667,10.833333333333334
2024-02-12 00:00:00+00:00,83.25208333333333,73.45541666666666,83.25208333333333,83.25208333333333,-292.2315958333333,-249.51665833333334,730.5208333333334,1206.6041666666667,,49.99989583333333,-476.1166666666666,-183.91666666666666,191.8083333333333,7.358333333333333
2024-02-13 00:00:00+00:00,104.57333333333334,46.90625,104.57333333333334,104.57333333333334,-350.57048333333336,-244.14965833333335,684.9250000000001,1178.7208333333333,,50.00055555555556,-493.8458333333333,-143.29166666666666,165.05833333333334,6.229166666666667
2024-02-14 00:00:00+00:00,91.00583333333333,44.535833333333336,91.00583333333333,91.00583333333333,-349.15693749999997,-286.34375416666666,539.3958333333334,1160.5666666666666,,50.000972222222224,-621.2333333333333,-272.0708333333333,56.512499999999996,9.366666666666667
2024-02-15 00:00:00+00:00,85.12583333333333,61.85666666666666,85.12583333333333,85.12583333333333,-297.1298708333333,-252.4944375,576.1875,1117.2,,49.998125,-541.025,-243.92916666666667,57.487500000000004,15.966666666666667
2024-02-16 00:00:00+00:00,54.44416666666667,31.6425,54.44416666666667,54.44416666666667,-260.20520833333336,-121.6743125,699.0,1114.6041666666667,,49.99989583333333,-415.6458333333333,-155.47916666666666,257.87916666666666,13.045833333333334
2024-02-17 00:00:00+00:00,55.665416666666665,18.92875,55.665416666666665,55.665416666666665,-305.23437083333334,-63.0451375,638.2125,1006.3708333333334,,50.000277777777775,-368.1166666666666,-63.00833333333333,315.37916666666666,15.291666666666666
2024-02-18 00:00:00+00:00,58.18333333333334,39.40083333333333,58.18333333333334,58.18333333333334,-310.9187416666667,-151.53575833333335,482.43333333333334,976.3666666666667,,50.00038194444445,-493.92083333333335,-183.07916666666665,118.55833333333334,87.23333333333333
2024-02-19 00:00:00+00:00,73.32041666666667,64.52916666666667,73.32041666666667,73.32041666666667,-257.36908750000003,-253.62604583333334,632.2833333333333,1119.2208333333333,,49.999965277777775,-486.92083333333335,-229.62916666666663,121.97916666666667,44.487500000000004
2024-02-20 00:00:00+00:00,76.25166666666667,67.08833333333332,76.25166666666667,76.25166666666667,-282.88854583333335,-172.23020416666668,703.5083333333333,1096.5416666666667,,50.00114583333333,-393.0333333333333,-110.21666666666665,46.65833333333333,48.96666666666667
2024-02-21 00:00:00+00:00,68.88791666666667,46.57916666666667,68.88791666666667,68.88791666666667,-342.7114583333334,-240.09062500000002,648.5416666666666,1115.7625,,50.00010416666667,-467.1791666666666,-124.58333333333333,117.875,20.67083333333333
2024-02-22 00:00:00+00:00,61.79541666666666,37.204166666666666,61.79541666666666,61.79541666666666,-335.03264583333333,-301.8492958333333,516.4875000000001,1104.9708333333333,,49.999652777777776,-588.4083333333333,-253.5041666666667,142.17499999999998,16.604166666666668
2024-02-23 00:00:00+00:00,58.72833333333333,3.34375,58.72833333333333,58.72833333333333,-337.19792083333334,-208.71804166666666,635.4666666666667,1040.6166666666666,,50.00024305555556,-405.1458333333333,-68.00833333333334,276.18333333333334,13.658333333333333
2024-02-24 00:00:00+00:00,55.96041666666667,26.166666666666668,55.96041666666667,55.96041666666667,-325.3083375,-268.6385375,539.0083333333333,946.7958333333332,,50.00013888888889,-407.7583333333334,-82.52916666666667,183.46666666666667,11.654166666666667
2024-02-25 00:00:00+00:00,60.14541666666667,31.355416666666667,60.14541666666667,60.14541666666667,-266.5711833333333,-333.66077083333334,550.4,890.8874999999999,,50.000972222222224,-340.49583333333334,-73.97916666666667,172.25,65.70416666666667
2024-02-26 00:00:00+00:00,75.85541666666667,49.33541666666667,75.85541666666667,75.85541666666667,-336.47812916666663,-315.260425,534.1374999999999,1045.625,,49.999548611111116,-511.4666666666667,-175.09583333333333,37.21666666666667,13.470833333333333
2024-02-27 00:00:00+00:00,81.16416666666667,60.342083333333335,81.16416666666667,81.16416666666667,-226.63541666666666,-363.70000000000005,534.5666666666667,1065.4782608695652,,50.00048611111111,-528.0260869565218,-300.6913043478261,3.6291666666666664,20.179166666666667
2024-02-28 00:00:00+00:00,83.51833333333333,21.36916666666667,83.51833333333333,83.51833333333333,-319.80347916666665,-392.8802083333333,531.0416666666666,1071.2916666666667,,49.99986111111111,-540.225,-220.52083333333334,12.295833333333334,18.733333333333334
2024-02-29 00:00:00+00:00,66.85375,12.419583333333334,66.85375,66.85375,-341.9635416666667,-439.0020875,458.6458333333333,1082.0166666666667,,50.00083333333333,-623.3708333333333,-281.47499999999997,79.49166666666666,19.666666666666668
2024-03-01 00:00:00+00:00,51.187916666666666,23.123333333333335,51.187916666666666,51.187916666666666,-219.32777916666666,-466.4909708333334,513.3208333333333,1090.1291666666666,,49.99982638888889,-576.7666666666667,-357.5291666666667,146.48749999999998,20.900000000000002
2024-03-02 00:00:00+00:00,46.257083333333334,46.257083333333334,46.257083333333334,46.257083333333334,104.96494166666668,-515.0666666666667,550.8416666666667,989.6750000000001,,50.00010416666667,-438.83750000000003,-543.85,140.64583333333334,32.35
2024-03-03 00:00:00+00:00,59.154583333333335,71.06708333333333,59.154583333333335,59.154583333333335,364.45938333333334,-581.8024375,548.7333333333333,845.2041666666668,,50.000625,-296.5208333333333,-660.9791666666666,114.08749999999999,154.4
2024-03-04 00:00:00+00:00,78.92833333333333,92.16291666666666,78.72083333333333,78.72083333333333,287.92153333333334,-605.0906291666666,549.475,951.4791666666666,,50.000416666666666,-402.02500000000003,-690.0208333333334,95.1375,162.59583333333333
2024-03-05 00:00:00+00:00,75.17,88.0175,75.17,75.17,303.0211875,-576.5486125,594.8791666666667,955.5083333333333,,50.00069444444445,-360.5958333333333,-663.725,139.91666666666666,166.62083333333334
2024-03-06 00:00:00+00:00,83.43291666666667,85.75375000000001,82.23416666666667,82.23416666666667,216.00104166666668,-534.2868,521.725,969.5208333333334,,50.000347222222224,-447.8125,-663.8874999999999,39.88333333333333,181.95833333333334
2024-03-07 00:00:00+00:00,90.13499999999999,92.81666666666666,89.9975,89.9975,100.33820416666667,-557.9496541666666,480.2166666666667,1054.4041666666667,,49.99975694444444,-574.2041666666667,-674.6291666666667,17.991666666666667,103.81666666666666
2024-03-08 00:00:00+00:00,85.88666666666666,86.42125,85.88666666666666,85.88666666666666,-95.23160416666667,-524.6559,426.23333333333335,1130.8,,50.0009375,-704.525,-609.4166666666666,5.8875,19.4375
2024-03-09 00:00:00+00:00,72.33541666666666,78.095,72.33541666666666,72.33541666666666,7.633329166666667,-518.5642291666667,439.2833333333333,990.9958333333334,,50.00079861111111,-551.6208333333333,-559.4166666666666,21.383333333333336,35.05416666666667
2024-03-10 00:00:00+00:00,42.014583333333334,64.45625,42.014583333333334,42.014583333333334,135.64270416666668,-448.85103333333336,484.39166666666665,876.5208333333334,,49.99878472222222,-392.125,-527.8958333333334,31.71666666666667,182.67916666666667
2024-03-11 00:00:00+00:00,64.52666666666667,67.42,64.52666666666667,64.52666666666667,151.52950833333333,-551.8968833333333,507.9916666666666,974.1208333333334,,50.000277777777775,-466.12083333333334,-617.7375000000001,55.62916666666666,169.4375
2024-03-12 00:00:00+00:00,85.34083333333332,74.59041666666667,85.34083333333332,85.34083333333332,-309.86215,-238.62118333333333,571.3000000000001,947.7375000000001,,49.99868055555556,-376.4458333333334,-66.62916666666666,120.80833333333334,176.65833333333333
2024-03-13 00:00:00+00:00,92.79208333333334,68.07541666666667,92.79208333333334,92.79208333333334,-324.51561666666663,-303.0770791666667,512.8291666666667,1066.8166666666666,,50.001666666666665,-553.975,-229.5375,90.41250000000001,37.083333333333336
2024-03-14 00:00:00+00:00,62.324999999999996,20.039166666666667,62.324999999999996,62.324999999999996,-337.59200833333335,-145.95139166666667,709.5208333333334,1023.1666666666666,,49.99986111111111,-313.65416666666664,23.879166666666663,289.82916666666665,56.34166666666667
2024-03-15 00:00:00+00:00,47.057500000000005,34.8975,47.057500000000005,47.057500000000005,-311.9753416666667,-125.1875,690.25,1028.9333333333334,,50.0009375,-338.66249999999997,-26.770833333333332,291.6333333333333,19.35
2024-03-16 00:00:00+00:00,47.35916666666666,32.25208333333333,47.35916666666666,47.35916666666666,-271.48437916666666,-119.35173333333334,609.7083333333334,913.3333333333334,,50.0,-303.6125,-32.22083333333333,203.50833333333333,34.145833333333336
2024-03-17 00:00:00+00:00,51.584583333333335,50.18333333333334,51.584583333333335,51.584583333333335,-266.88298333333336,-111.56181249999999,602.0625,939.1750000000001,,50.00100694444445,-337.05833333333334,-70.30833333333334,216.0625,51.25833333333333
2024-03-18 00:00:00+00:00,86.57458333333334,54.904583333333335,86.57458333333334,86.57458333333334,-348.2,-239.534025,512.3375,1107.7250000000001,,50.00111111111111,-595.4083333333333,-247.25,95.02916666666665,24.0125
2024-03-19 00:00:00+00:00,97.14875,57.751666666666665,97.14875,97.14875,-350.327775,-154.81494583333333,554.5041666666667,1037.0625,,50.00020833333333,-482.62083333333334,-132.28333333333333,1.9833333333333334,47.57916666666667
2024-03-20 00:00:00+00:00,129.01208333333332,65.285,129.01208333333332,129.01208333333332,-327.4438833333333,-245.48052916666666,564.4583333333334,1040.7333333333333,,50.00045296167247,-476.2791666666667,-148.88750000000002,33.09166666666667,38.05833333333333
2024-03-21 00:00:00+00:00,105.87291666666668,81.72333333333334,105.87291666666668,105.87291666666668,-242.22742916666667,-278.67604166666666,530.1,1027.9208333333333,,50.00079861111111,-497.8458333333333,-255.67499999999998,77.1125,38.2875
2024-03-22 00:00:00+00:00,70.42875,47.02333333333333,70.42875,70.42875,-320.16494166666666,-205.4743125,588.9,1039.3583333333333,,50.00111111111111,-450.39166666666665,-130.33333333333334,164.57083333333333,23.741666666666664
2024-03-23 00:00:00+00:00,45.42791666666667,35.09083333333333,45.42791666666667,45.42791666666667,-172.165975,-288.2434,544.0458333333333,897.7375000000001,,50.000625,-353.7625,-181.57083333333333,145.39166666666668,98.11666666666667
2024-03-24 00:00:00+00:00,57.078333333333326,50.36041666666667,57.078333333333326,57.078333333333326,-156.41700416666666,-379.87431666666663,414.4083333333333,904.9083333333333,,50.00145833333333,-490.5,-334.1666666666667,17.175,83.125
2024-03-25 00:00:00+00:00,93.24041666666666,91.79958333333333,93.24041666666666,93.24041666666666,-238.57569999999998,-256.8052166666667,679.1999999999999,1004.6,,50.00111111111111,-325.3833333333333,-86.87916666666666,7.366666666666667,81.82916666666667
2024-03-26 00:00:00+00:00,88.96249999999999,87.52833333333332,88.96249999999999,88.96249999999999,8.836454166666666,-377.08090833333335,730.8708333333334,1012.1416666666668,,50.0009375,-281.24583333333334,-290.1875,15.362499999999999,75.60416666666667
2024-03-27 00:00:00+00:00,49.69833333333333,47.27125,49.69833333333333,49.69833333333333,-131.38507083333334,-195.5822916666667,732.6,911.0083333333333,,50.00038194444445,-178.38750000000002,-47.11666666666667,141.02083333333334,154.04583333333332
2024-03-28 00:00:00+00:00,39.43416666666666,37.73083333333333,39.43416666666666,39.43416666666666,-74.21806249999999,-242.16458333333333,636.3375,835.0875,,50.00246527777777,-198.70833333333334,-124.6125,192.01250000000002,198.27083333333334
2024-03-29 00:00:00+00:00,25.548333333333332,24.802916666666665,25.548333333333332,25.548333333333332,-273.00554166666666,-222.89166666666665,504.5916666666667,881.0333333333333,,50.000659722222224,-376.41249999999997,-103.5,131.87916666666666,29.379166666666666
2024-03-30 00:00:00+00:00,45.126666666666665,40.8575,45.126666666666665,45.126666666666665,-184.73957499999997,-203.96180833333335,443.375,840.2583333333333,,50.00090277777778,-396.9041666666667,-212.26666666666665,30.675,80.0625
2024-03-31 00:00:00+00:00,44.986250000000005,44.06666666666666,44.986250000000005,44.986250000000005,-37.348612499999994,-210.79167083333334,511.2791666666667,736.125,,50.00111111111111,-224.8125,-187.5666666666667,89.02499999999999,162.98333333333332
2024-04-01 00:00:00+00:00,29.190416666666668,24.6075,29.190416666666668,29.190416666666668,-219.23716249999998,-228.04618333333335,492.24583333333334,844.2291666666666,,50.000729166666666,-351.93333333333334,-132.82083333333333,64.12916666666666,159.525
2024-04-02 00:00:00+00:00,37.25333333333334,29.85083333333333,37.25333333333334,37.25333333333334,-239.04756666666665,-156.10590416666665,629.5416666666666,989.1166666666667,,50.00184027777778,-359.5916666666667,-120.62916666666666,245.7875,47.645833333333336
2024-04-03 00:00:00+00:00,73.98625,47.309583333333336,73.98625,73.98625,-333.479175,-187.65485416666664,636.1333333333333,1067.0958333333333,,50.00079861111111,-430.95,-97.55833333333334,256.675,15.716666666666667
2024-04-04 00:00:00+00:00,85.95458333333333,79.69791666666667,85.95458333333333,85.95458333333333,-122.08020416666666,-304.30486666666667,559.0041666666667,994.4625,,50.00013888888889,-435.4791666666667,-313.44166666666666,74.17916666666666,167.30416666666665
2024-04-05 00:00:00+00:00,55.971666666666664,47.19083333333333,55.971666666666664,55.971666666666664,-254.302775,-257.1072875,554.6083333333333,1080.8041666666666,,50.00076388888888,-526.1999999999999,-271.94166666666666,178.7458333333333,27.583333333333332
2024-04-06 00:00:00+00:00,57.01416666666666,43.18375,56.62416666666667,56.62416666666667,-60.72882499999999,-347.2458166666667,385.7291666666667,905.1583333333333,,50.001354166666665,-519.4125,-458.8,17.587500000000002,70.52083333333333
2024-04-07 00:00:00+00:00,4.298333333333333,4.011666666666667,4.298333333333333,4.298333333333333,-328.60659583333336,-81.11389166666667,491.2833333333333,888.1833333333334,,50.0028125,-396.89166666666665,-68.38333333333334,183.42083333333335,94.31666666666666
2024-04-08 00:00:00+00:00,67.97875,40.40916666666667,67.97875,67.97875,-298.53055416666666,-93.79722500000001,576.8583333333333,912.1125000000001,,50.00170138888889,-335.3,-36.77916666666667,130.57500000000002,146.81666666666666
2024-04-09 00:00:00+00:00,52.96791666666667,44.21625,52.62166666666667,52.62166666666667,-93.12081666666667,-308.30764166666665,426.20416666666665,872.9291666666667,,50.0009375,-446.7291666666667,-353.67083333333335,30.795833333333334,130.28333333333333
2024-04-10 00:00:00+00:00,15.835833333333333,0.5804166666666667,15.835833333333333,15.835833333333333,-297.8694375,-69.44444583333333,531.4458333333333,862.0041666666666,,50.00107638888889,-330.5708333333333,-32.75,221.625,153.62916666666666
2024-04-11 00:00:00+00:00,9.077083333333333,5.614583333333333,9.077083333333333,9.077083333333333,-231.71354166666666,-21.651750000000003,610.975,877.0208333333334,,49.99944444444444,-266.02500000000003,-34.38333333333333,321.78749999999997,171.9958333333333
2024-04-12 00:00:00+00:00,32.38,29.567916666666665,31.89,31.89,-85.60485833333333,-193.67535416666666,476.0708333333334,868.4083333333333,,50.000625,-392.41249999999997,-306.80833333333334,160.5625,178.19583333333333
2024-04-13 00:00:00+00:00,12.819166666666666,8.555416666666668,12.819166666666666,12.819166666666666,-195.92569583333332,-138.228475,354.4666666666667,870.9,,50.00048611111111,-516.3583333333333,-320.57916666666665,97.05,71.875
2024-04-14 00:00:00+00:00,4.4325,12.75875,1.335416666666667,1.335416666666667,87.62465000000002,-308.7243,341.30833333333334,892.5083333333333,,50.00013888888889,-551.1916666666667,-638.8958333333334,155.47916666666666,47.19583333333333
2024-04-15 00:00:00+00:00,70.69875,36.98583333333333,70.69875,70.69875,-278.022225,-110.24373750000001,455.79583333333335,938.6458333333334,,50.00121527777778,-482.8,-204.90416666666667,151.51250000000002,112.16250000000001
2024-04-16 00:00:00+00:00,75.10916666666667,55.60833333333333,75.10916666666667,75.10916666666667,-284.1274375,-135.3552125,438.1333333333334,973.4958333333334,,50.001666666666665,-535.3208333333333,-251.2875,11.762500000000001,103.24583333333334
2024-04-17 00:00:00+00:00,100.86625,79.18708333333333,100.86625,100.86625,-330.49340416666666,-77.75902083333334,525.3874999999999,977.625,,50.001979166666665,-452.20416666666665,-121.80833333333334,32.37083333333333,89.99166666666667
2024-04-18 00:00:00+00:00,96.83,87.59875,96.83,96.83,-200.11179583333333,-142.189225,597.8916666666667,1054.5666666666666,,50.000034722222225,-456.7375,-256.6333333333333,55.29583333333333,99.44583333333333
2024-04-19 00:00:00+00:00,85.66583333333334,56.25541666666666,85.66583333333334,85.66583333333334,-330.2003458333333,-154.19721666666666,606.2541666666667,1113.7833333333333,,50.00138888888889,-507.46250000000003,-177.4,114.55416666666667,40.675000000000004
2024-04-20 00:00:00+00:00,63.28458333333333,40.12791666666667,63.28458333333333,63.28458333333333,-349.7579791666667,-239.68159583333332,487.90000000000003,980.8625000000001,,50.001354166666665,-492.97499999999997,-143.27916666666667,26.070833333333336,63.98333333333333
2024-04-21 00:00:00+00:00,64.33166666666666,62.21791666666667,64.33166666666666,64.33166666666666,-195.892025,-127.06492916666667,655.0541666666667,888.875,,49.999340277777776,-233.85833333333335,-37.987500000000004,122.66250000000001,167.97916666666666
2024-04-22 00:00:00+00:00,97.76333333333334,69.78625,97.76333333333334,97.76333333333334,-340.677075,-72.99375416666666,687.7208333333333,1084.6125,,50.0009375,-396.8833333333334,-56.29583333333333,244.15416666666667,18.150000000000002
2024-04-23 00:00:00+00:00,102.99000000000001,71.205,102.99000000000001,102.99000000000001,-297.96666666666664,-120.62430416666666,563.0708333333333,1058.7083333333333,,50.0009375,-495.64166666666665,-197.73749999999998,114.33333333333333,49.604166666666664
2024-04-24 00:00:00+00:00,106.47041666666667,98.93791666666665,106.47041666666667,106.47041666666667,-324.4131875,-76.90729166666667,635.9166666666666,1017.4416666666666,,49.99989583333333,-381.575,-57.17083333333333,72.74583333333334,137.4375
2024-04-25 00:00:00+00:00,95.75166666666667,86.21708333333333,95.75166666666667,95.75166666666667,-275.12605,-192.865625,509.3541666666667,1006.6791666666667,,50.000347222222224,-497.3625,-222.2458333333333,87.64166666666667,44.291666666666664
2024-04-26 00:00:00+00:00,86.54625,96.5425,86.54625,86.54625,-133.24930416666666,-179.21180416666667,570.6583333333333,956.5458333333332,,50.000659722222224,-385.95,-252.70416666666665,35.979166666666664,160.42083333333332
2024-04-27 00:00:00+00:00,62.333333333333336,65.40375,62.333333333333336,62.333333333333336,-45.107287500000005,-170.03020833333332,603.8458333333333,830.3291666666668,,50.00055555555556,-226.53333333333333,-181.4333333333333,58.52916666666667,191.71666666666667
2024-04-28 00:00:00+00:00,25.533749999999998,44.185,25.533749999999998,25.533749999999998,314.04720833333334,-327.7257,607.2666666666667,773.3916666666668,,50.00076388888888,-166.0625,-480.2625,64.41666666666667,240.66666666666666
2024-04-29 00:00:00+00:00,74.91041666666666,43.27041666666667,74.91041666666666,74.91041666666666,-122.68819583333334,-48.74859583333333,712.1416666666668,844.7666666666668,,50.001562500000006,-132.65,-10.008333333333331,183.42499999999998,203.4333333333333
2024-04-30 00:00:00+00:00,63.23875,56.30625,63.23875,63.23875,80.609375,-261.41284583333334,549.4291666666667,821.3541666666666,,50.00052083333333,-271.8833333333333,-352.5958333333333,57.362500000000004,223.92083333333335
2024-05-01 00:00:00+00:00,19.383333333333333,34.18,19.383333333333333,19.383333333333333,314.2670125,-319.6329958333333,593.6999999999999,763.6916666666666,,50.00225694444444,-169.94583333333333,-484.34999999999997,81.14166666666667,258.47083333333336
2024-05-02 00:00:00+00:00,32.235,124.66333333333334,32.235,32.235,325.33020416666665,-390.29756249999997,568.225,831.0541666666667,,49.99892361111111,-262.84166666666664,-588.1916666666667,62.2875,253.5875
2024-05-03 00:00:00+00:00,48.47208333333333,47.93833333333333,48.47208333333333,48.47208333333333,120.71250416666668,-280.18715000000003,569.0375,816.8249999999999,,50.00052083333333,-247.79583333333335,-368.5083333333334,34.6875,261.92083333333335
2024-05-04 00:00:00+00:00,62.40291666666667,26.937083333333334,62.40291666666667,62.40291666666667,-223.14930833333332,63.766325,633.9583333333334,728.8249999999999,,50.0009375,-94.88749999999999,128.27083333333334,111.94583333333333,243.1
2024-05-05 00:00:00+00:00,49.02,23.093333333333334,49.02,49.02,-70.22430416666667,-56.05520416666667,586.725,735.4,,50.00100694444444,-148.57083333333333,-78.4375,62.15833333333333,242.02083333333334
2024-05-06 00:00:00+00:00,78.41458333333334,58.44958333333333,78.41458333333334,78.41458333333334,-263.9038208333333,96.71875416666667,698.3416666666667,845.5166666666668,,50.00020833333333,-147.23333333333332,116.72916666666667,87.12916666666666,219.48333333333332
2024-05-07 00:00:00+00:00,97.02875,66.43708333333333,97.02875,97.02875,-263.67500416666667,86.86945416666667,640.6583333333333,861.6208333333334,,49.999965277777775,-220.96666666666667,42.69166666666667,64.57083333333334,214.025
2024-05-08 00:00:00+00:00,134.38083333333333,139.93375,134.38083333333333,134.38083333333333,137.18646666666666,-98.46284583333333,705.7708333333334,857.275,,50.00142361111111,-151.44166666666666,-288.7,87.55,276.0416666666667
2024-05-09 00:00:00+00:00,79.72125,20.737916666666667,79.72125,79.72125,-290.87916666666666,24.636804166666668,589.2166666666667,906.9291666666667,,50.00020833333333,-317.675,-26.8125,50.770833333333336,155.35
2024-05-10 00:00:00+00:00,88.05958333333332,5.556666666666666,88.05958333333332,88.05958333333332,-343.1347166666667,50.82848333333334,635.4875,901.1,,50.00013888888889,-265.57916666666665,77.52916666666667,169.54166666666666,105.69583333333333
2024-05-11 00:00:00+00:00,55.36666666666667,15.490833333333333,55.36666666666667,55.36666666666667,-172.77499583333335,69.59340416666667,718.5,754.1958333333333,,50.00100694444445,-35.641666666666666,137.04583333333332,170.6,255.15
2024-05-12 00:00:00+00:00,37.32416666666666,19.30333333333333,37.32416666666666,37.32416666666666,-80.67118333333333,-14.721883333333333,576.3000000000001,751.9,,49.999722222222225,-175.5666666666667,-94.93333333333334,19.095833333333335,240.93333333333337
2024-05-13 00:00:00+00:00,128.04333333333332,125.70416666666667,128.04333333333332,128.04333333333332,-13.411616666666669,-28.983437499999997,551.0875,835.0,,50.0005574912892,-283.93333333333334,-270.50416666666666,9.450000000000001,177.4416666666667
2024-05-14 00:00:00+00:00,82.67583333333333,18.442916666666665,82.67583333333333,82.67583333333333,-254.92708333333334,49.021175,517.5166666666667,818.1458333333334,,50.00048611111111,-300.6125,-45.699999999999996,10.325000000000001,202.70416666666665
2024-05-15 00:00:00+00:00,49.257083333333334,6.597083333333334,49.257083333333334,49.257083333333334,-335.4117333333333,152.2311875,539.9521739130435,806.3608695652174,,50.000313588850176,-266.3695652173913,75.02608695652174,9.978260869565217,237.6565217391304
2024-05-16 00:00:00+00:00,68.57958333333333,51.92958333333333,68.57958333333333,68.57958333333333,-75.73403333333333,20.5322875,659.5833333333334,803.5458333333332,,50.00076388888888,-143.86249999999998,-68.26666666666667,85.53333333333335,274.34166666666664
2024-05-17 00:00:00+00:00,57.02333333333333,11.266666666666667,57.02333333333333,57.02333333333333,-216.29721666666669,86.78612083333333,642.4041666666667,796.3583333333332,,50.00246527777777,-153.93333333333334,62.34166666666667,66.19583333333334,266.62083333333334
2024-05-18 00:00:00+00:00,55.24666666666667,-2.0779166666666664,55.24666666666667,55.24666666666667,-348.5565833333333,226.0486125,611.3541666666666,706.8208333333333,,50.00142361111111,-95.36250000000001,253.09166666666667,29.145833333333332,263.9
2024-05-19 00:00:00+00:00,55.471666666666664,-1.8720833333333333,55.471666666666664,55.471666666666664,-342.35485833333337,186.7284666666667,576.8083333333333,705.1708333333332,,49.99836805555556,-128.38333333333333,213.98749999999998,24.974999999999998,235.79166666666666
2024-05-20 00:00:00+00:00,80.18166666666666,14.55375,80.18166666666666,80.18166666666666,-310.11145,137.86285,647.9458333333333,776.5833333333334,,50.00055555555556,-128.625,181.44583333333333,68.55,267.53749999999997
2024-05-21 00:00:00+00:00,81.29708333333333,22.8425,81.29708333333333,81.29708333333333,-339.79652500000003,157.85902916666666,703.9375,789.7583333333333,,50.00111111111111,-85.85833333333333,253.96666666666667,97.89583333333333,290.825
2024-05-22 00:00:00+00:00,53.125416666666666,9.926250000000001,53.125416666666666,53.125416666666666,-297.5986125,165.74548333333334,711.225,795.2833333333333,,50.000625,-84.0875,213.53333333333333,134.50833333333333,290.04583333333335
2024-05-23 00:00:00+00:00,75.82000000000001,3.4258333333333333,75.82000000000001,75.82000000000001,-323.18264166666665,221.24965833333331,723.5124999999999,798.3041666666667,,50.000625,-74.7375,248.38750000000002,133.44166666666666,284.1166666666667
2024-05-24 00:00:00+00:00,87.52666666666666,18.496666666666666,87.59958333333333,87.59958333333333,-345.21075,241.7868125,718.0833333333334,800.9791666666666,,49.999965277777775,-82.92916666666666,262.3208333333333,116.32083333333333,273.075
2024-05-25 00:00:00+00:00,71.05333333333333,8.7325,71.05333333333333,71.05333333333333,-327.62569583333334,194.99792083333332,626.1666666666666,731.9416666666666,,50.00086805555556,-105.7375,221.85833333333335,45.23333333333333,244.5583333333333
2024-05-26 00:00:00+00:00,58.30166666666667,2.3291666666666666,58.30166666666667,58.30166666666667,-291.56319583333334,121.84825833333333,564.3125,717.8416666666667,,50.00184027777778,-153.45833333333334,138.0375,25.150000000000002,238.98749999999998
2024-05-27 00:00:00+00:00,103.08708333333334,2.50375,103.08708333333334,103.08708333333334,-349.20507083333337,120.47147083333334,598.725,836.2916666666666,,50.00138888888889,-237.625,111.63333333333333,29.645833333333332,231.13750000000002
2024-05-28 00:00:00+00:00,90.92166666666667,5.000416666666667,90.92166666666667,90.92166666666667,-349.4479166666667,161.24687916666667,617.3041666666667,830.3041666666667,,50.00232638888889,-213.03333333333333,136.44583333333333,26.90833333333333,257.97499999999997
2024-05-29 00:00:00+00:00,117.49083333333334,57.22,117.49083333333334,117.49083333333334,-297.877775,174.26701666666668,633.1416666666667,836.5083333333333,,50.00010416666667,-203.275,94.52499999999999,33.24583333333333,220.04583333333332
2024-05-30 00:00:00+00:00,158.53833333333333,93.14875,158.53833333333333,158.53833333333333,-268.939575,115.37499583333333,593.7958333333333,794.0291666666667,,50.00069444444445,-200.17916666666667,68.64583333333333,25.6875,273.33750000000003
2024-05-31 00:00:00+00:00,100.51083333333334,56.284166666666664,100.51083333333334,100.51083333333334,-206.4024208333333,24.320129166666664,639.0416666666666,824.3208333333333,,50.00121527777778,-185.2458333333333,21.09166666666667,62.05416666666667,210.4333333333333
2024-06-01 00:00:00+00:00,75.04833333333333,19.909583333333334,75.04833333333333,75.04833333333333,-333.75763750000004,92.49237083333333,538.3166666666667,725.6374999999999,,50.00100694444445,-187.32500000000002,146.42083333333332,37.55833333333333,186.29166666666666
2024-06-02 00:00:00+00:00,51.20416666666667,26.497500000000002,51.20416666666667,51.20416666666667,-236.58472500000002,17.357983333333333,502.31666666666666,685.2416666666667,,50.00111111111111,-182.92916666666667,53.60833333333333,11.9375,218.29999999999998
2024-06-03 00:00:00+00:00,128.14166666666668,81.93375,128.14166666666668,128.14166666666668,-24.503829166666662,-198.95520833333333,610.3958333333334,794.3541666666666,,50.00090277777778,-183.91666666666666,-159.48333333333332,30.366666666666664,220.46666666666667
2024-06-04 00:00:00+00:00,125.57708333333333,94.90125,125.57708333333333,125.57708333333333,-297.8336791666667,33.97152916666667,640.2125,806.1833333333334,,50.00055555555556,-165.94583333333333,131.85833333333332,56.88333333333333,229.96666666666667
2024-06-05 00:00:00+00:00,113.14833333333333,22.2325,113.14833333333333,113.14833333333333,-332.3527208333333,79.73370416666667,593.5739130434783,778.4347826086956,,50.000350877192986,-184.84782608695653,153.94782608695652,16.713043478260868,252.3782608695652
2024-06-06 00:00:00+00:00,103.34333333333332,19.507916666666667,103.34333333333332,103.34333333333332,-289.1357625,18.239925,584.1291666666667,806.9,,50.001666666666665,-222.78333333333333,66.35833333333333,77.1375,173.9625
2024-06-07 00:00:00+00:00,105.23666666666666,65.51291666666667,105.23666666666666,105.23666666666666,-316.078825,93.0625,582.3249999999999,763.0375,,50.00048611111111,-180.6833333333333,135.33333333333334,32.30416666666667,222.3083333333333
2024-06-08 00:00:00+00:00,57.61833333333333,21.815416666666668,57.61833333333333,57.61833333333333,-193.62987083333334,-22.819783333333334,487.89166666666665,667.1125000000001,,50.00017361111111,-179.225,14.370833333333332,39.175000000000004,196.27916666666667
2024-06-09 00:00:00+00:00,32.306666666666665,3.9304166666666664,32.306666666666665,32.306666666666665,-268.0170166666667,48.58367916666666,544.8833333333333,698.3458333333333,,50.00118055555556,-153.51250000000002,114.55,153.90416666666667,107.12083333333334
2024-06-10 00:00:00+00:00,104.27708333333334,39.83083333333334,104.27708333333334,104.27708333333334,-341.8083291666667,168.62882083333332,706.4041666666667,760.6541666666667,,50.001562500000006,-54.21666666666667,287.5625,211.79999999999998,194.725
2024-06-11 00:00:00+00:00,82.28666666666668,62.45875,82.28666666666668,82.28666666666668,-308.01875416666667,76.07709166666666,565.5708333333333,783.35,,50.00079861111111,-217.77083333333334,90.23333333333333,63.041666666666664,211.975
2024-06-12 00:00:00+00:00,99.62666666666667,83.61791666666667,99.62666666666667,99.62666666666667,-114.30259166666667,-55.13894166666666,544.8375,791.6958333333333,,50.00100694444444,-246.78333333333333,-132.625,39.9625,198.0666666666667
2024-06-13 00:00:00+00:00,138.52916666666667,121.48791666666666,138.52916666666667,138.52916666666667,-72.81701666666667,19.493754166666665,620.6708333333333,778.2916666666666,,50.0009375,-157.57500000000002,-84.84583333333333,59.39166666666667,235.41250000000002
2024-06-14 00:00:00+00:00,130.77375,84.835,130.77375,130.77375,-312.44027083333333,136.81146666666666,513.6291666666667,778.7958333333332,,50.001736111111114,-265.16249999999997,47.262499999999996,8.979166666666666,154.51666666666668
2024-06-15 00:00:00+00:00,30.10375,17.241666666666667,30.10375,30.10375,-189.85799166666666,102.9336875,529.4416666666667,677.6083333333333,,50.0009375,-148.21666666666667,41.69166666666667,27.566666666666663,247.39583333333334
2024-06-16 00:00:00+00:00,40.690416666666664,12.972916666666668,40.690416666666664,40.690416666666664,-268.51319166666667,190.51075416666666,556.0791666666667,655.4458333333333,,50.00083333333333,-99.39999999999999,169.13333333333335,75.59583333333333,220.98333333333335
2024-06-17 00:00:00+00:00,121.55166666666666,64.16708333333334,121.55166666666666,121.55166666666666,-285.24027916666665,118.23056666666668,485.69166666666666,769.7624999999999,,50.000625,-283.9916666666667,1.1666666666666636,36.8125,157.52916666666667
2024-06-18 00:00:00+00:00,113.63375,47.25833333333333,113.63375,113.63375,-295.5093708333333,227.25104583333334,606.2166666666667,758.7333333333332,,50.00131944444444,-152.48333333333332,142.99583333333334,41.57083333333333,245.14583333333334
2024-06-19 00:00:00+00:00,104.97250000000001,24.269166666666667,104.97250000000001,104.97250000000001,-345.7232666666667,162.68889166666668,518.0041666666667,804.6416666666668,,50.001041666666666,-286.66249999999997,59.083333333333336,99.01666666666667,90.69583333333333
2024-06-20 00:00:00+00:00,101.36833333333334,2.8541666666666665,101.36833333333334,101.36833333333334,-323.3173708333333,320.9520791666667,766.4416666666666,732.8291666666668,,50.000034722222225,33.71666666666667,356.9291666666666,217.09166666666667,293.5208333333333
2024-06-21 00:00:00+00:00,111.36416666666666,-0.80125,111.36416666666666,111.36416666666666,-349.1309083333333,278.73472499999997,666.9625,710.7125,,50.00020833333333,-43.699999999999996,305.3833333333333,117.075,278.01666666666665
2024-06-22 00:00:00+00:00,53.97083333333333,16.536666666666665,53.97083333333333,53.97083333333333,-323.55313333333334,262.04930833333333,573.8291666666667,612.775,,49.999270833333334,-38.979166666666664,284.6125,37.416666666666664,291.9166666666667
2024-06-23 00:00:00+00:00,58.0225,15.542499999999999,58.0225,58.0225,-302.42569583333335,254.79062083333335,512.4791666666666,574.1791666666667,,49.99989583333333,-61.73333333333333,240.725,67.18333333333334,188.83333333333334
2024-06-24 00:00:00+00:00,107.76083333333332,31.284166666666668,107.76083333333332,107.76083333333332,-347.7225708333333,324.4229125,585.025,598.8458333333333,,50.0003125,-13.808333333333332,333.8958333333333,33.104166666666664,248.6625
2024-06-25 00:00:00+00:00,130.79541666666668,28.756249999999998,130.79541666666668,130.79541666666668,-338.81839583333334,231.22222916666666,611.0208333333334,705.5166666666668,,50.00194444444444,-94.52083333333333,244.32500000000002,41.99166666666667,303.12083333333334
2024-06-26 00:00:00+00:00,114.03583333333334,28.525000000000002,114.03583333333334,114.03583333333334,-348.9677125,233.59930416666668,607.5416666666666,732.2666666666668,,49.999548611111116,-124.75833333333333,224.2458333333333,41.94166666666667,299.8041666666667
2024-06-27 00:00:00+00:00,110.04083333333334,24.798333333333332,110.04083333333334,110.04083333333334,-339.6388875,232.62535,613.3041666666667,747.9666666666667,,50.00055555555556,-134.62083333333334,204.98333333333335,20.958333333333332,294.89166666666665
2024-06-28 00:00:00+00:00,87.90041666666667,7.627916666666667,87.90041666666667,87.90041666666667,-347.9795125,247.32257083333334,659.0541666666667,764.2291666666666,,50.00118055555556,-105.23333333333333,242.82500000000002,81.675,273.1791666666667
2024-06-29 00:00:00+00:00,73.02625,-0.7270833333333333,73.02625,73.02625,-337.6930625,223.82500000000002,593.5541666666667,667.0333333333333,,50.000659722222224,-73.53750000000001,264.2375,106.40833333333335,218.26666666666665
2024-06-30 00:00:00+00:00,42.72541666666667,15.083333333333334,42.72541666666667,42.72541666666667,-256.096875,157.2947875,549.3666666666667,655.3625,,50.000590277777775,-106.00416666666666,150.11249999999998,65.40833333333333,248.32083333333333
2024-07-01 00:00:00+00:00,139.13541666666666,32.117916666666666,139.13541666666666,139.13541666666666,-347.4645791666667,127.10138333333333,594.3958333333334,774.9250000000001,,50.00107638888889,-180.59583333333333,166.9375,135.10416666666666,149.73333333333332
2024-07-02 00:00:00+00:00,169.28375,26.10166666666667,169.28375,169.28375,-348.58680000000004,108.50069166666667,461.34999999999997,728.2541666666666,,49.99923611111112,-266.9375,81.68333333333332,29.779166666666665,213.0625
2024-07-03 00:00:00+00:00,129.36083333333332,34.05291666666667,129.36083333333332,129.36083333333332,-338.3079875,21.071183333333334,352.90000000000003,769.1458333333334,,50.002048611111114,-416.25,-77.94166666666666,24.204166666666666,128.65416666666667
2024-07-04 00:00:00+00:00,127.59625,13.885416666666666,127.59625,127.59625,-340.3017291666667,112.16006666666665,366.4375,720.1166666666667,,49.99850694444444,-353.70416666666665,-13.395833333333334,53.81666666666666,149.4
2024-07-05 00:00:00+00:00,67.84541666666667,10.862083333333333,67.84541666666667,67.84541666666667,-322.4468625,114.6267375,395.3666666666666,715.5166666666668,,50.00121527777778,-320.16249999999997,2.2833333333333345,106.1875,182.0583333333333
2024-07-06 00:00:00+00:00,17.705416666666668,1.0508333333333333,17.705416666666668,17.705416666666668,-288.04339999999996,171.83785,456.85833333333335,659.2458333333333,,50.00232638888889,-202.42916666666667,85.63333333333333,155.82083333333333,195.15416666666667
2024-07-07 00:00:00+00:00,46.33208333333334,-5.856249999999999,46.33208333333334,46.33208333333334,-340.4989625,213.02257083333333,429.5,647.0083333333333,,50.000659722222224,-217.525,122.97500000000001,167.74583333333334,149.03333333333333
2024-07-08 00:00:00+00:00,130.96916666666667,2.0220833333333332,130.96916666666667,130.96916666666667,-347.3347208333333,160.53610833333332,462.29583333333335,714.9625,,50.000659722222224,-252.67916666666667,94.67083333333333,29.166666666666668,222.6208333333333
2024-07-09 00:00:00+00:00,96.71166666666666,25.540000000000003,96.71166666666666,96.71166666666666,-346.61215833333335,231.15868333333333,556.6416666666667,719.7791666666667,,50.00326388888889,-163.07916666666668,183.475,55.42916666666667,262.1041666666667
2024-07-10 00:00:00+00:00,108.61333333333333,20.638333333333332,108.61333333333333,108.61333333333333,-339.48055833333336,268.1420166666667,569.4833333333333,718.8291666666668,,50.00006944444445,-149.42499999999998,190.1208333333333,52.729166666666664,285.78749999999997
2024-07-11 00:00:00+00:00,120.17541666666666,-1.2945833333333334,120.17541666666666,120.17541666666666,-349.5333375,371.1659625,755.2583333333333,807.6291666666666,,49.999340277777776,-52.42083333333334,297.15416666666664,112.40833333333335,134.59166666666667
2024-07-12 00:00:00+00:00,123.60458333333334,25.74875,124.98291666666667,124.98291666666667,-347.61042083333336,266.7277708333333,659.0124999999999,767.2041666666668,,50.000277777777775,-108.16250000000001,239.39583333333334,21.379166666666666,137.30833333333334
2024-07-13 00:00:00+00:00,62.64625,9.739166666666668,62.64625,62.64625,-329.0215333333333,247.15972083333335,484.1458333333333,644.2458333333333,,50.003368055555555,-160.13333333333333,168.9125,57.74166666666667,212.29999999999998
2024-07-14 00:00:00+00:00,65.98416666666667,4.405,65.98416666666667,65.98416666666667,-345.8392375,212.90799583333333,454.8833333333334,679.6458333333334,,50.002743055555555,-224.67083333333332,121.09166666666665,70.04166666666667,132.11666666666665
2024-07-15 00:00:00+00:00,123.21958333333333,23.173333333333332,123.21958333333333,123.21958333333333,-337.9795125,264.17083333333335,521.85,695.5958333333333,,49.99767361111111,-173.8125,164.23749999999998,26.570833333333336,259.425
2024-07-16 00:00:00+00:00,107.18166666666667,23.058333333333334,107.37666666666667,107.37666666666667,-317.68853333333334,322.35068333333334,711.0916666666667,738.7583333333333,,50.003055555555555,-27.708333333333332,290.0166666666667,52.050000000000004,243.1208333333333
2024-07-17 00:00:00+00:00,101.75416666666666,8.054583333333333,101.75416666666666,101.75416666666666,-338.93402083333336,276.40208333333334,662.8041666666667,757.8166666666666,,49.9971875,-95.01666666666667,243.90416666666667,99.55416666666667,137.92916666666667
2024-07-18 00:00:00+00:00,87.5025,13.980416666666665,87.5025,87.5025,-343.916675,335.58854583333334,714.7916666666666,750.7125,,50.00505376344086,-35.92916666666667,307.9375,106.0625,188.45833333333334
2024-07-19 00:00:00+00:00,100.8675,17.822916666666668,100.8675,100.8675,-343.39444166666664,322.2416625,559.0625,743.2875,,49.99798611111111,-184.2458333333333,159.15,157.42916666666667,150.42916666666667
2024-07-20 00:00:00+00:00,86.59500000000001,16.515416666666667,86.59500000000001,86.59500000000001,-338.56319583333334,319.69305833333334,441.6875,655.7208333333333,,50.00128472222222,-214.04166666666666,124.54166666666667,50.574999999999996,175.3083333333333
2024-07-21 00:00:00+00:00,96.96958333333333,15.602083333333333,96.96958333333333,96.96958333333333,-327.51562916666666,316.1628416666667,407.0541666666666,644.3958333333334,,50.00152777777778,-237.35416666666666,90.17500000000001,25.15833333333333,192.1625
2024-07-22 00:00:00+00:00,108.115,23.2325,108.115,108.115,-313.16597083333335,218.29617916666666,477.4708333333333,740.25,,50.00288194444445,-262.81666666666666,50.40416666666667,30.162499999999998,210.38750000000002
2024-07-23 00:00:00+00:00,111.73208333333334,19.842916666666667,111.73208333333334,111.73208333333334,-344.84723333333335,159.26353333333333,490.01666666666665,762.4375,,49.999548611111116,-272.3625,72.44583333333334,39.641666666666666,206.16666666666666
2024-07-24 00:00:00+00:00,105.4575,31.253333333333334,105.4575,105.4575,-344.0371583333333,83.07639166666667,440.53749999999997,755.525,,50.00340277777778,-315.01666666666665,29.05,17.8875,173.36249999999998
2024-07-25 00:00:00+00:00,119.78625,23.000416666666666,119.78625,119.78625,-340.8208333333333,85.52950416666665,459.7083333333333,736.0458333333332,,49.99892361111111,-276.40000000000003,64.49166666666666,11.791666666666666,219.60833333333332
2024-07-26 00:00:00+00:00,106.95583333333333,20.981666666666666,106.95583333333333,106.95583333333333,-346.0690958333334,144.46042500000001,495.60833333333335,721.2875,,50.00128472222222,-225.67083333333335,120.37083333333334,7.875,240.61249999999998
2024-07-27 00:00:00+00:00,92.87374999999999,20.830416666666668,92.87374999999999,92.87374999999999,-344.4635416666667,249.8224125,472.1041666666667,660.0124999999999,,50.002020905923345,-187.9,156.55833333333334,14.970833333333333,232.32083333333333
2024-07-28 00:00:00+00:00,56.18333333333334,17.250833333333333,56.18333333333334,56.18333333333334,-341.1333375,206.97360833333335,446.44166666666666,653.0208333333334,,50.00010416666667,-206.61666666666667,134.5625,68.7,189.15416666666667
2024-07-29 00:00:00+00:00,63.12375,10.945833333333333,63.12375,63.12375,-290.0513833333333,149.127775,540.1541666666667,726.8708333333334,,50.00145833333333,-186.70000000000002,103.3125,219.27083333333334,109.3125
2024-07-30 00:00:00+00:00,80.69833333333334,13.479583333333332,80.69833333333334,80.69833333333334,-335.31041666666664,217.9152875,547.1208333333333,726.9708333333333,,50.00048611111111,-179.78333333333333,155.45416666666668,122.50416666666666,187.73333333333335
2024-07-31 00:00:00+00:00,82.16166666666666,18.442083333333333,82.16166666666666,82.16166666666666,-291.7062583333333,190.32708333333335,528.8625000000001,746.35,,50.0009375,-217.54166666666666,74.20833333333333,88.7,189.72083333333333
2024-08-01 00:00:00+00:00,106.28083333333332,25.869583333333335,106.28083333333332,106.28083333333332,-331.13680833333336,239.41354166666667,566.85,769.5333333333333,,49.999965277777775,-202.6291666666667,128.47083333333333,141.53333333333333,152.18333333333334
2024-08-02 00:00:00+00:00,163.26500000000001,15.380416666666667,163.26500000000001,163.26500000000001,-346.59479583333336,198.58820416666666,470.3208333333334,743.7458333333334,,50.00118055555556,-273.4458333333333,73.1625,71.55416666666666,151.4125
2024-08-03 00:00:00+00:00,93.69958333333334,17.552083333333332,93.69958333333334,93.69958333333334,-346.6315958333334,186.60728749999998,325.37916666666666,641.375,,50.00149305555556,-316.02916666666664,30.641666666666666,34.487500000000004,179.375
2024-08-04 00:00:00+00:00,98.23333333333333,17.366666666666667,98.23333333333333,98.23333333333333,-335.94930833333336,180.3201375,315.2916666666667,622.4958333333333,,49.99927083333333,-307.2708333333333,28.745833333333334,12.325000000000001,189.48333333333335
2024-08-05 00:00:00+00:00,125.3625,24.699166666666667,125.3625,125.3625,-348.0555583333333,175.16527499999998,409.18333333333334,744.9333333333334,,50.001875,-335.85833333333335,12.300000000000002,14.820833333333333,180.64166666666665
2024-08-06 00:00:00+00:00,93.54333333333334,21.704166666666666,93.54333333333334,93.54333333333334,-335.1201375,209.92534583333335,427.74583333333334,780.0416666666666,,50.00083333333333,-352.3041666666666,-17.154166666666665,17.579166666666666,174.97083333333333
2024-08-07 00:00:00+00:00,124.665,16.186666666666667,124.665,124.665,-346.109375,213.9729166666667,478.1666666666667,734.7375000000001,,49.999375,-256.6375,89.52083333333333,16.995833333333334,237.725
2024-08-08 00:00:00+00:00,116.02916666666665,9.230833333333333,116.02916666666665,116.02916666666665,-348.5548708333333,192.4076375,491.17083333333335,752.3833333333333,,50.002048611111114,-261.21666666666664,87.34583333333335,10.333333333333334,237.7125
2024-08-09 00:00:00+00:00,97.2275,3.9758333333333336,97.2275,97.2275,-341.9399291666667,278.53264583333333,517.6083333333333,756.7166666666667,,50.001597222222216,-239.15833333333333,102.82916666666667,48.12916666666666,219.38750000000002
2024-08-10 00:00:00+00:00,56.82916666666667,-2.6416666666666666,56.82916666666667,56.82916666666667,-327.1732666666667,210.6954916666667,457.8541666666667,735.7083333333334,,50.00121527777778,-277.9166666666667,49.30833333333334,178.99166666666667,132.44166666666666
2024-08-11 00:00:00+00:00,50.97416666666666,-1.005,50.97416666666666,50.97416666666666,-253.39409999999998,168.35971666666669,439.5916666666667,717.1708333333332,,50.000625,-277.58750000000003,-24.179166666666664,159.71666666666667,144.2875
2024-08-12 00:00:00+00:00,94.205,15.159999999999998,94.205,94.205,-302.07847499999997,106.0920125,448.3333333333333,797.9208333333332,,49.99993055555555,-349.65000000000003,-47.49583333333334,143.77916666666667,157.52083333333334
2024-08-13 00:00:00+00:00,110.74208333333333,21.502916666666668,110.74208333333333,110.74208333333333,-310.9114625,110.38993333333333,397.12916666666666,743.3416666666667,,50.00145833333333,-346.24583333333334,-35.31250000000001,39.63333333333333,256.39166666666665
2024-08-14 00:00:00+00:00,138.445,53.41375,138.445,138.445,-235.897425,54.80077083333333,387.0347826086956,743.4782608695652,,49.99978947368421,-356.49130434782603,-123.4391304347826,26.343478260869563,247.58260869565217
2024-08-15 00:00:00+00:00,87.96583333333332,8.139583333333333,87.96583333333332,87.96583333333332,-318.2770875,84.83089583333333,431.6125,769.275,,50.001736111111114,-337.6875,-19.362499999999997,45.87083333333334,269.5625
2024-08-16 00:00:00+00:00,112.86916666666667,8.825000000000001,112.86916666666667,112.86916666666667,-347.48506249999997,124.9552125,483.2291666666667,810.0,,50.000451388888884,-326.68333333333334,20.733333333333334,88.54166666666667,138.88750000000002
2024-08-17 00:00:00+00:00,100.83208333333333,35.82041666666667,100.83208333333333,100.83208333333333,-341.57187916666663,179.55034166666667,468.2583333333334,701.8041666666667,,50.000972222222224,-233.5625,108.03333333333335,52.6,153.75
2024-08-18 00:00:00+00:00,94.21499999999999,19.21125,94.21499999999999,94.21499999999999,-327.39860833333336,229.60278333333335,496.8208333333334,664.1125000000001,,50.0021875,-167.225,160.10833333333332,29.462500000000002,224.36666666666667
2024-08-19 00:00:00+00:00,132.80666666666667,8.006666666666666,132.80666666666667,132.80666666666667,-347.40103750000003,157.48540833333334,457.48333333333335,757.8791666666666,,50.00142361111111,-300.3958333333333,47.00833333333333,32.270833333333336,159.0
2024-08-20 00:00:00+00:00,126.18083333333334,11.647916666666667,126.18083333333334,126.18083333333334,-349.5590291666667,258.32014166666664,498.3041666666666,659.8708333333333,,49.99982638888889,-161.625,187.98749999999998,17.7375,260.1625
2024-08-21 00:00:00+00:00,124.92750000000001,2.7570833333333336,124.92750000000001,124.92750000000001,-349.0079958333333,176.00832916666664,536.6833333333333,785.8958333333334,,50.001354166666665,-249.27083333333334,99.78750000000001,110.93333333333334,192.52083333333334
2024-08-22 00:00:00+00:00,112.67125,4.24125,112.67125,112.67125,-345.58265,40.304858333333335,411.425,827.0500000000001,,50.002118055555556,-415.5541666666666,-70.02499999999999,54.65416666666667,104.13333333333333
2024-08-23 00:00:00+00:00,100.37541666666668,22.754166666666666,100.37541666666668,100.37541666666668,-322.62465833333334,108.60208333333333,534.3874999999999,775.3583333333332,,50.00010416666667,-241.02083333333334,81.64583333333333,168.15,137.22916666666666
2024-08-24 00:00:00+00:00,80.55541666666666,-4.651666666666666,80.55541666666666,80.55541666666666,-59.763195833333334,38.385758333333335,497.25,671.125,,49.999340277777776,-173.88333333333333,-114.10000000000001,196.47916666666666,215.2875
2024-08-25 00:00:00+00:00,45.73666666666667,-4.605416666666667,45.73666666666667,45.73666666666667,-129.75104583333334,73.046175,476.02500000000003,710.5291666666667,,50.00076388888888,-234.4375,-104.75833333333333,171.48749999999998,206.79166666666666
2024-08-26 00:00:00+00:00,131.005,-0.41625,131.005,131.005,-347.33542083333333,214.47361250000003,512.5958333333333,722.7791666666667,,50.00048611111111,-210.21666666666667,137.14583333333334,81.39999999999999,248.3125
2024-08-27 00:00:00+00:00,111.09958333333333,2.2979166666666666,111.09958333333333,111.09958333333333,-345.4166708333333,144.9048625,508.39166666666665,760.4291666666667,,50.00131944444444,-251.92916666666667,93.38333333333334,89.35833333333333,227.22916666666666
2024-08-28 00:00:00+00:00,116.55541666666666,3.5666666666666664,116.55541666666666,116.55541666666666,-348.42327083333333,93.440975,435.7583333333334,762.8375,,49.999548611111116,-327.0833333333333,21.3625,23.920833333333334,225.45000000000002
2024-08-29 00:00:00+00:00,129.42875,21.780416666666667,129.42875,129.42875,-322.93784999999997,118.80591249999999,461.8458333333333,749.2833333333333,,50.00069444444445,-287.4458333333333,35.53333333333333,32.50416666666667,260.08750000000003
2024-08-30 00:00:00+00:00,130.51708333333335,2.2808333333333333,130.51708333333335,130.51708333333335,-344.46597083333336,173.6642375,535.8249999999999,730.4791666666666,,50.00131944444444,-194.66666666666666,149.79583333333332,119.58333333333333,250.40416666666667
2024-08-31 00:00:00+00:00,108.23,8.33875,108.23,108.23,-338.56215416666663,138.0201375,503.87083333333334,696.125,,50.002048611111114,-192.20000000000002,146.31666666666666,118.52499999999999,109.675
2024-09-01 00:00:00+00:00,84.55416666666666,8.9025,84.55416666666666,84.55416666666666,-312.1833291666667,154.11806666666666,518.8208333333333,653.025,,50.00131944444444,-134.225,177.9625,84.44166666666666,190.99166666666667
2024-09-02 00:00:00+00:00,155.19916666666666,23.87375,155.19916666666666,155.19916666666666,-336.06666666666666,155.8850625,593.5,709.2666666666668,,49.999270833333334,-115.75,220.47916666666666,40.37083333333333,221.45416666666665
2024-09-03 00:00:00+00:00,155.74041666666668,67.71291666666666,155.74041666666668,155.74041666666668,-317.2496625,179.31215,694.5416666666666,767.4499999999999,,50.00086805555556,-72.95833333333333,245.42499999999998,27.15833333333333,184.07916666666665
2024-09-04 00:00:00+00:00,115.16458333333333,77.32666666666667,115.16458333333333,115.16458333333333,-231.66597083333332,118.23575416666667,638.8125,729.3708333333334,,50.00020833333333,-90.5,141.5,41.4625,247.10833333333335
2024-09-05 00:00:00+00:00,84.7725,75.72833333333334,84.7725,84.7725,-388.91771250000005,104.21111666666667,521.4125,750.6999999999999,,49.99878472222222,-229.29166666666666,160.125,44.020833333333336,246.6875
2024-09-06 00:00:00+00:00,64.05791666666667,35.46583333333333,67.48,67.48,-620.6496541666667,295.902075,530.8249999999999,708.9625,,50.00340277777778,-178.0583333333333,443.29583333333335,55.82916666666666,265.6375
2024-09-07 00:00:00+00:00,35.76083333333333,18.359583333333333,36.69583333333333,36.69583333333333,-719.0531208333333,303.28437916666667,370.55,623.4166666666666,,50.00128472222222,-252.81666666666663,467.20416666666665,64.02083333333333,252.13750000000002
2024-09-08 00:00:00+00:00,22.04375,13.84375,22.04375,22.04375,-521.7441125,186.81249583333332,414.7416666666666,619.9666666666667,,50.00239583333334,-205.13750000000002,317.2625,110.57916666666667,234.27916666666667
2024-09-09 00:00:00+00:00,4.6625000000000005,1.3616666666666666,4.754166666666667,4.754166666666667,-655.0687583333333,210.83854166666666,483.69166666666666,733.6625,,49.99878472222222,-249.97083333333333,406.0125,189.92916666666667,233.24166666666667
2024-09-10 00:00:00+00:00,56.642500000000005,0.6516666666666667,106.03541666666666,106.03541666666666,-885.6066000000001,450.9968791666667,475.77500000000003,722.3333333333334,,50.00152777777778,-246.5,640.2708333333334,220.85,184.2458333333333
2024-09-11 00:00:00+00:00,79.09625,41.48708333333333,79.12416666666667,79.12416666666667,-833.9187458333334,280.03507083333335,352.5333333333333,752.9916666666667,,50.00107638888889,-400.4875,434.6166666666666,119.14999999999999,126.42916666666667
2024-09-12 00:00:00+00:00,142.09625,127.69,142.09625,142.09625,-399.0057125,137.93045,546.7291666666666,753.4666666666667,,50.0002787456446,-206.64166666666665,192.83333333333334,35.03333333333333,128.275
2024-09-13 00:00:00+00:00,189.48083333333332,189.48083333333332,189.48083333333332,189.48083333333332,197.6434,-177.22395833333334,673.2875,787.5708333333333,,50.00020833333333,-114.23333333333333,-312.2,45.9375,68.66666666666667
2024-09-14 00:00:00+00:00,65.55083333333333,59.76,65.55083333333333,65.55083333333333,-612.5309,272.4263916666667,458.9791666666667,702.3958333333334,,50.00118055555556,-243.39583333333334,370.09999999999997,63.604166666666664,107.38333333333334
2024-09-15 00:00:00+00:00,94.91541666666666,94.39125,94.91541666666666,94.91541666666666,-348.3378416666667,84.32533333333333,439.925,697.7958333333332,,50.00138888888889,-257.7583333333333,91.03333333333335,31.120833333333334,89.8875
2024-09-16 00:00:00+00:00,174.57583333333332,173.59833333333333,117.71125,117.71125,-26.85729166666667,-30.235075,580.975,755.3874999999999,,50.00038194444445,-174.34166666666667,-147.4375,51.35833333333334,172.11249999999998
2024-09-17 00:00:00+00:00,129.10583333333332,123.91375,125.42125,125.42125,-99.9399375,94.98263333333334,659.4125,738.9666666666667,,50.00270833333334,-79.45416666666667,20.633333333333326,21.375,210.34583333333333
2024-09-18 00:00:00+00:00,95.82,56.010416666666664,95.82,95.82,-785.0086791666666,378.3378333333333,491.1333333333334,791.9541666666668,,50.001736111111114,-300.7583333333333,485.3041666666666,17.041666666666668,167.35416666666666
2024-09-19 00:00:00+00:00,87.68374999999999,51.08583333333333,87.68374999999999,87.68374999999999,-671.0847125,302.7017416666667,489.175,781.0625,,50.00013888888889,-291.90833333333336,380.0916666666667,9.3125,191.04999999999998
2024-09-20 00:00:00+00:00,100.11166666666666,72.19958333333334,100.11166666666666,100.11166666666666,-562.7625083333334,270.3760375,537.6291666666667,753.8208333333333,,49.99885416666667,-216.17083333333332,347.375,61.987500000000004,195.67083333333332
2024-09-21 00:00:00+00:00,63.28791666666667,26.859166666666667,63.29083333333333,63.29083333333333,-884.8788166666667,540.1996541666666,553.5416666666666,675.6458333333334,,50.0003125,-122.05833333333334,764.0041666666666,89.1125,189.5
2024-09-22 00:00:00+00:00,98.35583333333334,98.35583333333334,98.35583333333334,98.35583333333334,-182.765625,140.96945,532.7916666666666,635.0208333333334,,50.00270833333334,-102.17916666666667,80.89166666666667,43.2125,220.38333333333333
2024-09-23 00:00:00+00:00,102.29083333333334,52.32375,102.29083333333334,102.29083333333334,-650.2232625,315.5361125,531.35,753.2833333333333,,50.00048611111111,-221.86666666666667,429.14166666666665,91.00416666666666,162.8875
2024-09-24 00:00:00+00:00,54.77333333333333,23.636666666666667,54.92916666666667,54.92916666666667,-812.1768916666666,428.05634583333335,580.5458333333333,770.775,,50.00226480836237,-190.15416666666667,623.0416666666666,153.38333333333333,192.38333333333333
2024-09-25 00:00:00+00:00,26.02916666666667,7.228750000000001,26.02916666666667,26.02916666666667,-876.9638916666667,473.6555583333334,649.9708333333333,825.6125000000001,,50.000451388888884,-175.55416666666667,702.4583333333334,320.76666666666665,103.02499999999999
2024-09-26 00:00:00+00:00,43.28041666666667,24.77916666666667,43.62041666666667,43.62041666666667,-743.5222291666668,375.2760416666667,572.4875000000001,827.1750000000001,,50.00125,-254.73749999999998,489.67083333333335,211.95416666666665,99.3125
2024-09-27 00:00:00+00:00,13.79875,12.011249999999999,13.79875,13.79875,-378.121875,126.9184,634.0833333333334,850.8416666666667,,50.0003125,-216.9125,161.98749999999998,374.23333333333335,49.97083333333333
2024-09-28 00:00:00+00:00,42.5625,42.5625,42.556666666666665,30.25916666666667,-4.864925000000007,-106.81596666666667,567.5124999999999,749.5375,,50.00052083333333,-181.85416666666666,-177.04166666666666,192.1625,85.01666666666667
2024-09-29 00:00:00+00:00,33.82791666666667,5.677916666666667,33.82791666666667,33.82791666666667,-789.2336875,381.37256666666667,525.375,726.8249999999999,,50.00121527777778,-201.3791666666667,588.8041666666667,145.40416666666667,158.0875
2024-09-30 00:00:00+00:00,101.75124999999998,74.43208333333334,101.75124999999998,101.75124999999998,-611.0104166666666,193.23645416666668,525.1458333333334,805.6041666666666,,50.002118055555556,-280.43333333333334,331.15833333333336,38.229166666666664,200.07500000000002
2024-10-01 00:00:00+00:00,96.84916666666668,66.95916666666666,96.84916666666668,96.84916666666668,-885.0774333333334,376.5902791666667,597.1041666666666,876.3416666666667,,50.00052083333333,-279.27916666666664,606.775,156.0625,132.31666666666666
2024-10-02 00:00:00+00:00,242.16875000000002,242.16875000000002,242.16875000000002,242.16875000000002,-215.8649333333333,80.18055416666667,880.25,906.3625000000001,,50.002118055555556,-26.04583333333333,190.0041666666667,74.675,16.01666666666667
2024-10-03 00:00:00+00:00,185.05125,177.90875000000003,185.05125,185.05125,-393.7687583333333,244.81977916666665,902.7291666666666,874.1666666666666,,50.00194444444444,28.59583333333333,422.8416666666667,90.27083333333333,40.93333333333333
2024-10-04 00:00:00+00:00,106.30541666666666,75.82375,106.30541666666666,106.30541666666666,-868.3673583333333,332.6489583333333,508.4041666666667,842.3083333333334,,49.99993055555555,-333.8208333333333,535.4625,72.39166666666667,101.53750000000001
2024-10-05 00:00:00+00:00,115.97166666666668,98.59166666666665,115.97166666666668,115.97166666666668,-493.41146249999997,183.06388333333334,497.23333333333335,750.8791666666666,,49.99899305555555,-253.60416666666666,240.36249999999998,42.083333333333336,130.61666666666665
2024-10-06 00:00:00+00:00,71.89333333333333,28.2,71.89333333333333,71.89333333333333,-968.3600708333333,385.6618041666666,474.2791666666667,730.9958333333334,,50.0009375,-256.7083333333333,712.7333333333335,103.33333333333333,149.60416666666666
2024-10-07 00:00:00+00:00,133.87166666666667,106.28750000000001,133.87166666666667,133.87166666666667,-771.7892416666667,174.25104166666665,418.9916666666666,834.8375,,50.0003125,-415.7916666666667,356.89166666666665,35.895833333333336,150.60833333333332
2024-10-08 00:00:00+00:00,70.07625,27.375833333333333,70.07625,70.07625,-971.5079791666667,293.03506666666664,428.9916666666666,915.5041666666666,,50.000659722222224,-486.5,485.99583333333334,92.3625,60.229166666666664
2024-10-09 00:00:00+00:00,27.14625,5.2425,27.14625,27.14625,-985.2437541666667,415.4927,548.3583333333333,955.9250000000001,,50.001562500000006,-407.4375,578.6166666666667,365.59999999999997,28.2
2024-10-10 00:00:00+00:00,29.377499999999998,10.160416666666666,29.377499999999998,29.377499999999998,-994.8878458333334,314.34028333333333,408.7625,920.7875,,50.00079861111111,-512.0458333333333,483.90000000000003,228.34583333333333,17.1625
2024-10-11 00:00:00+00:00,67.52208333333333,12.96625,67.52208333333333,67.52208333333333,-939.4461833333334,305.93993333333333,456.39166666666665,880.9958333333334,,49.99986111111111,-424.6375,515.9875000000001,245.5375,33.44166666666667
2024-10-12 00:00:00+00:00,78.45291666666667,9.3475,78.45291666666667,78.45291666666667,-673.2517333333334,190.0666625,363.91249999999997,746.9083333333333,,50.00086805555556,-383.0083333333334,291.27916666666664,90.90416666666665,138.4875
2024-10-13 00:00:00+00:00,17.2425,13.79125,17.2425,17.2425,-755.9725708333334,221.02186666666668,343.48333333333335,749.8666666666667,,50.001041666666666,-406.3416666666667,350.4458333333334,107.14166666666667,142.61666666666667
2024-10-14 00:00:00+00:00,135.63875,130.04291666666668,135.63875,135.63875,-873.1236125,260.8270791666667,469.10833333333335,939.1041666666666,,50.00125,-469.9666666666667,404.1541666666667,33.92916666666667,40.762499999999996
2024-10-15 00:00:00+00:00,112.56291666666665,39.5,112.56291666666665,112.56291666666665,-997.0107625,342.10174166666667,523.7541666666667,938.6791666666667,,50.00145833333333,-414.90000000000003,583.1833333333333,162.80416666666667,69.89166666666667
2024-10-16 00:00:00+00:00,88.06166666666667,11.34625,88.06166666666667,88.06166666666667,-979.65695,322.89305833333333,558.2833333333333,901.4125,,50.00024305555556,-343.10833333333335,637.5500000000001,129.35833333333332,164.25833333333333
2024-10-17 00:00:00+00:00,33.498333333333335,1.1070833333333334,33.498333333333335,33.498333333333335,-981.4388958333334,386.6812458333333,620.9708333333333,906.6083333333332,,50.00090277777778,-285.72499999999997,696.8333333333334,244.5666666666667,153.0625
2024-10-18 00:00:00+00:00,19.984583333333333,4.732083333333333,19.984583333333333,19.984583333333333,-988.0048708333334,399.7437458333333,536.2833333333333,885.4666666666667,,50.00076388888888,-349.2,639.8791666666667,291.53333333333336,159.30416666666665
2024-10-19 00:00:00+00:00,8.375,4.702916666666667,8.375,8.375,-875.79895,277.6861083333333,522.2333333333333,829.9291666666667,,50.001805555555556,-307.58750000000003,569.0500000000001,272.82916666666665,154.63333333333333
2024-10-20 00:00:00+00:00,2.2291666666666665,0.655,2.2291666666666665,2.2291666666666665,-956.4909583333333,272.5201375,511.12083333333334,844.5333333333333,,50.00163194444444,-333.5125,624.1291666666667,262.91249999999997,124.64166666666667
2024-10-21 00:00:00+00:00,104.37791666666668,-0.9516666666666667,104.37791666666668,104.37791666666668,-993.2590375,307.8934,617.9375,967.9125,,49.9996875,-350.0291666666667,644.3291666666667,381.4458333333334,29.829166666666666
2024-10-22 00:00:00+00:00,130.30583333333334,2.9729166666666664,130.30583333333334,130.30583333333334,-998.4829958333333,332.39444166666664,568.6166666666667,923.4416666666666,,50.001666666666665,-354.83750000000003,644.7833333333333,184.42499999999998,36.72083333333334
2024-10-23 00:00:00+00:00,56.05041666666667,0.42416666666666664,56.50958333333333,56.50958333333333,-983.0812458333334,444.44166249999995,776.6291666666666,910.4541666666668,,49.999652777777776,-133.81666666666666,850.3541666666666,387.7083333333333,108.22083333333335
2024-10-24 00:00:00+00:00,135.31458333333333,63.02125,135.31458333333333,135.31458333333333,-919.1774333333333,393.36909583333335,690.375,917.1416666666668,,50.00055555555556,-226.6916666666667,693.4541666666668,232.88750000000002,66.84166666666667
2024-10-25 00:00:00+00:00,147.75083333333333,15.582083333333332,147.75083333333333,147.75083333333333,-992.2347166666667,504.7329916666667,762.6125000000001,892.2208333333333,,50.00125,-129.59583333333333,863.6958333333333,168.76666666666668,55.21666666666667
2024-10-26 00:00:00+00:00,128.85583333333332,43.46625,128.85583333333332,128.85583333333332,-992.372575,469.57742916666666,617.525,823.1916666666666,,50.0003125,-205.6833333333333,787.6999999999999,41.15833333333333,21.258333333333333
2024-10-27 00:00:00+00:00,146.87166666666667,-0.5337500000000001,146.87166666666667,146.87166666666667,-986.5131958333333,587.1569499999999,677.3041666666667,819.8125,,49.999548611111116,-142.5375,844.9791666666666,137.45000000000002,20.008333333333333
2024-10-28 00:00:00+00:00,121.75041666666665,3.5445833333333336,121.75041666666665,121.75041666666665,-992.2298583333333,525.8874999999999,724.2916666666666,913.1625,,50.00069444444445,-188.85833333333335,804.4625,290.7583333333333,76.04166666666667
2024-10-29 00:00:00+00:00,158.47458333333333,38.71083333333333,158.47458333333333,158.47458333333333,-994.7395833333334,448.92744166666665,702.0083333333333,908.5416666666666,,50.00111111111111,-206.5375,789.3416666666667,172.36666666666667,118.925
2024-10-30 00:00:00+00:00,14.267916666666666,1.6616666666666668,14.267916666666666,14.267916666666666,-989.0236041666667,391.45069166666667,640.9166666666666,975.1916666666666,,50.00121527777778,-334.26666666666665,655.9375,394.4666666666667,40.86666666666667
2024-10-31 00:00:00+00:00,49.80375,26.70875,49.80375,49.80375,-852.2454916666667,157.14513333333335,440.9083333333333,978.7333333333332,,49.99930555555555,-537.7375000000001,315.4875,160.99166666666667,28.212500000000002
2024-11-01 00:00:00+00:00,5.918333333333333,5.088333333333334,5.918333333333333,5.798749999999999,-687.2111083333333,36.78854583333334,463.03749999999997,1018.5583333333334,,50.00131944444444,-555.5166666666667,132.57500000000002,335.65416666666664,15.104166666666666
2024-11-02 00:00:00+00:00,10.038333333333332,2.9458333333333333,10.038333333333332,10.038333333333332,-980.4888833333333,270.4420125,506.92083333333335,946.85,,50.00190972222222,-439.95416666666665,541.6125000000001,341.78749999999997,46.52916666666667
2024-11-03 00:00:00+00:00,16.914166666666667,8.4825,16.914166666666667,16.914166666666667,-761.4187499999999,192.63090833333334,501.73333333333335,957.4083333333333,,50.000451388888884,-455.70416666666665,306.5208333333333,355.2583333333334,10.4
2024-11-04 00:00:00+00:00,105.81708333333334,63.75333333333333,105.81708333333334,105.81708333333334,-986.5177083333333,375.54097083333335,570.5708333333333,987.1333333333333,,50.00010416666667,-416.625,571.0666666666667,226.1291666666667,90.7625
2024-11-05 00:00:00+00:00,99.295,36.31125,102.0225,102.0225,-984.983675,433.8840291666667,607.9125,977.1166666666667,,49.99885416666667,-369.21250000000003,616.8791666666667,247.33333333333334,21.0
2024-11-06 00:00:00+00:00,105.2475,57.69625,133.81875,133.81875,-967.9350625000001,424.30659583333335,583.9958333333333,978.2583333333333,,50.000972222222224,-394.33750000000003,574.775,225.6916666666667,24.466666666666665
2024-11-07 00:00:00+00:00,109.8975,38.245416666666664,140.3841666666667,140.3841666666667,-991.0003499999999,371.27152916666665,478.7583333333334,993.0833333333334,,50.00152777777778,-514.3333333333334,477.7416666666666,99.58333333333333,11.633333333333333
2024-11-08 00:00:00+00:00,86.61541666666666,9.740416666666667,122.96791666666667,122.96791666666667,-986.3131916666666,349.05103749999995,502.27500000000003,984.1625,,50.000590277777775,-481.925,505.47499999999997,96.34583333333335,25.233333333333334
2024-11-09 00:00:00+00:00,68.23166666666667,46.282916666666665,114.63291666666667,114.63291666666667,-972.9413333333333,373.0871541666667,482.3208333333334,896.2375000000001,,50.000277777777775,-413.9583333333333,560.0208333333334,122.65416666666665,7.920833333333333
2024-11-10 00:00:00+00:00,105.79583333333333,71.29833333333333,111.90083333333332,111.90083333333332,-991.3319499999999,329.63369166666666,379.3416666666667,865.6166666666667,,49.99881944444444,-486.2791666666667,505.9041666666667,6.741666666666667,14.225
2024-11-11 00:00:00+00:00,111.65708333333333,82.89874999999999,121.86,121.86,-990.0743000000001,308.9163208333334,442.8416666666667,1003.025,,50.00107638888889,-560.15,430.7083333333333,66.25,14.529166666666667
2024-11-12 00:00:00+00:00,141.59791666666666,89.90625,166.16875000000002,166.57,-985.3336708333333,392.36042083333336,599.8291666666667,1011.2416666666667,,50.00114583333333,-411.3333333333333,574.7708333333334,59.34166666666667,11.070833333333333
2024-11-13 00:00:00+00:00,119.61250000000001,13.14625,119.61250000000001,119.61250000000001,-998.810075,409.44896250000005,698.4124999999999,1014.7541666666666,,50.00069444444445,-316.3208333333333,683.4333333333334,153.43333333333334,14.095833333333333
2024-11-14 00:00:00+00:00,86.97166666666668,1.5575,86.97166666666668,86.97166666666668,-998.6420125,337.10589999999996,596.6875,1003.775,,50.00100694444445,-407.0625,592.6583333333333,214.01666666666665,23.724999999999998
2024-11-15 00:00:00+00:00,79.62291666666667,4.55875,79.62291666666667,79.62291666666667,-995.6482625,387.46979166666665,630.0833333333334,979.975,,50.001354166666665,-349.8875,646.8583333333333,279.4916666666667,22.34166666666667
2024-11-16 00:00:00+00:00,2.984166666666667,0.005833333333333319,2.984166666666667,2.984166666666667,-968.4722208333333,382.7378416666666,586.35,927.9541666666668,,49.999722222222225,-341.5916666666667,628.0083333333333,434.5291666666667,7.679166666666666
2024-11-17 00:00:00+00:00,22.23,22.112083333333334,22.23,22.227500000000003,-428.5854125,22.684383333333333,606.0583333333333,922.5625,,50.00149305555556,-316.5083333333333,112.60833333333333,430.0333333333333,36.62083333333333
2024-11-18 00:00:00+00:00,96.21291666666667,74.62875,96.21291666666667,96.21291666666667,-272.61527916666665,-156.7875,628.0875,1025.2375,,49.99979166666667,-397.12916666666666,-124.07083333333333,235.76666666666665,32.03333333333333
2024-11-19 00:00:00+00:00,125.25458333333334,123.67208333333333,125.25458333333334,122.27416666666666,71.29687916666667,-304.13299166666667,728.7958333333332,1018.9125,,50.000659722222224,-290.09166666666664,-361.4916666666666,91.0125,24.525000000000002
2024-11-20 00:00:00+00:00,88.51458333333333,44.04958333333334,88.51458333333333,88.51458333333333,-590.9708291666667,227.25380833333335,825.9625,1082.5,,49.99986111111111,-256.62916666666666,335.37083333333334,475.675,2.3833333333333333
2024-11-21 00:00:00+00:00,107.68458333333332,69.92916666666666,107.68458333333332,107.68458333333332,-621.9760458333334,239.46040833333333,796.625,1091.0458333333333,,50.000416666666666,-294.46666666666664,328.5625,394.6583333333333,22.270833333333332
2024-11-22 00:00:00+00:00,127.11291666666666,112.59833333333334,127.11291666666666,127.11291666666666,-613.3555541666666,160.05971250000002,658.2666666666667,1119.0083333333334,,50.00048611111111,-460.81666666666666,153.49166666666667,262.5541666666667,7.370833333333334
2024-11-23 00:00:00+00:00,72.50666666666667,40.949999999999996,72.50666666666667,72.50666666666667,-823.5388875,383.8236083333333,625.9041666666667,1033.2375,,50.00079861111111,-407.3333333333333,416.99583333333334,242.70416666666665,11.283333333333333
2024-11-24 00:00:00+00:00,14.9275,4.065,14.944166666666668,14.944166666666668,-942.1316041666668,524.8104083333334,707.0708333333333,1043.6083333333333,,50.00138888888889,-336.55833333333334,606.4541666666667,365.2791666666667,16.8
2024-11-25 00:00:00+00:00,14.292083333333332,3.7475,14.292083333333332,14.292083333333332,-932.5461833333334,482.06354166666665,761.9958333333334,1108.2333333333333,,50.00131944444444,-346.2291666666667,587.2458333333333,447.5708333333334,5.925
2024-11-26 00:00:00+00:00,96.98458333333333,19.26375,96.98458333333333,96.98458333333333,-921.0708208333334,420.15625,644.6166666666667,1038.6291666666666,,49.99822916666667,-394.0125,528.0291666666667,305.8208333333333,3.4375
2024-11-27 00:00:00+00:00,138.28625,119.72666666666667,138.28625,138.28625,-994.8878583333334,354.5569458333334,460.09999999999997,1018.9541666666668,,49.99989583333333,-558.8208333333333,437.02500000000003,108.39583333333333,10.279166666666667
2024-11-28 00:00:00+00:00,129.51208333333332,121.8775,129.51208333333332,129.51208333333332,-773.2201375,138.80451666666667,392.68333333333334,1026.1541666666667,,50.00069444444445,-633.5375,140.63750000000002,35.670833333333334,8.8125
2024-11-29 00:00:00+00:00,128.9925,33.17916666666667,128.9925,128.9925,-992.6722166666667,362.76632083333334,519.0333333333333,1034.1958333333334,,50.001354166666665,-515.1708333333333,478.52500000000003,132.15,11.424999999999999
2024-11-30 00:00:00+00:00,58.375416666666666,38.72166666666667,59.23916666666667,59.23916666666667,-947.990625,515.0992958333333,704.3541666666666,952.4041666666667,,50.000347222222224,-248.07916666666665,700.8833333333333,350.46250000000003,5.058333333333334
2024-12-01 00:00:00+00:00,39.1575,6.47625,40.849583333333335,40.849583333333335,-987.5319416666666,577.971525,683.15,937.8583333333332,,50.00145833333333,-254.6875,733.8083333333334,402.46250000000003,3.75
2024-12-02 00:00:00+00:00,73.68875,12.532916666666667,73.68875,73.68875,-937.77465,513.797225,802.7041666666668,1060.9,,49.999583333333334,-258.24583333333334,680.5375,474.53749999999997,6.866666666666667
2024-12-03 00:00:00+00:00,103.20708333333333,100.30666666666667,103.20708333333333,103.20708333333333,-883.8819541666667,491.34618333333333,816.9,1079.5625,,50.000659722222224,-262.5625,622.1416666666667,334.2083333333333,2.7708333333333335
2024-12-04 00:00:00+00:00,129.37208333333334,129.20083333333335,156.54541666666668,156.54541666666668,-574.025,266.23160416666667,837.8000000000001,1162.6666666666667,,50.00086805555556,-324.825,249.75,176.8708333333333,15.841666666666667
2024-12-05 00:00:00+00:00,60.147083333333335,53.06666666666666,142.35083333333333,142.35083333333333,-993.88125,348.2274375,606.2666666666667,1208.1916666666666,,49.99947916666667,-601.9041666666667,392.75,259.1875,2.245833333333333
2024-12-06 00:00:00+00:00,96.93624999999999,19.785416666666666,96.93624999999999,96.93624999999999,-999.6680583333333,408.9465333333333,673.9333333333333,1164.6666666666667,,50.0003125,-490.76666666666665,509.7791666666667,150.37916666666666,2.058333333333333
2024-12-07 00:00:00+00:00,93.68541666666665,40.48291666666667,93.68541666666665,93.68541666666665,-999.6076291666667,435.5746541666667,595.8208333333333,1043.2291666666667,,50.000347222222224,-447.4875,553.0458333333333,83.1125,1.3458333333333332
2024-12-08 00:00:00+00:00,88.2725,58.21625,88.2725,88.2725,-999.4941,319.85833333333335,434.8333333333333,1040.2666666666667,,50.00013888888889,-605.475,394.94166666666666,32.09166666666667,2.1
2024-12-09 00:00:00+00:00,112.9875,56.919999999999995,112.9875,112.9875,-902.1399333333334,169.18854166666668,527.5375,1168.6166666666666,,50.000729166666666,-641.1291666666667,261.85833333333335,13.0375,6.016666666666667
2024-12-10 00:00:00+00:00,147.97166666666666,2.1766666666666667,147.97166666666666,147.97166666666666,-999.58785,490.51040416666666,767.2875,1143.3166666666666,,50.001562500000006,-376.0208333333333,624.4375,190.13333333333333,5.116666666666666
2024-12-11 00:00:00+00:00,224.73666666666668,2.5258333333333334,227.15458333333333,233.82708333333335,-724.2316000000001,608.7583291666666,1110.25,1082.175,,50.002118055555556,28.087500000000002,753.2416666666667,356.7833333333333,22.541666666666668
2024-12-12 00:00:00+00:00,153.5375,20.63375,232.88666666666666,232.88666666666666,-648.1659708333333,625.591325,1319.0041666666666,1140.2125,,49.99722222222223,178.7125,827.8625000000001,435.35833333333335,14.933333333333335
2024-12-13 00:00:00+00:00,141.275,133.13208333333333,141.275,141.275,-499.90174583333334,91.06042500000001,783.5791666666668,1131.45,,50.000277777777775,-347.8666666666666,152.66666666666666,304.34999999999997,15.104166666666666
2024-12-14 00:00:00+00:00,45.335,13.691249999999998,45.335,45.335,-964.9447875000001,355.1142375,545.4625,1036.1583333333333,,50.001736111111114,-490.6958333333334,475.2291666666667,329.6125,2.8791666666666664
2024-12-15 00:00:00+00:00,43.66583333333333,29.130416666666665,43.66583333333333,43.66583333333333,-915.8555583333333,247.47222083333335,425.5333333333333,1049.075,,49.99975694444444,-623.5458333333333,293.24583333333334,239.51666666666665,1.6958333333333335
2024-12-16 00:00:00+00:00,37.84041666666666,33.638333333333335,37.84041666666666,37.77833333333333,-779.021175,255.76319166666667,703.3208333333333,1128.3583333333333,,49.99923611111112,-425.05833333333334,354.8625,507.4916666666666,16.129166666666666
2024-12-17 00:00:00+00:00,103.73541666666667,103.72083333333335,103.73541666666667,76.565,-157.43055416666667,-144.20867916666666,737.9791666666666,1107.4416666666666,,49.99982638888889,-369.4583333333333,-211.73333333333335,369.76666666666665,6.8374999999999995
2024-12-18 00:00:00+00:00,139.26416666666668,131.66708333333332,139.26416666666668,139.26416666666668,-563.2569458333334,-41.92916666666667,602.9791666666666,1160.6375,,49.99982578397213,-557.7083333333334,6.170833333333346,224.07916666666665,11.658333333333333
2024-12-19 00:00:00+00:00,33.67041666666667,22.332083333333333,33.67041666666667,33.67041666666667,-641.1312541666667,88.75695,611.2083333333334,1134.4541666666667,,50.00006944444445,-523.2333333333333,118.67916666666667,447.87083333333334,5.445833333333334
2024-12-20 00:00:00+00:00,45.032916666666665,36.754583333333336,45.032916666666665,44.681666666666665,-495.14166666666665,-7.040279166666667,505.52500000000003,1085.6125,,50.00020833333333,-580.0791666666667,-84.29583333333333,332.59583333333336,7.904166666666666
2024-12-21 00:00:00+00:00,41.26625,41.26625,41.26625,37.166666666666664,-392.5541666666666,33.57605,570.9583333333334,990.6666666666666,,49.99989583333333,-419.54583333333335,-26.78333333333333,390.4458333333334,9.4
2024-12-22 00:00:00+00:00,23.54041666666667,23.286666666666665,23.54041666666667,23.35291666666667,-506.9482708333333,182.00902083333335,551.3166666666667,973.4958333333334,,50.00090277777778,-422.1875,85.4375,391.3458333333333,2.3208333333333333
2024-12-23 00:00:00+00:00,103.53875,72.4275,103.53875,103.53875,-921.5246625,394.67362083333336,468.1666666666667,963.9416666666666,,49.9996875,-495.7791666666667,426.69166666666666,87.10833333333333,3.1291666666666664
2024-12-24 00:00:00+00:00,71.17958333333333,33.33083333333333,71.17958333333333,71.17958333333333,-925.3937625,346.61007083333334,411.5833333333333,959.1791666666667,,50.00048611111111,-547.6374999999999,378.74583333333334,62.137499999999996,3.7875
2024-12-25 00:00:00+00:00,11.152500000000002,3.83375,11.152500000000002,11.152500000000002,-616.228825,218.54965,476.83750000000003,935.0041666666666,,50.00052083333333,-458.0958333333333,158.54999999999998,334.7375,4.154166666666667
2024-12-26 00:00:00+00:00,37.57208333333333,1.7958333333333334,37.57208333333333,37.57208333333333,-349.8809083333333,55.88680416666667,410.175,898.1583333333333,,50.00038194444445,-487.95416666666665,-138.0875,251.51666666666665,4.304166666666666
2024-12-27 00:00:00+00:00,142.99083333333334,2.8216666666666668,142.99083333333334,142.99083333333334,-349.88089583333334,104.422575,558.0708333333333,886.6416666666668,,49.999409722222225,-328.60833333333335,21.3125,20.983333333333334,5.458333333333333
2024-12-28 00:00:00+00:00,123.59791666666666,4.651666666666666,123.59791666666666,123.59791666666666,-349.8572833333333,210.7836875,633.3708333333333,886.2708333333334,,49.999583333333334,-252.89583333333334,96.96666666666665,74.91250000000001,4.858333333333333
2024-12-29 00:00:00+00:00,57.846666666666664,1.1233333333333333,57.846666666666664,57.846666666666664,-339.9246583333333,274.7486125,780.1208333333334,894.9041666666667,,50.00010416666667,-114.78750000000001,225.14583333333334,464.7291666666667,4.3125
2024-12-30 00:00:00+00:00,38.007083333333334,2.1591666666666667,38.007083333333334,37.97958333333333,-314.4729125,153.975,685.8458333333333,968.4833333333332,,50.001666666666665,-282.6333333333333,31.866666666666664,407.17083333333335,7.170833333333333
2024-12-31 00:00:00+00:00,48.19166666666666,9.315833333333334,48.19166666666666,47.96958333333333,-324.5052166666667,59.45104583333333,550.6708333333333,978.3708333333334,,49.99975694444444,-427.6958333333334,-103.175,238.375,7.670833333333333
2025-01-01 00:00:00+00:00,62.50875,62.50958333333333,62.50875,6.493333333333333,83.18541666666667,-128.82533750000002,679.1166666666667,907.3458333333333,,50.00086805555556,-228.17499999999998,-311.4208333333333,329.75416666666666,2.0541666666666667
2025-01-02 00:00:00+00:00,98.69083333333333,93.27,98.69083333333333,88.50291666666668,-273.46354583333334,-91.496525,520.7208333333333,1044.4750000000001,,50.00107638888889,-523.7708333333334,-250.2875,181.76666666666665,2.6666666666666665
2025-01-03 00:00:00+00:00,89.93541666666665,89.33125,85.97250000000001,84.61874999999999,-243.07326666666665,-261.1607583333333,476.3875,1094.125,,49.99993055555555,-617.7416666666667,-374.66249999999997,130.9625,2.0500000000000003
2025-01-04 00:00:00+00:00,94.34541666666667,95.42625,94.34541666666667,92.43708333333332,111.03993333333334,-437.58090416666664,570.4708333333333,1051.5083333333334,,49.99993055555555,-481.0125,-592.0500000000001,230.98749999999998,2.845833333333333
2025-01-05 00:00:00+00:00,91.91541666666666,72.24875,91.91541666666666,91.88708333333334,-266.0708416666667,-144.99617916666668,501.37916666666666,1012.25,,50.000625,-510.8875,-244.79166666666666,157.14583333333334,1.8791666666666667
2025-01-06 00:00:00+00:00,79.30083333333333,77.77875,79.30083333333333,72.01166666666667,-246.74620000000002,-207.40880833333335,605.2,1167.1130434782608,,50.000454545454545,-561.8739130434783,-313.78695652173917,264.0130434782609,1.9217391304347824
2025-01-07 00:00:00+00:00,79.32166666666667,18.99416666666667,79.32166666666667,79.32166666666667,-262.54653333333334,-222.103475,578.65,1118.4375,,49.999548611111116,-539.7666666666667,-277.2291666666667,277.06666666666666,4.883333333333334
2025-01-08 00:00:00+00:00,110.19041666666668,65.01708333333333,110.19041666666668,110.19041666666668,-319.11979583333334,-215.90832916666668,563.7624999999999,1063.7083333333333,,50.000277777777775,-500.01666666666665,-180.82083333333333,163.26250000000002,7.375
2025-01-09 00:00:00+00:00,110.19583333333333,105.29833333333333,109.83749999999999,109.83749999999999,-82.0333375,-226.8378541666667,725.5166666666668,1080.9541666666667,,50.00107638888889,-355.375,-273.3666666666667,249.25,4.904166666666667
2025-01-10 00:00:00+00:00,96.11166666666666,90.74208333333333,95.96833333333332,95.96833333333332,-15.588879166666667,-254.90660416666665,740.025,1120.2208333333333,,50.000034722222225,-380.2166666666667,-364.6041666666667,272.8333333333333,1.4958333333333333
2025-01-11 00:00:00+00:00,79.4325,37.236250000000005,79.4325,79.4325,-288.4475625,-73.84235416666667,633.875,1025.2958333333333,,50.00038194444445,-391.46250000000003,-102.96666666666665,200.45000000000002,2.25
2025-01-12 00:00:00+00:00,80.36041666666667,62.638749999999995,80.36041666666667,80.36041666666667,-308.61667083333333,85.25104583333334,836.1916666666666,1045.075,,50.00111111111111,-208.95416666666665,99.75833333333334,412.3541666666667,3.15
2025-01-13 00:00:00+00:00,96.11333333333333,10.955416666666666,96.11333333333333,96.11333333333333,-349.19027916666664,-21.697225,699.9041666666667,1133.8333333333333,,50.00048611111111,-434.0208333333333,-84.71666666666667,300.93333333333334,3.3791666666666664
2025-01-14 00:00:00+00:00,60.59833333333333,6.576666666666667,60.59833333333333,60.59833333333333,-342.90243749999996,97.73402499999999,676.1333333333333,1094.5874999999999,,49.99986111111111,-418.4375,-75.5625,354.9375,5.654166666666666
2025-01-15 00:00:00+00:00,152.8775,42.49208333333333,152.8775,152.8775,-335.58125,171.81736250000003,778.6625,1059.4541666666667,,50.0003125,-280.8958333333333,54.79583333333333,140.94166666666666,12.616666666666667
2025-01-16 00:00:00+00:00,70.32000000000001,1.7470833333333333,70.32000000000001,70.32000000000001,-349.72465000000005,71.82012916666666,670.175,1067.5791666666667,,49.99993055555555,-397.48333333333335,-47.6875,343.97499999999997,8.120833333333334
2025-01-17 00:00:00+00:00,54.60041666666667,2.5541666666666667,54.60041666666667,54.60041666666667,-329.9440916666667,-21.579520833333333,586.025,1078.8416666666667,,50.00083333333333,-492.8,-162.84583333333333,277.57916666666665,15.112499999999999
2025-01-18 00:00:00+00:00,42.645833333333336,4.43625,42.645833333333336,42.645833333333336,-330.7097291666667,177.78402916666667,695.2583333333333,936.4333333333334,,49.99947916666667,-241.17916666666667,89.54166666666667,401.425,55.237500000000004
2025-01-19 00:00:00+00:00,59.72833333333333,4.077083333333333,59.72833333333333,59.72833333333333,-349.42187083333334,79.98680833333333,536.2666666666667,975.2541666666666,,50.00069444444445,-438.96250000000003,-89.54583333333333,230.70416666666665,9.783333333333333
2025-01-20 00:00:00+00:00,181.10583333333332,141.67166666666665,181.10583333333332,181.10583333333332,-349.9309041666667,148.13195,823.2875,1063.5041666666666,,50.0003125,-240.23749999999998,109.7375,109.91666666666667,16.587500000000002
2025-01-21 00:00:00+00:00,151.60458333333335,48.504999999999995,151.60458333333335,151.60458333333335,-350.56874583333337,164.46702083333335,978.75,1127.7875000000001,,50.000277777777775,-149.14166666666668,201.54583333333335,300.60833333333335,8.229166666666666
2025-01-22 00:00:00+00:00,151.6475,121.69625,151.6475,151.6475,-193.93229166666666,-112.59827083333333,731.0166666666668,1092.6708333333333,,50.000590277777775,-361.6958333333334,-167.69583333333333,168.2125,6.825
2025-01-23 00:00:00+00:00,96.75416666666666,85.76166666666667,96.75416666666666,96.75416666666666,-344.7322916666667,-53.29270833333334,600.0208333333334,1093.0333333333333,,50.00020833333333,-492.96250000000003,-148.26666666666668,135.80833333333334,13.158333333333333
2025-01-24 00:00:00+00:00,102.78291666666667,28.360833333333332,102.78291666666667,102.78291666666667,-299.38819166666667,-77.48715833333334,665.4125,1088.8291666666667,,50.00038194444445,-423.4458333333334,-124.0,245.26250000000002,12.112499999999999
2025-01-25 00:00:00+00:00,17.10875,1.9454166666666666,17.10875,17.10875,-278.58645,63.633675000000004,734.9791666666666,1009.8666666666667,,50.00083333333333,-274.9458333333333,3.7208333333333328,446.03749999999997,6.3999999999999995
2025-01-26 00:00:00+00:00,76.765,16.31375,76.765,76.765,-279.42187916666666,60.011808333333335,623.5333333333333,929.7791666666667,,50.00052083333333,-306.28333333333336,-26.820833333333336,185.1875,22.354166666666668
2025-01-27 00:00:00+00:00,75.87916666666666,56.26458333333333,75.87916666666666,75.56583333333333,-243.89653333333334,-194.03644583333335,514.2875,1066.7208333333333,,50.00024305555556,-552.4583333333334,-308.5125,53.95416666666667,8.450000000000001
2025-01-28 00:00:00+00:00,100.93833333333333,62.415,100.93833333333333,100.93833333333333,-324.80450833333333,-171.83367083333334,486.8625,1049.5458333333333,,50.00194444444444,-562.6583333333333,-237.86249999999998,113.58749999999999,6.741666666666667
2025-01-29 00:00:00+00:00,89.30250000000001,51.885416666666664,89.30250000000001,89.23375,-277.94028333333335,-86.03194583333334,604.9791666666666,1041.0458333333333,,49.99850694444444,-436.0916666666667,-158.11249999999998,278.575,6.2250000000000005
2025-01-30 00:00:00+00:00,82.99624999999999,26.41333333333333,82.99624999999999,82.99624999999999,-350.3607666666667,-1.0972208333333338,696.2791666666667,1058.875,,50.000277777777775,-362.5333333333333,-12.208333333333334,381.5833333333333,8.483333333333333
2025-01-31 00:00:00+00:00,121.77208333333333,52.916666666666664,121.77208333333333,121.77208333333333,-350.78749583333337,-165.3944375,426.1958333333334,1031.1499999999999,,50.00013888888889,-605.0458333333333,-254.17916666666667,81.86666666666666,12.791666666666666
2025-02-01 00:00:00+00:00,108.22000000000001,10.334583333333333,108.22000000000001,108.22000000000001,-350.7625,-42.21180416666667,474.54999999999995,990.9083333333333,,50.00079861111111,-516.3208333333333,-165.60416666666666,171.4125,9.191666666666666
2025-02-02 00:00:00+00:00,133.50041666666667,16.404166666666665,133.50041666666667,133.50041666666667,-349.9326375,29.549645833333333,581.5541666666667,989.4833333333332,,49.99930555555555,-407.9041666666667,-57.98333333333333,179.21666666666667,6.229166666666667
2025-02-03 00:00:00+00:00,154.69166666666666,110.59875,154.56541666666666,154.56541666666666,-350.66494166666666,-145.47812916666666,564.3791666666667,1128.25,,49.99979166666667,-563.8708333333333,-213.20416666666665,69.075,2.7875
2025-02-04 00:00:00+00:00,159.6275,80.98625,157.13625,157.13625,-309.1975708333334,-241.12604166666665,564.3958333333334,1138.5249999999999,,49.999652777777776,-574.125,-264.90416666666664,44.40833333333333,7.395833333333333
2025-02-05 00:00:00+00:00,121.42,7.059166666666666,121.42,121.42,-350.68020416666667,-25.728816666666663,828.8249999999999,1129.0874999999999,,50.003194444444446,-300.29583333333335,50.425000000000004,274.3833333333333,4.379166666666666
2025-02-06 00:00:00+00:00,136.75,55.95333333333334,136.75,136.75,-338.22812500000003,-111.38611250000001,625.025,1077.0166666666667,,50.00024305555556,-452.0416666666667,-113.75416666666666,47.45416666666667,8.225
2025-02-07 00:00:00+00:00,113.64333333333333,9.699166666666667,113.64333333333333,113.64333333333333,-341.5441,-77.059025,627.4166666666666,1052.5874999999999,,49.99951388888889,-425.1666666666667,-83.6125,90.4375,53.50833333333333
2025-02-08 00:00:00+00:00,65.27083333333333,37.471666666666664,65.27083333333333,65.27083333333333,-75.2059,-276.53783749999997,639.1916666666667,990.8291666666668,,50.00975694444444,-351.6583333333333,-276.41249999999997,120.05,11.454166666666667
2025-02-09 00:00:00+00:00,131.245,7.924166666666667,131.245,131.245,-155.715275,-160.20487083333333,593.8541666666666,909.7916666666666,,50.00479166666666,-315.94166666666666,-160.20416666666668,38.31666666666667,84.69583333333333
2025-02-10 00:00:00+00:00,149.5225,73.61166666666666,149.5225,149.5225,-350.3177083333333,-125.55765000000001,649.4458333333333,1125.3208333333334,,50.00013888888889,-475.9041666666667,-125.54166666666667,14.758333333333333,22.175
2025-02-11 00:00:00+00:00,189.64291666666668,40.34458333333333,189.64291666666668,189.64291666666668,-350.7687458333333,-126.69063333333332,680.9083333333333,1158.3791666666666,,50.000659722222224,-477.51666666666665,-126.67916666666667,2.6791666666666667,17.591666666666665
2025-02-12 00:00:00+00:00,227.78333333333333,72.71124999999999,227.78333333333333,227.78333333333333,-349.97396249999997,-8.013883333333334,836.0958333333333,1194.0958333333333,,49.998645833333335,-357.99583333333334,-8.004166666666668,7.833333333333333,14.654166666666667
2025-02-13 00:00:00+00:00,172.95083333333332,83.545,172.95083333333332,192.81791666666666,-349.9680583333334,168.69584166666667,991.225,1172.4958333333334,,50.0,-181.33333333333334,168.70416666666668,94.45833333333333,8.737499999999999
2025-02-14 00:00:00+00:00,183.07833333333335,154.30666666666667,183.07833333333335,183.07833333333335,-337.1761125,134.1325625,967.8249999999999,1170.8999999999999,,50.00354385964912,-203.08333333333334,134.13333333333333,69.79166666666667,11.595833333333333
2025-02-15 00:00:00+00:00,266.19875,63.92625,266.19875,266.19875,-348.859375,239.45103333333336,940.4458333333333,1049.8791666666666,,49.999375,-109.41250000000001,239.4375,90.13333333333333,22.595833333333335
2025-02-16 00:00:00+00:00,151.26375,119.385,151.26375,151.26375,-273.2975666666667,-47.72222083333333,766.7458333333334,1087.7916666666667,,50.00222222222222,-321.05833333333334,-47.708333333333336,105.825,37.045833333333334
2025-02-17 00:00:00+00:00,157.2375,121.29583333333333,157.2375,157.2375,-245.66596666666666,-135.26597083333334,830.8041666666667,1211.75,,50.001979166666665,-380.9708333333333,-135.28333333333333,34.829166666666666,15.170833333333334
2025-02-18 00:00:00+00:00,169.94708333333332,22.750416666666666,169.94708333333332,169.94708333333332,-350.7041625,74.07152916666666,934.2916666666666,1210.9458333333334,,50.00371527777778,-276.6458333333333,74.05416666666666,180.57916666666665,21.870833333333334
2025-02-19 00:00:00+00:00,175.57500000000002,74.00791666666667,175.57500000000002,175.57500000000002,-346.7607625,60.85138333333333,907.0083333333333,1192.9166666666667,,50.002361111111114,-285.8541666666667,60.862500000000004,85.64166666666667,58.34583333333333
2025-02-20 00:00:00+00:00,151.14458333333332,18.962083333333336,151.14458333333332,151.14458333333332,-350.6357625,63.25451666666667,911.0250000000001,1198.4375,,50.00131944444444,-287.40833333333336,63.25,111.125,69.86666666666666
2025-02-21 00:00:00+00:00,93.53916666666667,2.21625,93.53916666666667,93.53916666666667,-332.9816,134.26006666666666,949.525,1148.2583333333334,,50.00409722222222,-198.72083333333333,134.26666666666668,471.8875,78.83749999999999
2025-02-22 00:00:00+00:00,104.56583333333333,1.5650000000000002,104.56583333333333,104.56583333333333,-350.3621458333334,32.80867916666667,696.4916666666667,1014.0416666666666,,50.002048611111114,-317.50416666666666,32.80416666666667,205.625,24.141666666666666
2025-02-23 00:00:00+00:00,113.37791666666665,2.6341666666666668,113.37791666666665,113.37791666666665,-350.3267416666667,145.94132083333332,721.6166666666667,926.025,,49.99881944444444,-204.4125,145.95416666666668,230.25833333333333,107.93333333333334
2025-02-24 00:00:00+00:00,136.90833333333333,2.2904166666666668,136.90833333333333,136.90833333333333,-350.102775,174.63992499999998,680.4375,855.9,,50.009618055555556,-175.47083333333333,174.65,156.95833333333334,146.26666666666668
2025-02-25 00:00:00+00:00,132.2325,5.289166666666667,132.2325,132.2325,-320.42257083333334,101.46215416666666,713.8000000000001,932.7833333333333,,50.01708333333333,-218.89583333333334,101.46666666666665,221.71666666666667,168.59583333333333
2025-02-26 00:00:00+00:00,164.4625,30.820416666666663,164.4625,164.4625,-345.4666625,-13.44375,685.5333333333333,1044.4624999999999,,50.00454861111111,-358.9583333333333,-13.437500000000002,81.22916666666667,39.025
2025-02-27 00:00:00+00:00,196.11,34.46625,196.11,196.11,-350.56007916666664,-131.88715416666668,547.7208333333333,1030.1625000000001,,50.00597222222222,-482.50416666666666,-131.89166666666668,20.179166666666667,40.81666666666667
2025-02-28 00:00:00+00:00,193.46124999999998,65.08708333333333,193.46124999999998,193.46124999999998,-348.43125416666663,-168.89547916666666,493.29583333333335,1010.6374999999999,,49.99767361111111,-517.3625000000001,-168.89166666666668,2.1333333333333333,43.86666666666667
2025-03-01 00:00:00+00:00,132.09208333333333,76.91416666666667,132.09208333333333,132.09208333333333,-331.7920125,-89.95242916666666,509.8833333333334,931.6374999999999,,49.990138888888886,-421.8208333333334,-89.93333333333334,14.7875,39.07083333333333
2025-03-02 00:00:00+00:00,64.78416666666666,2.8695833333333334,64.78416666666666,64.78416666666666,-284.12083333333334,-138.108675,527.8791666666667,950.1374999999999,,50.003923611111105,-422.2708333333333,-138.12083333333334,198.3166666666667,46.5625
2025-03-03 00:00:00+00:00,24.01833333333333,3.643333333333333,24.01833333333333,24.01833333333333,-295.8895875,-138.06527916666667,631.3416666666667,1065.2958333333333,,50.007222222222225,-433.9875,-138.06666666666666,331.7083333333333,37.12916666666667
2025-03-04 00:00:00+00:00,27.215416666666666,5.482916666666667,27.215416666666666,27.215416666666666,-312.8090291666667,-82.20242499999999,663.6416666666667,1058.6625000000001,,50.01003472222222,-395.0083333333334,-82.21249999999999,382.82083333333327,41.28333333333334
2025-03-05 00:00:00+00:00,23.49875,1.67875,23.49875,23.49875,-324.01770833333336,-83.0677,672.2375000000001,1079.3208333333334,,50.006076388888886,-407.1541666666667,-83.0625,393.9291666666666,22.137500000000003
2025-03-06 00:00:00+00:00,30.7075,11.816666666666668,30.7075,30.66208333333333,-153.03577083333334,-76.21875416666667,708.8291666666668,938.0916666666667,,49.99923611111112,-229.3375,-76.19583333333334,406.96250000000003,89.7625
2025-03-07 00:00:00+00:00,97.48375,48.3325,97.48375,97.48375,-187.01944166666667,9.534725,661.4333333333333,838.9541666666668,,49.9971875,-177.49166666666667,9.520833333333336,155.32916666666668,201.95833333333334
2025-03-08 00:00:00+00:00,68.84125,0.2004166666666667,68.84125,68.84125,-348.7128375,139.40174166666665,575.3666666666667,784.6916666666666,,50.008263888888884,-209.3791666666667,139.41666666666666,170.75833333333333,130.23749999999998
2025-03-09 00:00:00+00:00,119.34958333333333,78.65875,119.34958333333333,119.34958333333333,-114.89167083333332,-111.39097500000001,590.6083333333333,816.9083333333333,,50.005,-226.29166666666666,-111.40833333333335,70.3,158.34166666666667
2025-03-10 00:00:00+00:00,122.1075,98.08999999999999,122.1075,122.1075,-156.8573,-76.5701375,621.1833333333333,854.5958333333333,,49.9965625,-233.4625,-76.55833333333334,61.20416666666667,168.48749999999998
2025-03-11 00:00:00+00:00,126.97583333333334,103.94291666666668,126.97583333333334,126.97583333333334,-264.4840208333333,-65.690975,689.875,1020.0625,,49.99097222222222,-330.21250000000003,-65.7,145.37916666666666,57.51666666666667
2025-03-12 00:00:00+00:00,149.99708333333334,148.9125,149.99708333333334,149.99708333333334,-178.947225,-176.74999583333332,717.0749999999999,1072.8041666666666,,50.002430555555556,-355.65000000000003,-176.76250000000002,68.33333333333333,39.19166666666667
2025-03-13 00:00:00+00:00,173.21541666666667,172.52125,173.21541666666667,173.21541666666667,-194.6899375,-262.4065875,619.3874999999999,1076.5,,50.00454861111111,-457.0416666666667,-262.41249999999997,70.05416666666666,19.837500000000002
2025-03-14 00:00:00+00:00,124.33333333333333,82.7025,124.33333333333333,124.33333333333333,-335.1295083333333,136.46423333333334,804.4916666666667,1003.1583333333333,,50.002916666666664,-198.70416666666665,136.4625,223.35,133.67083333333335
2025-03-15 00:00:00+00:00,60.322916666666664,3.2775,65.89083333333333,65.89083333333333,-297.51735833333333,340.8895958333333,865.5375,822.1750000000001,,50.00225694444444,43.42916666666667,340.89166666666665,302.34583333333336,230.60833333333335
2025-03-16 00:00:00+00:00,22.204166666666666,8.67,22.204166666666666,22.204166666666666,-272.6979125,72.19582916666667,664.5749999999999,865.0958333333333,,50.01107638888889,-200.5041666666667,72.20416666666667,229.32916666666665,149.12916666666666
2025-03-17 00:00:00+00:00,82.69625,65.75833333333334,84.13791666666667,84.13791666666667,-214.42014583333332,97.003475,777.7958333333332,895.2333333333332,,50.00729166666667,-117.48333333333333,97.0125,223.85833333333335,251.89166666666665
2025-03-18 00:00:00+00:00,64.60583333333334,28.032083333333333,64.49666666666667,64.49666666666667,-323.2861041666667,10.076729166666668,650.0208333333334,963.2416666666667,,50.00402777777778,-313.29583333333335,10.070833333333333,196.90416666666667,114.86666666666667
2025-03-19 00:00:00+00:00,57.66458333333333,22.490416666666665,61.004999999999995,61.004999999999995,-260.51632916666665,278.2798583333333,851.3333333333334,833.5833333333334,,49.9965625,17.75,278.2916666666667,333.29583333333335,244.95416666666665
2025-03-20 00:00:00+00:00,95.10291666666666,96.07125,93.9375,93.9375,-119.9736125,-72.91250000000001,799.6875,992.5708333333333,,49.992916666666666,-192.8791666666667,-72.8875,175.86666666666667,97.80416666666667
2025-03-21 00:00:00+00:00,109.85541666666667,94.33,109.85541666666667,109.85541666666667,-24.683337500000004,-239.54062916666666,754.7916666666666,1019.0166666666668,,50.000625,-264.22499999999997,-239.53333333333333,123.39583333333333,98.27083333333333
2025-03-22 00:00:00+00:00,6.490416666666667,0.5775,6.490416666666667,6.312083333333334,-176.86389166666666,-96.360425,558.0208333333334,831.2416666666667,,50.00163194444444,-273.2875,-96.36666666666667,169.89583333333334,249.85416666666666
2025-03-23 00:00:00+00:00,14.917083333333332,5.975833333333334,14.917083333333332,14.917083333333332,-169.0486,-9.162849999999997,600.4666666666667,778.6916666666666,,49.99288194444445,-178.20416666666665,-9.170833333333333,200.04999999999998,267.8541666666667
2025-03-24 00:00:00+00:00,120.81583333333333,12.485,120.81583333333333,120.81583333333333,-350.7378416666666,-13.064929166666667,604.425,968.2458333333334,,50.0,-363.80833333333334,-13.083333333333334,124.33333333333333,74.7625
2025-03-25 00:00:00+00:00,88.92791666666666,33.54333333333333,88.92791666666666,88.92791666666666,-350.1425791666666,77.88779166666667,681.7652173913044,960.6869565217391,,50.0141958041958,-278.96956521739133,71.21739130434783,228.93478260869566,68.11739130434783
2025-03-26 00:00:00+00:00,188.75166666666667,79.14708333333333,172.48791666666668,172.48791666666668,-322.47049166666665,-28.653125,574.9,926.0416666666666,,50.01184027777778,-351.1541666666667,-28.645833333333332,33.050000000000004,87.67083333333333
2025-03-27 00:00:00+00:00,88.78458333333333,3.0904166666666666,94.94541666666667,94.94541666666667,-294.75971666666663,167.46493333333333,710.6708333333332,838.0,,50.005069444444445,-127.27083333333333,167.4625,146.96666666666667,250.25416666666663
2025-03-28 00:00:00+00:00,109.83666666666666,3.2525,109.83666666666666,109.83666666666666,-348.4204916666667,28.72812083333333,631.7833333333333,951.4791666666666,,50.00270833333334,-319.75,28.729166666666668,276.59583333333336,47.74583333333334
2025-03-29 00:00:00+00:00,33.26166666666666,1.8983333333333334,34.52583333333333,34.52583333333333,-172.43507083333336,106.65174166666667,630.0500000000001,695.85,,50.002291666666665,-65.82083333333333,106.64166666666667,208.21666666666667,266.8958333333333
2025-03-30 00:00:00+00:00,114.40375,62.16416666666667,124.69124999999998,124.69124999999998,-322.71285,133.38159166666665,562.7666666666667,752.1374999999999,,50.006006944444444,-189.40833333333333,133.37083333333334,90.27083333333333,133.19166666666666
2025-03-31 00:00:00+00:00,260.30041666666665,116.00625000000001,305.3825,305.3825,-292.05695,337.3541666666667,770.9083333333333,725.6166666666667,,50.00618055555556,45.237500000000004,337.3666666666667,45.25416666666666,228.15833333333333
2025-04-01 00:00:00+00:00,145.53375,18.759166666666665,167.63208333333333,167.63208333333333,-240.90625,257.165275,771.3166666666666,755.0666666666666,,49.99302083333333,16.229166666666664,257.15833333333336,98.95833333333333,285.05
2025-04-02 00:00:00+00:00,67.50375,1.20875,67.72083333333333,67.72083333333333,-236.3411625,170.8234,716.6458333333334,782.1666666666666,,50.00118055555556,-65.47916666666667,170.8083333333333,151.57916666666668,249.22916666666666
2025-04-03 00:00:00+00:00,60.65708333333333,-1.6254166666666665,65.13875,65.13875,-273.9246541666667,167.65902916666667,670.9375,777.2083333333334,,50.00055555555556,-106.27499999999999,167.67499999999998,131.38333333333333,250.45000000000002
2025-04-04 00:00:00+00:00,44.03375,-0.25958333333333333,53.02,53.02,-285.67569166666664,125.57187916666668,705.0291666666667,865.1166666666667,,50.00215277777778,-160.11249999999998,125.58749999999999,256.7083333333333,208.9416666666667
2025-04-05 00:00:00+00:00,29.0675,22.365,29.0675,28.16,-22.409737500000002,-165.13438333333332,704.7958333333332,892.3625000000001,,50.00402777777778,-187.5041666666667,-165.13750000000002,300.21666666666664,112.18333333333334
2025-04-06 00:00:00+00:00,51.7925,46.16041666666666,51.7925,50.057500000000005,-20.244787499999997,-249.70659166666667,562.0916666666667,832.0666666666666,,50.003923611111105,-269.90833333333336,-249.72083333333333,86.49583333333334,234.6833333333333
2025-04-07 00:00:00+00:00,94.37916666666666,78.51375,94.37916666666666,94.37916666666666,-183.6097208333333,-158.0402875,594.4791666666666,936.1291666666666,,50.00170138888889,-341.66249999999997,-158.03333333333333,149.72916666666666,167.79999999999998
2025-04-08 00:00:00+00:00,88.08291666666666,39.700833333333335,91.38125000000001,91.38125000000001,-153.93854583333334,35.06180416666667,735.6041666666666,854.4875000000001,,50.0034375,-118.95,35.05833333333334,147.29999999999998,308.625
2025-04-09 00:00:00+00:00,28.831666666666667,1.4204166666666669,46.94625,46.94625,-290.0923625,198.89790833333333,885.025,976.2291666666666,,50.00302083333334,-91.22083333333335,198.92499999999998,353.5083333333334,98.08749999999999
2025-04-10 00:00:00+00:00,67.35958333333333,39.349583333333335,71.61,71.61,-128.04651666666666,53.16492083333333,853.7916666666666,928.6791666666667,,49.9975,-74.93333333333334,53.1875,221.9958333333333,234.6916666666667
2025-04-11 00:00:00+00:00,76.06916666666667,46.565,79.18458333333334,78.36,-129.43159166666666,-82.24999166666667,787.5124999999999,999.2125,,50.000972222222224,-211.77916666666667,-82.26666666666667,215.89583333333334,100.61666666666667
2025-04-12 00:00:00+00:00,59.66583333333333,3.5979166666666664,67.07416666666667,65.24291666666666,-290.92465833333335,20.61180416666667,644.0375,914.3583333333332,,50.002048611111114,-270.31666666666666,20.6125,164.72916666666666,56.604166666666664
2025-04-13 00:00:00+00:00,33.89666666666667,2.080416666666667,39.21416666666667,39.21416666666667,-152.31250416666666,123.82187499999999,717.8375,746.3375,,50.002604166666664,-28.55416666666667,123.8125,89.3625,281.6875
2025-04-14 00:00:00+00:00,43.04333333333333,4.165416666666666,70.13916666666667,70.13916666666667,-300.2451458333333,206.63229583333336,716.6416666666668,810.275,,50.00434027777778,-93.625,206.61249999999998,155.07083333333333,209.39166666666665
2025-04-15 00:00:00+00:00,38.77916666666667,23.465833333333332,46.58791666666667,46.58791666666667,0.1486124999999975,67.90486666666666,853.2291666666666,785.1916666666666,,50.00604166666667,68.03333333333335,67.91250000000001,88.77916666666665,304.5708333333333
2025-04-16 00:00:00+00:00,21.85083333333333,12.917916666666668,52.08583333333333,52.08583333333333,9.265975,145.68542083333332,923.6083333333332,768.6833333333334,,50.00017361111111,154.93333333333334,145.67083333333332,177.23749999999998,257.2375
2025-04-17 00:00:00+00:00,84.14666666666666,79.38958333333333,87.70083333333334,79.675,-91.35833333333333,-107.30485833333334,715.6875,914.3666666666667,,49.99854166666667,-198.65416666666667,-107.30416666666667,8.891666666666667,60.625
2025-04-18 00:00:00+00:00,52.88625,28.785833333333333,65.46541666666667,65.46541666666667,-227.5350791666667,82.6135375,545.2208333333333,690.1333333333333,,50.00378472222222,-144.9375,82.65833333333333,52.270833333333336,245.32500000000002
2025-04-19 00:00:00+00:00,70.52833333333334,48.24,70.52833333333334,70.52833333333334,-36.351387499999994,-147.07013750000002,538.0333333333333,721.4875000000001,,49.99857638888889,-183.4333333333333,-147.07916666666668,46.09166666666667,193.95416666666665
2025-04-20 00:00:00+00:00,69.62625,13.999583333333334,69.62625,69.56541666666666,-132.29375833333333,-148.17569583333332,456.4875,736.9458333333333,,50.006770833333334,-280.4916666666667,-148.15833333333333,54.637499999999996,123.83333333333333
2025-04-21 00:00:00+00:00,71.03458333333333,52.65708333333333,72.94625,72.94625,-66.19999999999999,-105.47812083333334,705.2666666666668,877.0124999999999,,50.004444444444445,-171.67083333333335,-105.50416666666666,41.59583333333333,151.476125
2025-04-22 00:00:00+00:00,149.67916666666667,189.13250000000002,145.7075,145.7075,97.61839583333334,-267.390275,736.8249999999999,906.6083333333332,,50.005451388888886,-169.71666666666667,-267.3916666666667,11.65,98.10416666666667
2025-04-23 00:00:00+00:00,101.12958333333334,81.61458333333333,117.87916666666666,117.87916666666666,-95.24791666666665,-60.14238333333333,771.5130434782608,928.795652173913,,50.0002787456446,-157.2391304347826,-44.08695652173913,19.065217391304348,95.25247826086955
2025-04-24 00:00:00+00:00,132.03666666666666,174.86166666666668,132.12,132.12,185.71215416666666,-244.5621541666667,886.7958333333332,945.6583333333333,,50.00010416666667,-58.90416666666667,-244.55416666666667,69.31666666666666,125.84583333333335
2025-04-25 00:00:00+00:00,101.43708333333335,83.46083333333333,85.8825,85.8825,-44.92916666666667,-141.0163125,692.0625,878.0083333333333,,50.00208333333333,-185.98333333333335,-141.0125,125.78333333333332,265.7625
2025-04-26 00:00:00+00:00,52.13583333333333,39.40375,52.13583333333333,49.68,64.802425,-218.37395416666666,675.0749999999999,828.6708333333332,,50.00215277777778,-153.5625,-218.375,141.92083333333332,228.975
2025-04-27 00:00:00+00:00,56.98499999999999,45.062083333333334,56.98499999999999,56.98499999999999,17.439583333333335,-180.89271250000002,652.8541666666666,816.3458333333333,,49.999652777777776,-163.54583333333332,-180.91666666666666,98.64166666666667,260.9166666666667
2025-04-28 00:00:00+00:00,66.04166666666667,48.14791666666667,66.04166666666667,49.51083333333333,-77.00729166666666,-201.33992916666668,604.9541666666667,883.3083333333334,,50.01184027777778,-278.4375,-201.34583333333333,343.0333333333333,163.37916666666666
2025-04-29 00:00:00+00:00,73.69041666666666,60.57749999999999,74.4075,64.7325,-81.03540416666667,-129.4885375,678.9875000000001,889.5291666666667,,50.00958333333333,-210.58333333333334,-129.5,306.08750000000003,199.37916666666663
2025-04-30 00:00:00+00:00,155.27,150.86166666666668,120.32916666666667,78.43708333333333,-76.46665833333334,-403.3395958333333,489.8541666666667,969.6833333333334,,50.00579861111111,-479.9041666666667,-403.34166666666664,113.46249999999999,75.16666666666667
2025-05-01 00:00:00+00:00,79.2775,8.31375,79.2775,78.45041666666667,-216.2066,-240.38402083333332,454.9791666666667,911.5875,,49.994618055555556,-456.6666666666667,-240.3791666666667,53.65416666666667,230.1625
2025-05-02 00:00:00+00:00,37.73875,1.2558333333333334,37.73875,37.71541666666666,-182.63402083333332,51.30346666666667,694.2083333333334,825.5291666666667,,50.002604166666664,-131.25,51.32500000000001,268.2583333333333,227.17499999999998
2025-05-03 00:00:00+00:00,40.55,1.0816666666666668,40.55,40.55,-229.4020875,194.53715,684.3833333333333,719.2541666666666,,50.003368055555555,-34.81666666666667,194.54166666666666,118.30833333333334,278.7583333333333
2025-05-04 00:00:00+00:00,50.788333333333334,1.7583333333333335,50.788333333333334,50.788333333333334,-350.43993333333333,159.74409583333332,546.1666666666666,736.8791666666666,,50.00447916666667,-190.72083333333333,159.75416666666666,127.57083333333333,199.35833333333335
2025-05-05 00:00:00+00:00,59.419999999999995,28.850416666666664,61.95291666666666,61.95291666666666,-309.6097125,257.6697791666667,815.8833333333333,867.7916666666666,,50.000451388888884,-51.958333333333336,257.675,259.71250000000003,243.79999999999998
2025-05-06 00:00:00+00:00,77.88791666666667,30.95041666666667,77.88791666666667,77.88791666666667,-328.2999958333333,76.3809,630.9958333333333,882.9291666666667,,49.99951388888889,-251.89583333333334,76.38333333333334,171.9958333333333,166.36666666666667
2025-05-07 00:00:00+00:00,99.11166666666666,79.425,99.11166666666666,99.11166666666666,-197.04886666666667,-15.648254166666666,670.0652173913044,890.1217391304348,,50.00170731707317,-220.1391304347826,-8.01304347826087,158.93478260869566,178.6304347826087
2025-05-08 00:00:00+00:00,109.74874999999999,99.36583333333334,109.74874999999999,109.74874999999999,-232.528475,-78.99861666666666,629.4333333333333,940.9708333333333,,50.00222222222222,-311.58750000000003,-78.98333333333333,85.39166666666667,169.29583333333332
2025-05-09 00:00:00+00:00,157.295,58.687916666666666,157.295,157.295,-332.35172916666664,43.27048333333334,603.7208333333333,892.8083333333334,,50.00239583333334,-289.07916666666665,43.262499999999996,32.762499999999996,208.54583333333335
2025-05-10 00:00:00+00:00,71.22875,30.08583333333333,71.22875,71.22875,-200.84200833333333,59.036454166666665,613.3125,755.1291666666666,,50.00465277777778,-141.8166666666667,59.03333333333334,74.94166666666666,310.5625
2025-05-11 00:00:00+00:00,62.94166666666666,23.247500000000002,62.94166666666666,62.94166666666666,-114.1187375,32.247575,622.3208333333333,704.2041666666668,,50.005625,-81.92083333333333,32.25416666666667,69.22500000000001,305.28333333333336
2025-05-12 00:00:00+00:00,88.74958333333332,47.91,88.74958333333332,88.74958333333332,-288.7121416666667,208.8767375,704.8458333333333,784.6916666666666,,50.00326388888889,-79.90416666666667,208.875,97.89999999999999,349.7375
2025-05-13 00:00:00+00:00,85.48375,13.522916666666667,85.48375,85.48375,-240.9631875,90.94653333333333,651.1708333333333,801.1916666666666,,50.00347222222222,-150.025,90.95416666666667,46.175000000000004,328.3333333333333
2025-05-14 00:00:00+00:00,91.54916666666666,-3.2533333333333334,91.54916666666666,91.54916666666666,-337.12117916666665,103.9493,619.1750000000001,852.3625000000001,,50.00604166666667,-233.17916666666667,103.94583333333333,129.0375,183.77916666666667
2025-05-15 00:00:00+00:00,55.65,0.4316666666666667,55.65,55.65,-333.8256875,162.79062083333335,686.7166666666667,857.7416666666667,,50.002291666666665,-171.15416666666667,162.80833333333334,226.23333333333335,177.20416666666665
2025-05-16 00:00:00+00:00,51.671666666666674,27.490416666666665,51.671666666666674,44.812916666666666,-245.46874583333332,-2.406941666666668,619.9291666666667,867.8166666666666,,49.99913194444444,-247.86666666666667,-2.4083333333333328,199.1875,136.15416666666667
2025-05-17 00:00:00+00:00,33.41708333333333,5.422916666666667,33.41708333333333,33.41708333333333,-257.1045125,155.0385375,664.5958333333333,766.6583333333333,,49.9953125,-102.07083333333333,155.04166666666666,132.32500000000002,253.58333333333334
2025-05-18 00:00:00+00:00,35.3675,5.090416666666667,35.3675,35.3675,-340.6197875,316.065625,705.6333333333333,730.2166666666667,,50.000138888888884,-24.595833333333335,316.0625,285.42083333333335,155.02083333333334
2025-05-19 00:00:00+00:00,65.095,16.36375,70.66166666666668,70.66166666666668,-314.06875833333334,285.23195,726.1458333333334,754.9708333333333,,50.00152777777778,-28.870833333333337,285.2625,158.63750000000002,366.24583333333334
2025-05-20 00:00:00+00:00,56.992916666666666,1.9954166666666666,56.992916666666666,56.992916666666666,-327.1402708333333,92.797925,582.5666666666667,816.9166666666666,,50.004618055555554,-234.4125,92.79166666666667,151.3375,333.21666666666664
2025-05-21 00:00:00+00:00,43.35791666666666,10.667916666666665,43.35791666666666,43.35791666666666,-229.98437083333332,-22.751383333333337,568.5,821.2583333333333,,50.00121527777778,-252.78750000000002,-22.750000000000004,103.64583333333333,310.32916666666665
2025-05-22 00:00:00+00:00,75.53583333333333,3.3695833333333334,75.56791666666668,75.56791666666668,-328.2475708333333,93.696175,553.9458333333333,788.5083333333333,,49.99993055555555,-234.55416666666667,93.67916666666667,125.73333333333333,276.52916666666664
2025-05-23 00:00:00+00:00,96.67541666666666,6.664166666666667,96.67541666666666,96.67541666666666,-342.4145833333334,-145.38297500000002,368.15000000000003,855.9583333333334,,50.00347222222222,-487.825,-145.37083333333334,40.770833333333336,116.74583333333334
2025-05-24 00:00:00+00:00,75.62458333333333,2.4983333333333335,75.62458333333333,75.62458333333333,-337.1864625,-118.93402916666666,339.30833333333334,795.4416666666666,,50.00541666666666,-456.15000000000003,-118.93333333333334,33.90416666666667,95.60416666666667
2025-05-25 00:00:00+00:00,23.010416666666668,1.78625,23.010416666666668,23.010416666666668,-80.0916625,-89.05694583333333,556.6458333333334,725.7958333333332,,49.997881944444444,-169.11666666666667,-89.02916666666665,61.458333333333336,242.59583333333333
2025-05-26 00:00:00+00:00,92.11041666666667,1.4679166666666665,92.11041666666667,92.11041666666667,-339.78193749999997,90.690975,571.9958333333333,821.1125000000001,,50.002743055555555,-249.1291666666667,90.7,61.758333333333326,228.82083333333333
2025-05-27 00:00:00+00:00,56.04833333333334,1.02375,56.04833333333334,56.04833333333334,-345.17202083333336,172.02590416666666,595.375,768.525,,50.00314685314685,-173.1625,172.0666666666667,39.375,310.2375
2025-05-28 00:00:00+00:00,89.96749999999999,3.1370833333333334,89.96749999999999,89.96749999999999,-348.7986125,241.43159583333332,627.9541666666667,735.3166666666666,,49.99805555555556,-107.37083333333334,241.4333333333333,62.862500000000004,319.2625
2025-05-29 00:00:00+00:00,66.92958333333333,34.924166666666665,66.92958333333333,66.92958333333333,-294.7888875,-78.6569375,454.0333333333333,827.5041666666666,,50.00326388888889,-373.5083333333334,-78.66666666666667,31.704166666666666,131.79166666666666
2025-05-30 00:00:00+00:00,20.984583333333333,13.063333333333333,20.984583333333333,20.984583333333333,-207.4513916666667,-27.5625,597.6083333333333,832.6333333333333,,50.00666666666667,-235.0666666666667,-27.558333333333337,76.5125,242.875
2025-05-31 00:00:00+00:00,44.440416666666664,0.5279166666666667,44.440416666666664,44.440416666666664,-165.75486666666666,125.73367916666666,665.7291666666666,705.7583333333333,,50.005625,-39.987500000000004,125.72916666666667,136.78333333333333,275.77500000000003
2025-06-01 00:00:00+00:00,28.117083333333337,0.60375,28.11916666666667,28.228333333333335,-149.3815875,111.01770833333335,692.8249999999999,731.1791666666667,,50.00902777777778,-38.40416666666667,111.02916666666668,110.0,297.6166666666667
2025-06-02 00:00:00+00:00,54.62916666666666,1.45875,54.62916666666666,54.62916666666666,-343.8430458333333,100.79582916666668,586.3458333333333,829.4166666666666,,50.00142361111111,-243.07916666666665,100.80416666666667,174.0375,122.3625
2025-06-03 00:00:00+00:00,67.295,47.44125,67.295,67.295,-104.68298750000001,-40.61908333333333,682.1625,827.475,,50.00302083333334,-145.32500000000002,-40.63333333333333,99.4875,294.0375
2025-06-04 00:00:00+00:00,45.98166666666666,7.765833333333333,50.92083333333334,50.92083333333334,-295.2263875,247.44409583333334,774.0291666666667,821.8125,,50.00125,-47.80416666666667,247.45000000000002,143.05416666666667,347.8458333333333
2025-06-05 00:00:00+00:00,83.49166666666666,0.3970833333333334,83.49166666666666,83.49166666666666,-348.0138833333333,119.06597916666665,555.8708333333333,784.8375,,49.99875,-228.95833333333334,119.07083333333333,133.725,171.98749999999998
2025-06-06 00:00:00+00:00,50.41375,7.204999999999999,50.41375,50.41375,-334.1194458333333,-3.8486124999999993,461.79583333333335,799.775,,50.00302083333334,-338.02916666666664,-3.8624999999999994,49.37916666666666,177.15416666666667
2025-06-07 00:00:00+00:00,31.42125,0.06083333333333333,31.42125,31.42125,-231.3284708333333,194.75555,705.1541666666667,741.75,,50.00420138888889,-36.5875,194.7541666666667,191.4375,230.70833333333334
2025-06-08 00:00:00+00:00,32.55125,2.93875,32.55125,32.55125,-155.153825,-36.338187500000004,545.5500000000001,737.0749999999999,,50.00586805555556,-191.50833333333333,-36.329166666666666,21.154166666666665,217.09583333333333
2025-06-09 00:00:00+00:00,96.665,78.02875,32.16583333333333,32.16583333333333,-25.311454166666675,-280.38229583333333,502.8333333333333,808.5208333333334,,50.00364583333333,-305.72499999999997,-280.3625,143.6625,98.44166666666666
2025-06-10 00:00:00+00:00,79.21458333333334,68.89375,79.21458333333334,79.21458333333334,-24.472912499999996,-136.45208333333332,622.3291666666667,783.2708333333334,,50.003923611111105,-160.98749999999998,-136.45416666666668,102.6875,262.25416666666666
2025-06-11 00:00:00+00:00,134.4125,119.02541666666667,134.4125,134.4125,-150.60590416666668,-181.48367916666666,464.3416666666667,796.4375,,50.004131944444445,-332.06666666666666,-181.47916666666666,58.5,144.94583333333333
2025-06-12 00:00:00+00:00,58.31375,20.51875,58.041666666666664,58.041666666666664,-271.72881666666666,-18.9187375,549.3041666666667,839.975,,50.00222222222222,-290.6458333333333,-18.912499999999998,199.96666666666667,119.7
2025-06-13 00:00:00+00:00,51.44833333333333,36.39333333333333,51.44833333333333,51.44833333333333,-128.82188333333332,76.79930833333334,709.65,761.6708333333332,,49.99666666666667,-52.0875,76.80833333333334,161.79999999999998,354.4583333333333
2025-06-14 00:00:00+00:00,34.33875,-1.2720833333333335,34.33875,34.33875,-161.07152499999998,23.706954166666673,627.1833333333333,764.5500000000001,,50.00128472222222,-137.31666666666666,23.708333333333332,56.375,282.3333333333333
2025-06-15 00:00:00+00:00,59.052083333333336,1.7945833333333334,59.052083333333336,59.052083333333336,-149.01944583333332,74.67811666666667,657.3083333333333,731.6625,,50.00628472222222,-74.34166666666667,74.69583333333334,66.99583333333334,309.4
2025-06-16 00:00:00+00:00,58.812916666666666,11.824166666666665,58.812916666666666,58.812916666666666,-247.3198,52.030204166666664,564.5416666666666,759.8458333333333,,50.006145833333335,-195.1291666666667,52.05833333333334,43.01666666666667,292.4291666666667
2025-06-17 00:00:00+00:00,43.45875,3.4475,43.45875,43.45875,-196.6197875,-77.02535,623.2416666666667,896.8833333333333,,50.003194444444446,-273.72083333333336,-77.01666666666667,165.85833333333332,123.84583333333332
2025-06-18 00:00:00+00:00,50.53708333333333,14.386666666666668,50.53708333333333,50.53708333333333,-261.4652791666667,101.56979583333333,636.5124999999999,797.2166666666667,,49.99003472222222,-160.725,101.575,206.92083333333335,193.89166666666668
2025-06-19 00:00:00+00:00,29.960833333333337,0.7195833333333334,35.56166666666667,35.56166666666667,-361.7052125,244.02778333333333,706.8291666666668,825.1916666666666,,49.999548611111116,-118.34166666666665,244.01250000000002,239.98333333333335,225.75
2025-06-20 00:00:00+00:00,7.9174999999999995,7.9175,25.474999999999998,25.474999999999998,-726.7020833333332,435.4007,593.9250000000001,886.2583333333333,,50.00277777777777,-292.3333333333333,435.3875,232.8125,197.84583333333333
2025-06-21 00:00:00+00:00,1.5841666666666665,1.5845833333333335,22.510416666666668,22.510416666666668,-515.9642416666667,174.64965833333335,460.2833333333333,802.3208333333333,,50.004131944444445,-342.0208333333333,174.65,133.06666666666666,155.3125
2025-06-22 00:00:00+00:00,12.192083333333334,12.192083333333334,12.885833333333332,12.885833333333332,-349.2923625,138.57222916666666,518.0583333333333,729.1875,,50.00309027777777,-211.15416666666667,138.55833333333334,137.00833333333333,230.86666666666667
2025-06-23 00:00:00+00:00,2.2237500000000003,2.2237500000000003,12.455416666666666,12.455416666666666,-537.7100791666667,354.6024375,476.0416666666667,660.0333333333333,,50.00253472222222,-183.96666666666667,354.5958333333333,152.10833333333332,225.72916666666666
2025-06-24 00:00:00+00:00,3.0525,3.0529166666666665,2.6558333333333333,2.6558333333333333,-176.88681250000002,-9.7197875,534.4083333333333,721.2125,,50.00111111111111,-186.8708333333333,-9.720833333333331,235.36249999999998,168.04583333333332
2025-06-25 00:00:00+00:00,2.8941666666666666,2.7054166666666664,28.914583333333336,28.914583333333336,-900.5684041666667,508.53298333333333,494.82916666666665,887.9666666666667,,49.99642361111111,-393.08750000000003,508.52500000000003,239.8125,94.82916666666667
2025-06-26 00:00:00+00:00,56.22541666666666,48.32333333333333,65.33583333333333,65.33583333333333,-653.3645791666667,426.6152875,573.65,801.2791666666667,,49.99767361111111,-227.64583333333334,426.62916666666666,115.12083333333334,347.3625
2025-06-27 00:00:00+00:00,54.71875,54.361250000000005,54.88125,54.88125,-649.5184041666666,256.30069583333335,395.0833333333333,789.25,,50.00170138888889,-394.15000000000003,256.29583333333335,73.79583333333333,219.77916666666667
2025-06-28 00:00:00+00:00,3.203333333333333,3.203333333333333,2.7762499999999997,2.7762499999999997,-170.81007916666667,-212.59062916666667,410.03749999999997,793.7375000000001,,50.00361111111111,-383.6875,-212.6,126.77499999999999,119.46666666666665
2025-06-29 00:00:00+00:00,-2.4233333333333333,-2.4229166666666666,-2.69375,-2.69375,-25.228470833333336,-259.6628416666667,544.8416666666667,829.7624999999999,,50.00423611111111,-284.95,-259.6666666666667,169.67083333333332,156.79583333333332
2025-06-30 00:00:00+00:00,2.6320833333333336,2.6320833333333336,27.731666666666666,27.731666666666666,-583.5774291666667,429.1704916666667,716.65,871.9833333333332,,49.998645833333335,-155.29166666666666,429.16249999999997,297.125,247.9333333333333
2025-07-01 00:00:00+00:00,27.942083333333333,27.942083333333333,46.899166666666666,46.899166666666666,-614.9649208333334,493.3833375,659.9083333333333,782.3874999999999,,50.00326388888889,-122.45,493.40000000000003,202.34166666666667,384.74583333333334
2025-07-02 00:00:00+00:00,47.80166666666667,39.8525,56.550000000000004,56.550000000000004,-731.3156291666668,439.0184,509.0708333333334,802.2958333333332,,50.012118055555554,-293.21250000000003,439.02916666666664,47.1625,365.45416666666665
2025-07-03 00:00:00+00:00,5.780833333333334,5.7575,11.484166666666667,11.46875,-539.6329791666667,282.4305541666667,577.875,835.7416666666667,,50.003680555555555,-257.90000000000003,282.4375,177.70833333333334,294.8666666666667
2025-07-04 00:00:00+00:00,4.070416666666667,3.9858333333333333,24.706666666666667,24.706666666666667,-683.0020833333333,441.60416250000003,634.8249999999999,877.2041666666668,,50.001354166666665,-242.40416666666667,441.59999999999997,200.70416666666665,256.3041666666667
2025-07-05 00:00:00+00:00,24.988333333333333,24.98875,22.245833333333334,18.465,-219.00520833333334,-102.3986125,423.09999999999997,744.7791666666667,,50.005,-321.71666666666664,-102.38333333333333,154.17083333333332,158.99583333333334
2025-07-06 00:00:00+00:00,18.18,7.887083333333333,27.32625,27.32625,-660.1015208333333,303.03551666666664,415.37083333333334,773.2916666666666,,50.00107638888889,-357.925,303.1458333333333,173.45000000000002,112.80416666666667
2025-07-07 00:00:00+00:00,61.60916666666666,47.004583333333336,78.66250000000001,78.66250000000001,-966.8201458333333,508.00660416666665,382.1166666666666,842.0375,,50.003923611111105,-459.9041666666667,507.99583333333334,77.21249999999999,186.69583333333333
2025-07-08 00:00:00+00:00,53.80291666666667,30.031666666666666,57.643750000000004,57.643750000000004,-994.9118083333333,474.36006249999997,363.85833333333335,885.5666666666667,,49.99822916666667,-521.6833333333333,474.3541666666667,109.16250000000001,118.08333333333333
2025-07-09 00:00:00+00:00,77.87666666666667,68.45958333333333,83.64874999999999,83.64874999999999,-931.7090333333334,564.2833375,449.7083333333333,818.3000000000001,,50.0040625,-368.6458333333333,564.2833333333333,104.89999999999999,253.92083333333335
2025-07-10 00:00:00+00:00,53.33083333333334,53.33083333333334,64.49208333333333,64.49208333333333,-835.9868083333334,592.1145833333334,602.6416666666667,847.6999999999999,,50.00416666666667,-245.09583333333333,592.1166666666667,346.52500000000003,96.97916666666667
2025-07-11 00:00:00+00:00,7.535416666666666,7.535833333333333,8.477916666666667,8.477916666666667,-845.5413208333333,524.8309,486.55833333333334,808.4708333333333,,50.00128472222222,-321.8958333333333,524.85,156.30416666666667,182.78333333333333
2025-07-12 00:00:00+00:00,10.3375,5.327916666666667,10.213333333333333,10.940833333333332,-473.87326666666667,125.3562375,368.87916666666666,718.0541666666667,,50.00239583333334,-349.23333333333335,125.34999999999998,22.079166666666666,196.3375
2025-07-13 00:00:00+00:00,15.118749999999999,14.1625,16.465,19.75875,-666.2246541666667,335.71737083333335,328.325,659.7666666666667,,50.00385416666667,-331.37916666666666,335.72083333333336,28.058333333333334,195.10416666666666
2025-07-14 00:00:00+00:00,35.5325,20.27875,41.17625,42.02791666666666,-926.3677083333333,552.859375,359.7208333333333,734.4375,,49.99892361111111,-374.68333333333334,552.8375,12.441666666666668,199.775
2025-07-15 00:00:00+00:00,54.45666666666667,31.478333333333335,59.20666666666667,59.20666666666667,-958.7045125,541.6111041666667,342.47499999999997,760.7041666666668,,50.00083333333333,-418.2083333333333,541.6333333333333,40.09166666666667,179.47916666666666
2025-07-16 00:00:00+00:00,48.79416666666666,11.093333333333334,82.46041666666666,82.46041666666666,-914.0920124999999,539.8305541666667,403.4875,778.9041666666667,,49.999340277777776,-375.47499999999997,539.8375,60.550000000000004,272.90416666666664
2025-07-17 00:00:00+00:00,39.87916666666667,11.15375,59.643750000000004,59.643750000000004,-862.2472166666666,567.665625,473.16249999999997,768.9375,,49.99784722222222,-295.82916666666665,567.6833333333333,63.92083333333333,350.5291666666667
2025-07-18 00:00:00+00:00,35.07041666666667,16.25875,57.94208333333333,57.94208333333333,-838.1152833333334,565.9388916666667,492.90000000000003,766.2125,,50.004305555555554,-273.325,565.9375,84.09166666666667,343.03333333333336
2025-07-19 00:00:00+00:00,24.820833333333336,19.748749999999998,29.3475,33.34041666666666,-692.0916708333334,480.4267291666667,456.9041666666667,669.5124999999999,,50.00409722222222,-212.59583333333333,480.4291666666666,71.625,339.6958333333333
2025-07-20 00:00:00+00:00,28.587500000000002,15.951666666666668,36.42625,36.42625,-783.0680666666667,509.50763333333333,432.8625,707.4708333333333,,50.00170138888889,-274.62916666666666,509.5125,107.67083333333333,236.79166666666666
2025-07-21 00:00:00+00:00,50.98583333333334,30.368333333333336,51.647083333333335,51.647083333333335,-863.4076458333334,494.68507500000004,417.3458333333333,787.2166666666667,,49.999652777777776,-369.9083333333333,494.68333333333334,87.45416666666667,250.0041666666667
2025-07-22 00:00:00+00:00,40.606249999999996,23.70375,40.51208333333333,40.51208333333333,-634.0520916666667,178.4829875,336.09583333333336,792.4708333333333,,49.99552083333333,-456.35833333333335,178.475,74.45833333333333,198.98333333333335
2025-07-23 00:00:00+00:00,54.85,25.943749999999998,54.85958333333334,54.85958333333334,-834.2083375000001,400.6291708333333,384.7416666666666,819.4250000000001,,49.99868055555556,-434.6875,400.6375,39.7125,249.61249999999998
2025-07-24 00:00:00+00:00,74.58875,34.401666666666664,83.0725,83.0725,-911.4868041666667,461.98715416666664,369.91249999999997,820.6,,50.00631944444444,-450.69166666666666,461.98333333333335,19.904166666666665,249.79999999999998
2025-07-25 00:00:00+00:00,52.71791666666667,18.474999999999998,65.71541666666667,65.71541666666667,-873.1281208333334,474.9468875,385.03749999999997,784.4166666666666,,50.007534722222225,-399.43333333333334,474.9666666666667,5.841666666666666,308.59583333333336
2025-07-26 00:00:00+00:00,29.029583333333335,25.497500000000002,40.962916666666665,40.962916666666665,-771.6500083333334,501.3538208333334,421.7416666666666,693.1583333333333,,50.0003125,-271.49583333333334,501.3541666666667,12.408333333333333,294.45416666666665
2025-07-27 00:00:00+00:00,38.79291666666666,25.487916666666667,58.560833333333335,58.560833333333335,-790.0447875,502.93819583333334,416.9375,705.1625,,50.00263888888889,-288.28749999999997,502.9291666666666,22.916666666666668,263.6041666666667
2025-07-28 00:00:00+00:00,32.11208333333334,31.84583333333333,54.05375,54.05375,-866.9416666666666,545.2940958333334,444.47499999999997,767.2624999999999,,50.00378472222222,-322.77500000000003,545.2958333333333,81.69166666666666,269.4583333333333
2025-07-29 00:00:00+00:00,10.464166666666667,10.419583333333334,14.438749999999999,14.438749999999999,-835.3982541666666,463.1003458333334,480.69166666666666,854.1,,50.000347222222224,-373.4708333333333,463.0916666666667,165.15833333333333,154.37083333333334
2025-07-30 00:00:00+00:00,32.56458333333333,31.154583333333335,36.6375,36.6375,-730.8423625,389.0430541666667,430.8958333333333,773.6999999999999,,50.001562500000006,-342.80833333333334,389.04583333333335,75.325,276.2291666666667
2025-07-31 00:00:00+00:00,54.08708333333333,30.034166666666668,58.102916666666665,58.102916666666665,-913.0117958333334,415.4975708333333,389.20416666666665,887.9041666666667,,49.99722222222223,-498.7083333333333,415.50416666666666,48.770833333333336,224.22083333333333
2025-08-01 00:00:00+00:00,90.53875,17.82708333333333,93.68583333333333,93.68583333333333,-973.9159541666667,398.3121458333333,280.15000000000003,857.025,,50.01184027777778,-576.8874999999999,398.31666666666666,45.81666666666666,112.49166666666667
2025-08-02 00:00:00+00:00,46.52541666666667,11.676250000000001,63.70916666666667,63.70916666666667,-740.4208416666667,436.38784583333336,417.77500000000003,722.8583333333332,,50.01152777777778,-305.01666666666665,436.3875,39.829166666666666,283.71250000000003
2025-08-03 00:00:00+00:00,28.881666666666664,12.467500000000001,38.80833333333333,38.80833333333333,-593.9381958333333,248.55695,393.4291666666666,739.6041666666666,,50.00246527777777,-346.2,248.57083333333333,43.487500000000004,258.03333333333336
2025-08-04 00:00:00+00:00,35.940000000000005,3.9404166666666662,65.68041666666666,65.68041666666666,-882.4604166666667,419.8757,403.12916666666666,866.9291666666667,,50.00145833333333,-463.79583333333335,419.87916666666666,67.00833333333334,252.77499999999998
2025-08-05 00:00:00+00:00,5.853333333333333,0.7525,5.853333333333333,5.853333333333333,-786.3249916666667,313.86805833333335,406.2166666666667,879.8041666666667,,49.999340277777776,-473.5958333333333,313.8666666666667,110.56666666666666,167.60416666666666
2025-08-06 00:00:00+00:00,2.6599999999999997,0.34791666666666665,2.6675,2.6675,-770.7458416666667,371.3857666666667,491.3416666666667,891.8125,,50.00208333333333,-400.5541666666666,371.40000000000003,139.56666666666666,201.15416666666667
2025-08-07 00:00:00+00:00,31.833333333333332,3.41625,33.307916666666664,33.307916666666664,-899.1489541666666,511.86563333333334,454.0125,842.4875000000001,,50.00170138888889,-388.50416666666666,511.86666666666673,96.32916666666667,247.76666666666665
2025-08-08 00:00:00+00:00,77.53125,60.43833333333333,77.53125,77.53125,-786.9364583333332,319.6895875,331.84583333333336,800.1958333333333,,49.999722222222225,-468.3458333333333,319.68333333333334,50.7125,183.475
2025-08-09 00:00:00+00:00,44.32041666666667,18.130416666666665,50.21791666666667,50.21791666666667,-649.463875,328.3454791666667,399.96250000000003,721.9416666666666,,50.0003125,-321.9916666666667,328.33750000000003,33.125,261.05
2025-08-10 00:00:00+00:00,22.970416666666665,18.1275,26.69083333333333,26.69083333333333,-600.5666708333333,245.16493333333335,371.2083333333333,727.4541666666668,,50.002916666666664,-356.29583333333335,245.1875,51.12083333333334,213.29166666666666
2025-08-11 00:00:00+00:00,75.66083333333333,64.315,76.39916666666666,76.39916666666666,-356.48854166666666,95.58368333333334,524.5916666666667,786.0124999999999,,50.00277777777777,-261.425,95.59583333333335,124.54583333333333,318.2416666666667
2025-08-12 00:00:00+00:00,106.14083333333333,98.36,95.22500000000001,95.22500000000001,-474.39790833333336,118.93714166666666,462.2208333333333,818.2541666666666,,50.00038194444445,-356.0708333333334,118.94166666666666,118.79166666666667,224.0625
2025-08-13 00:00:00+00:00,114.54791666666667,104.3925,115.32791666666667,115.32791666666667,-663.6864666666667,307.05069583333335,469.9291666666666,827.4916666666667,,50.00069444444445,-357.5541666666666,307.04583333333335,50.291666666666664,288.90833333333336
2025-08-14 00:00:00+00:00,117.87041666666666,77.3025,116.41041666666666,116.41041666666666,-501.6586875,94.87395833333333,438.1791666666666,845.5541666666667,,50.00083333333333,-407.3416666666667,94.86666666666667,12.362499999999999,288.9291666666667
2025-08-15 00:00:00+00:00,54.31375,2.689583333333333,70.67875,70.67875,-916.5378458333333,580.3229166666666,492.7166666666667,830.1125000000001,,50.001979166666665,-337.40416666666664,580.3291666666667,156.57916666666668,254.7458333333333
2025-08-16 00:00:00+00:00,12.465416666666668,3.29625,45.67666666666667,45.67666666666667,-662.4111125000001,452.2017333333333,550.3166666666667,761.4208333333332,,50.00152777777778,-211.07500000000002,452.1958333333334,213.52083333333334,226.5583333333333
2025-08-17 00:00:00+00:00,38.464166666666664,3.39875,50.971666666666664,50.971666666666664,-888.1041708333333,599.6729166666667,444.1166666666666,733.6833333333334,,50.005520833333335,-289.54583333333335,599.6541666666667,127.29166666666667,209.6875
2025-08-18 00:00:00+00:00,95.66208333333333,71.16541666666667,111.94125000000001,111.94125000000001,-690.1024291666666,200.59895833333334,418.2708333333333,908.7416666666667,,50.00128472222222,-490.5416666666667,200.6,97.34583333333335,130.17499999999998
2025-08-19 00:00:00+00:00,52.043749999999996,17.060416666666665,78.70833333333333,78.70833333333333,-910.121525,449.09305,391.34999999999997,853.5625,,50.00149305555556,-462.2375,449.0958333333333,98.72500000000001,187.875
2025-08-20 00:00:00+00:00,110.65375,50.29083333333333,119.78958333333333,119.78958333333333,-702.3534708333333,418.48333333333335,457.87083333333334,742.8583333333332,,50.00309027777777,-284.90833333333336,418.4875,76.9375,270.1875
2025-08-21 00:00:00+00:00,145.96791666666667,146.01208333333332,138.48625,138.48625,-317.8381875,-167.91284166666665,364.45,850.6875,,49.999965277777775,-486.2208333333333,-167.92083333333332,11.375,214.8791666666667
2025-08-22 00:00:00+00:00,207.23916666666665,207.34166666666667,131.68333333333334,131.68333333333334,-181.41250416666665,-293.04930833333333,315.84583333333336,790.6416666666668,,50.0025,-474.78749999999997,-293.04583333333335,10.108333333333333,186.45833333333334
2025-08-23 00:00:00+00:00,82.33416666666666,82.33708333333333,70.04708333333333,69.21625,-230.78818750000002,-259.5395916666667,288.675,779.4166666666666,,50.015,-490.72499999999997,-259.54583333333335,21.616666666666664,140.29999999999998
2025-08-24 00:00:00+00:00,60.3375,58.343333333333334,67.77833333333334,67.19875,-437.1142375,25.89549166666666,322.22499999999997,734.0749999999999,,50.013020833333336,-411.8333333333333,25.899999999999995,62.7875,177.17499999999998
2025-08-25 00:00:00+00:00,80.33166666666666,38.972500000000004,85.50083333333333,85.50083333333333,-603.3802083333334,134.75624583333334,415.67083333333335,885.3041666666667,,50.002048611111114,-469.62083333333334,134.75,167.475,132.73333333333332
2025-08-26 00:00:00+00:00,113.82,98.98,113.68166666666667,113.68166666666667,-436.59409166666666,14.053475,452.94166666666666,876.3291666666668,,49.993784722222216,-423.3666666666666,14.041666666666666,113.47083333333335,198.27083333333334
2025-08-27 00:00:00+00:00,109.00333333333333,89.53791666666666,109.00333333333333,109.00333333333333,-603.797225,190.56007083333336,439.83750000000003,854.1833333333334,,50.00496527777778,-414.45,190.54999999999998,127.5125,221.7541666666667
2025-08-28 00:00:00+00:00,139.16666666666666,129.45374999999999,139.16666666666666,139.16666666666666,-466.6843833333333,-7.696183333333331,388.0916666666667,863.3291666666668,,50.00239583333334,-475.2833333333333,-7.695833333333334,69.01666666666667,199.45416666666665
2025-08-29 00:00:00+00:00,112.25833333333333,85.33999999999999,111.90499999999999,107.37583333333333,-405.64445,-132.65659583333334,390.21250000000003,929.225,,50.00163194444444,-538.9875000000001,-132.67499999999998,189.69583333333333,45.84583333333333
2025-08-30 00:00:00+00:00,82.76291666666667,53.51833333333334,82.76291666666667,82.76291666666667,-874.4499999999999,332.2493083333333,316.6166666666667,859.9541666666668,,50.00114583333333,-543.2875,332.25,76.44166666666666,57.395833333333336
2025-08-31 00:00:00+00:00,97.88125000000001,93.43958333333335,97.88125000000001,97.88125000000001,-713.1451375,181.7670125,276.2416666666667,808.7666666666668,,50.00666666666667,-532.525,181.75,48.09166666666667,66.14166666666667
2025-09-01 00:00:00+00:00,119.28750000000001,103.90708333333333,115.76333333333334,115.76333333333334,-482.7569416666667,-129.63923333333335,294.92083333333335,908.1916666666666,,50.001041666666666,-613.3166666666667,-129.63750000000002,16.879166666666666,106.24583333333334
2025-09-02 00:00:00+00:00,126.52875,49.727916666666665,126.52875,126.52875,-565.0218791666667,17.60764166666667,434.7,983.1875,,50.00524305555555,-548.4875000000001,17.625,93.075,118.64999999999999
2025-09-03 00:00:00+00:00,103.59916666666668,5.0625,103.59916666666668,103.59916666666668,-646.7196625,260.16765416666664,495.7391304347826,891.7391304347826,,50.001742160278745,-396.0217391304348,251.7695652173913,122.3608695652174,176.39565217391305
2025-09-04 00:00:00+00:00,124.37375000000002,9.79875,124.37375000000002,124.37375000000002,-637.0208333333334,185.25139166666668,466.7583333333334,919.6999999999999,,50.002916666666664,-452.9291666666666,185.25833333333333,6.616666666666667,152.49583333333334
2025-09-05 00:00:00+00:00,110.91166666666668,31.795416666666668,110.93374999999999,110.93374999999999,-604.7993,295.6048625,512.0708333333333,822.3541666666666,,49.99982638888889,-310.3125,295.6125,52.72083333333333,247.86249999999998
2025-09-06 00:00:00+00:00,85.90249999999999,22.633750000000003,85.90249999999999,85.90249999999999,-512.6569416666667,262.5916625,503.6875,754.6708333333332,,50.0040625,-251.04999999999998,262.58750000000003,47.262499999999996,216.77916666666667
2025-09-07 00:00:00+00:00,73.75916666666667,16.81625,73.75916666666667,73.75916666666667,-491.4552125,195.27569583333334,497.7083333333333,794.8333333333334,,50.00145833333333,-297.05,195.27083333333334,28.97083333333333,185.875
2025-09-08 00:00:00+00:00,134.58458333333334,109.03166666666665,134.07375,134.07375,-282.40520833333335,21.505550000000003,553.8916666666667,815.3874999999999,,50.001562500000006,-261.48333333333335,21.5125,37.016666666666666,280.2916666666667
2025-09-09 00:00:00+00:00,131.86333333333332,107.54916666666666,131.86333333333332,131.86333333333332,-374.21249166666666,84.22986666666667,560.9416666666667,851.6208333333334,,50.0025,-290.73333333333335,84.22083333333333,46.8375,237.9416666666667
2025-09-10 00:00:00+00:00,92.50875,59.60583333333333,92.50875,92.50875,-506.5180541666667,306.24167083333333,590.9291666666667,792.1291666666666,,50.00225694444444,-201.1916666666667,306.22499999999997,147.57500000000002,260.85833333333335
2025-09-11 00:00:00+00:00,42.66,5.258333333333334,45.71125,45.71125,-616.3677,529.35555,695.8583333333332,784.0166666666668,,50.000972222222224,-88.23333333333333,529.3666666666667,277.33750000000003,248.84583333333333
2025-09-12 00:00:00+00:00,112.43208333333332,3.14625,112.7325,112.7325,-649.4326291666666,427.95728333333335,618.8541666666666,841.4916666666667,,50.001805555555556,-222.60416666666666,427.9375,277.97499999999997,80.05
2025-09-13 00:00:00+00:00,75.66958333333334,11.424166666666666,76.08458333333333,76.08458333333333,-598.1152875,322.2434,473.82916666666665,750.7875,,50.000659722222224,-276.925,322.2375,86.4875,140.8625
2025-09-14 00:00:00+00:00,58.504999999999995,37.38041666666667,58.504999999999995,58.504999999999995,-534.053825,286.0868125,475.55,724.5166666666668,,50.00152777777778,-248.95416666666665,286.09166666666664,131.27916666666667,121.39999999999999
2025-09-15 00:00:00+00:00,69.25875,8.338333333333333,69.25875,69.25875,-647.4791541666667,295.02292083333333,528.4416666666667,882.0166666666668,,50.001041666666666,-353.5708333333334,295.03333333333336,235.01666666666665,51.61666666666667
2025-09-16 00:00:00+00:00,45.17291666666667,17.271666666666665,45.971666666666664,45.971666666666664,-637.7687374999999,341.4534708333333,568.9791666666666,866.5,,50.00208333333333,-297.49583333333334,341.4458333333334,259.5166666666667,108.83333333333333
2025-09-17 00:00:00+00:00,74.22416666666666,70.0325,74.45791666666666,74.45791666666666,-342.3784666666666,147.533675,623.4666666666667,818.9875000000001,,50.00628472222222,-195.4958333333333,147.53333333333333,277.8625,164.80833333333334
2025-09-18 00:00:00+00:00,81.57000000000001,73.45333333333333,79.90583333333333,79.90583333333333,-197.8802125,-175.53993333333335,474.5958333333333,848.3666666666667,,50.00385416666667,-373.7416666666666,-175.52916666666667,148.60833333333332,118.82083333333333
2025-09-19 00:00:00+00:00,102.9775,102.28666666666668,86.54124999999999,82.14166666666667,-78.47639166666666,-196.5857625,542.6041666666666,817.9666666666667,,50.003923611111105,-275.32916666666665,-196.5875,203.5,152.1
2025-09-20 00:00:00+00:00,11.725833333333334,7.7025,11.867083333333333,11.850416666666666,-817.2121583333333,293.29791666666665,308.8125,833.7458333333334,,50.002361111111114,-524.9416666666667,293.2916666666667,140.00833333333333,46.04583333333333
2025-09-21 00:00:00+00:00,4.66625,0.9066666666666667,4.9870833333333335,4.912916666666667,-533.714925,86.53334166666667,323.825,771.8291666666668,,50.006145833333335,-448.00416666666666,86.53750000000001,126.37916666666666,105.25416666666666
2025-09-22 00:00:00+00:00,47.57416666666666,3.171666666666667,52.815,52.815,-973.3704875,563.8083416666667,477.40000000000003,888.1208333333334,,49.992152777777775,-410.7083333333333,563.7958333333333,246.1916666666667,114.20833333333333
2025-09-23 00:00:00+00:00,46.76125,12.214166666666666,65.7525,65.7525,-930.2649291666667,525.7583333333333,449.8333333333333,855.3958333333334,,50.000729166666666,-405.5416666666667,525.7375000000001,189.1,177.6291666666667
2025-09-24 00:00:00+00:00,62.11708333333333,48.544999999999995,83.49875,83.49875,-866.5836666666668,464.73679999999996,388.51666666666665,791.375,,50.00114583333333,-402.875,464.74583333333334,135.65,227.82083333333333
2025-09-25 00:00:00+00:00,103.59833333333334,51.35333333333333,107.59500000000001,107.59500000000001,-965.4822875,412.2045166666667,293.2083333333333,847.5708333333333,,49.998263888888886,-554.3125,412.20416666666665,48.05833333333334,180.8791666666667
2025-09-26 00:00:00+00:00,112.70791666666668,64.23458333333333,123.59875,123.59875,-820.7930583333333,352.3368041666667,380.28749999999997,849.7375000000001,,50.00013888888889,-469.4291666666666,352.3333333333333,80.30833333333334,186.37916666666663
2025-09-27 00:00:00+00:00,86.57166666666667,86.57083333333334,92.61458333333333,92.61458333333333,-501.278475,270.20069166666667,437.12916666666666,668.9375,,50.00190972222222,-231.8125,270.2083333333333,87.25,200.14583333333334
2025-09-28 00:00:00+00:00,30.96166666666667,23.015416666666667,36.505,36.505,-707.3611166666666,436.5309041666667,475.90833333333336,747.6583333333333,,49.99979166666667,-271.76666666666665,436.54583333333335,106.22083333333335,164.13750000000002
2025-09-29 00:00:00+00:00,58.03583333333333,30.87291666666667,84.79958333333333,84.79958333333333,-887.6114541666667,597.8812583333333,504.6875,795.4250000000001,,49.99868055555556,-290.7416666666667,597.8874999999999,115.65416666666665,256.925
2025-09-30 00:00:00+00:00,99.07733333333334,65.111,106.47333333333333,106.47333333333333,-896.6583291666666,444.60936250000003,471.5125,924.5124999999999,,49.99927083333333,-453.0083333333334,444.5958333333333,41.112500000000004,112.33939393939393
2025-10-01 00:00:00+00:00,124.24708333333332,97.78885416666667,125.27666666666666,125.27666666666666,-725.9444458333334,333.0427041666667,435.3458333333333,829.0500000000001,,50.01052083333334,-393.7083333333333,333.05833333333334,45.94166666666666,246.63750000000002
2025-10-02 00:00:00+00:00,108.98666666666666,75.234375,116.19125000000001,116.19125000000001,-813.0628166666667,402.86370416666665,495.15000000000003,906.1999999999999,,50.00541666666666,-411.1041666666667,402.875,105.8625,185.90833333333333
2025-10-03 00:00:00+00:00,124.55822916666666,15.7815625,138.1621875,138.1621875,-912.6395875,430.264575,421.5,904.8625000000001,,49.99746527777778,-483.39166666666665,430.26666666666665,34.525,215.40416666666667
2025-10-04 00:00:00+00:00,6.26875,0.8917708333333333,7.042291666666666,7.042291666666666,-857.5319583333334,360.9441,429.76666666666665,927.2624999999999,,49.99975694444444,-497.5416666666667,360.96250000000003,89.60000000000001,74.57083333333334
2025-10-05 00:00:00+00:00,7.68875,2.6992708333333333,11.6121875,11.6121875,-935.9441,485.4444458333333,408.8666666666666,860.3791666666666,,49.999027777777776,-451.4791666666667,485.43333333333334,99.5,94.51666666666667
2025-10-06 00:00:00+00:00,132.25135416666666,118.08854166666667,148.94604166666667,148.94604166666667,-909.0642458333333,607.6635333333334,607.5166666666667,909.9625,,49.996076388888895,-302.45,607.6583333333333,76.64999999999999,86.99583333333334
2025-10-07 00:00:00+00:00,175.62,69.25010416666667,291.85791666666665,291.85791666666665,-940.0979208333333,663.9243083333333,611.4583333333334,888.7125,,50.006875,-277.23333333333335,663.9166666666666,67.23333333333333,100.15833333333332
2025-10-08 00:00:00+00:00,67.43416666666667,38.17635416666666,110.57333333333334,110.57333333333334,-873.6382,702.6253375,650.2041666666667,822.1750000000001,,50.00802083333333,-171.9625,702.6583333333333,256.3666666666667,147.64583333333334
2025-10-09 00:00:00+00:00,130.60885416666667,42.27760416666667,135.48197916666666,135.48197916666666,-991.5125041666666,632.304175,566.9250000000001,927.1166666666667,,50.01166666666667,-360.25,632.3041666666667,113.94583333333333,45.125
2025-10-10 00:00:00+00:00,91.34322916666667,14.959270833333333,122.01729166666667,122.01729166666667,-987.0041500000001,638.7388958333333,574.1208333333333,923.3958333333334,,50.0,-349.2625,638.7291666666666,126.85000000000001,86.27916666666665
2025-10-11 00:00:00+00:00,4.506770833333333,1.1648958333333332,56.2328125,56.2328125,-900.0541666666667,532.7503375,473.2291666666667,841.5916666666667,,49.999722222222225,-368.31666666666666,532.7375000000001,147.46666666666667,108.68333333333334
2025-10-12 00:00:00+00:00,5.170625,0.9726041666666667,18.079895833333335,18.079895833333335,-971.2104083333334,505.5941041666667,440.0833333333333,906.7166666666667,,49.99913194444444,-466.575,505.60833333333335,179.09583333333333,57.6875
2025-10-13 00:00:00+00:00,71.76135416666666,71.3340625,115.3278125,115.3278125,-696.8482625,316.7972208333333,611.4125,992.2916666666666,,49.998333333333335,-380.8666666666666,316.8,263.425,46.53333333333333
2025-10-14 00:00:00+00:00,195.41395833333334,195.04958333333332,200.84697916666667,200.84697916666667,-739.9972166666666,304.2927041666667,534.0416666666666,970.6041666666666,,49.998194444444444,-436.62083333333334,304.29583333333335,109.95833333333333,45.987500000000004
2025-10-15 00:00:00+00:00,128.731875,82.55375,141.2803125,141.2803125,-980.235075,491.59930833333334,452.2291666666667,941.8874999999999,,50.00854166666667,-489.6958333333334,491.59999999999997,90.18333333333334,71.325
2025-10-16 00:00:00+00:00,78.33874999999999,14.734270833333333,106.72864583333335,106.72864583333335,-982.8711875,533.927425,568.1958333333333,1018.1708333333332,,50.006458333333335,-450.01666666666665,533.9333333333333,150.2875,39.93333333333333
2025-10-17 00:00:00+00:00,134.725,133.62770833333335,143.74010416666667,143.74010416666667,-473.72881666666666,141.47464583333334,578.3249999999999,911.2666666666668,,49.99854166666667,-332.9166666666667,141.46666666666667,11.791666666666666,143.63750000000002
2025-10-18 00:00:00+00:00,71.32447916666666,35.575833333333335,79.77208333333333,79.77208333333333,-871.0447875,427.4121583333333,384.7583333333334,829.3666666666667,,49.99850694444444,-444.57916666666665,427.4166666666667,12.125,136.33333333333334
2025-10-19 00:00:00+00:00,83.86916666666666,7.3933333333333335,124.34354166666667,124.34354166666667,-947.2881916666666,584.0114583333333,438.3625,802.5291666666667,,50.00138888888889,-364.125,584.0124999999999,65.39583333333333,128.58333333333334
2025-10-20 00:00:00+00:00,167.69239583333334,61.15197916666667,167.69239583333334,167.69239583333334,-647.6812416666667,195.9770875,463.00416666666666,915.3708333333334,,49.99909722222222,-452.37083333333334,195.975,104.8875,71.34166666666667
2025-10-21 00:00:00+00:00,25.9159375,10.477604166666667,27.161041666666666,27.161041666666666,-725.4434041666667,357.952775,550.8333333333334,919.0583333333334,,50.00611111111111,-368.19166666666666,357.97499999999997,182.07500000000002,127.67083333333333
2025-10-22 00:00:00+00:00,76.7325,10.265416666666667,85.44322916666665,85.44322916666665,-772.9322958333333,483.12465,644.2583333333333,934.8583333333332,,50.00902777777778,-290.575,483.125,300.40416666666664,89.62916666666666
2025-10-23 00:00:00+00:00,101.55791666666666,42.50604166666667,104.71572916666666,104.71572916666666,-769.5052125000001,308.62604166666665,522.8583333333333,984.5,,49.99753472222223,-461.6333333333334,308.6166666666667,175.26250000000002,20.6375
2025-10-24 00:00:00+00:00,88.98312499999999,63.14364583333333,88.98312499999999,88.98312499999999,-708.2166625,192.76077083333334,443.95,960.1625,,50.00895833333333,-516.2125,192.75,113.2625,19.245833333333334
2025-10-25 00:00:00+00:00,38.0540625,4.171666666666667,38.0540625,38.0540625,-768.1305583333333,346.5642375,426.6041666666667,848.9958333333334,,50.00020833333333,-422.42083333333335,346.56666666666666,120.31666666666666,15.295833333333334
2025-10-26 00:00:00+00:00,45.1721875,7.0753125,45.1721875,45.1721875,-761.9527791666666,309.23819166666664,395.12916666666666,848.6791666666667,,50.000277777777775,-453.52500000000003,309.2291666666667,92.3,20.125
2025-10-27 00:00:00+00:00,129.66375,42.70552083333333,130.68875,130.68875,-760.9635291666667,343.66215000000005,542.8000000000001,960.9333333333334,,50.0,-418.0916666666667,343.6583333333333,83.27083333333333,30.958333333333332
2025-10-28 00:00:00+00:00,105.38604166666666,66.8,107.1321875,107.1321875,-768.7298708333333,392.7520875,591.6166666666667,968.3874999999999,,50.00114583333333,-376.7208333333333,392.73333333333335,107.8875,29.9375
2025-10-29 00:00:00+00:00,118.43645833333333,90.45291666666667,118.77875,118.77875,-742.065275,332.0531291666667,544.2375000000001,955.0166666666668,,49.9975,-410.71250000000003,332.05,59.67083333333333,43.75833333333333
2025-10-30 00:00:00+00:00,60.47291666666666,39.6315625,69.62979166666666,69.62979166666666,-774.092025,350.61735833333336,564.6374999999999,988.85,,49.998958333333334,-424.2083333333333,350.625,160.48749999999998,20.412499999999998
2025-10-31 00:00:00+00:00,79.62833333333333,62.5334375,80.64239583333334,80.64239583333334,-904.4788125,313.3784625,363.49583333333334,955.6083333333332,,49.999583333333334,-592.0708333333333,313.37916666666666,48.175000000000004,16.003125
2025-11-01 00:00:00+00:00,66.29927083333332,49.55052083333334,66.97645833333333,66.97645833333333,-944.9107708333332,405.1465333333333,332.8875,873.6583333333333,,50.011006944444446,-540.8083333333333,405.1791666666666,37.81666666666667,22.582291666666666
2025-11-02 00:00:00+00:00,33.15385416666667,6.796875,75.38260416666667,75.38260416666667,-982.0874958333334,539.5291708333333,424.95416666666665,868.5124999999999,,50.007465277777776,-443.6458333333333,539.5416666666666,135.80833333333334,15.601041666666667
2025-11-03 00:00:00+00:00,184.25114583333334,24.97083333333333,207.93510416666666,207.93510416666666,-992.9854125,455.0027875,403.1041666666667,942.1374999999999,,50.003125,-539.0208333333334,454.9916666666666,25.958333333333332,23.8125
2025-11-04 00:00:00+00:00,53.57020833333333,2.6191666666666666,59.538854166666674,59.538854166666674,-987.8927166666667,563.8743041666667,530.7666666666667,955.8833333333333,,49.99767361111111,-425.1333333333334,563.8666666666667,181.6875,34.0375
2025-11-05 00:00:00+00:00,16.063125,8.545625,59.86000000000001,59.86000000000001,-944.6465374999999,487.7201416666667,509.49583333333334,967.5708333333333,,49.998124999999995,-458.0708333333334,487.72499999999997,209.03333333333333,12.525
2025-11-06 00:00:00+00:00,81.7696875,22.199583333333333,84.18677083333334,84.18677083333334,-981.5218791666666,453.2888958333333,417.9291666666666,947.3249999999999,,49.995625,-529.4125,453.29583333333335,81.82916666666667,9.885416666666666
2025-11-07 00:00:00+00:00,75.44500000000001,60.17552083333334,81.54645833333333,81.54645833333333,-926.0822916666666,436.4701416666667,453.9458333333334,944.7041666666668,,50.003819444444446,-490.7708333333333,436.4875,90.325,16.782291666666666
2025-11-08 00:00:00+00:00,72.701875,45.30822916666667,85.20625,85.20625,-956.6184083333334,517.8392333333333,415.59999999999997,855.4625,,50.01222222222222,-439.85833333333335,517.8458333333333,39.4125,9.045833333333333
2025-11-09 00:00:00+00:00,102.52697916666666,28.2753125,107.6821875,107.6821875,-997.4871541666666,597.3336833333334,450.6458333333333,851.8375,,50.00152777777778,-401.1666666666667,597.3375,61.01666666666667,8.139583333333333
2025-11-10 00:00:00+00:00,140.46739583333334,83.2465625,167.11760416666667,167.11760416666667,-984.9888833333333,563.7944375000001,549.3833333333333,971.5833333333334,,50.00013888888889,-422.2291666666667,563.8041666666667,3.6208333333333336,14.429166666666667
2025-11-11 00:00:00+00:00,129.59125,57.708124999999995,151.92041666666668,151.92052083333334,-984.8569416666668,573.7125041666667,571.5875,983.725,,49.999409722222225,-412.16249999999997,573.7083333333334,24.354166666666668,17.7375
2025-11-12 00:00:00+00:00,68.04447916666668,5.800520833333334,94.91854166666667,94.91854166666667,-989.6586833333334,537.7881958333334,562.2875,1015.15,,49.996631944444445,-452.79583333333335,537.775,193.3791666666667,12.828125
2025-11-13 00:00:00+00:00,20.886770833333333,10.145625,25.928645833333334,25.928645833333334,-972.6517375,545.0010458333333,595.2208333333333,1023.9541666666668,,49.99847222222222,-428.7,544.9833333333333,310.96666666666664,8.001041666666667
2025-11-14 00:00:00+00:00,99.70072916666668,42.60395833333333,108.419375,108.419375,-984.0388916666667,518.7618,541.7583333333333,1008.0124999999999,,50.006006944444444,-466.2833333333333,518.775,153.9125,50.13958333333333
2025-11-15 00:00:00+00:00,30.754895833333332,6.0718749999999995,64.53416666666666,64.53416666666666,-977.5947916666668,575.6131916666667,552.6875,955.625,,50.00649305555556,-402.91249999999997,575.625,211.6208333333333,47.06458333333333
2025-11-16 00:00:00+00:00,59.8475,39.52875,73.48802083333334,73.48802083333334,-936.3364541666666,690.0340375000001,681.9875000000001,929.2458333333334,,49.9971875,-247.29166666666666,690.0208333333334,338.8875,21.928124999999998
2025-11-17 00:00:00+00:00,127.59947916666665,81.835,128.40177083333333,128.40177083333333,-981.0315875,370.6475708333333,441.8,1053.0916666666667,,49.99822916666667,-611.2833333333333,370.65000000000003,46.583333333333336,20.355208333333334
2025-11-18 00:00:00+00:00,110.33916666666666,110.07177083333333,110.33916666666666,110.33916666666666,-705.0656208333334,99.54199999999999,500.83750000000003,1107.2124999999999,,50.01111111111111,-606.3541666666666,99.55,95.825,19.375
2025-11-19 00:00:00+00:00,121.3315625,121.31875000000001,121.3953125,121.3953125,-698.6583333333333,117.80034583333332,560.3375,1141.95,,50.00371527777778,-581.6041666666666,117.8125,31.604166666666668,7.0093749999999995
2025-11-20 00:00:00+00:00,129.86677083333333,125.08927083333333,130.74708333333334,130.74708333333334,-856.9698,481.62707916666665,722.6083333333332,1098.8708333333334,,50.00017361111111,-376.3041666666666,481.64166666666665,193.66666666666666,14.700000000000001
2025-11-21 00:00:00+00:00,143.71156249999999,141.17666666666665,144.38500000000002,144.38500000000002,-872.7875083333333,459.13263750000004,675.475,1090.0833333333333,,49.99892361111111,-414.5958333333333,459.1375,146.4125,8.196875
2025-11-22 00:00:00+00:00,69.88416666666667,24.557916666666667,89.8175,89.8175,-965.9170166666667,537.9878416666667,552.3291666666667,981.2083333333334,,49.99774305555556,-428.8625,537.9791666666666,197.85416666666666,46.52291666666667
2025-11-23 00:00:00+00:00,83.33375,56.3296875,92.76427083333334,92.76427083333334,-931.1875,636.5114625,636.5916666666667,932.2416666666667,,50.00527777777778,-295.55833333333334,636.5083333333333,272.6875,29.717708333333334
2025-11-24 00:00:00+00:00,176.48583333333332,111.41729166666666,187.21645833333332,187.21645833333332,-981.7861083333333,542.1364541666667,657.9916666666667,1098.5791666666667,,50.00819444444445,-440.5125,542.1291666666667,86.7,12.266666666666666
2025-11-25 00:00:00+00:00,237.61385416666667,115.71802083333334,270.45604166666664,270.45604166666664,-976.0361125,525.3309083333334,670.2458333333333,1121.8625,,49.998263888888886,-451.6041666666667,525.3291666666667,69.02916666666667,10.501041666666667
2025-11-26 00:00:00+00:00,156.683125,22.116041666666664,162.21083333333334,162.21083333333334,-996.353825,468.42186666666663,618.9875000000001,1147.8125,,49.99899305555556,-528.8249999999999,468.425,19.116666666666667,22.29375
2025-11-27 00:00:00+00:00,185.50197916666664,4.689166666666667,188.47208333333333,188.47208333333333,-991.1283291666667,461.67565833333333,662.2911111111111,1189.4649206349206,,49.99777777777778,-527.1542857142857,461.1166666666666,154.36507936507937,15.887500000000001
2025-11-28 00:00:00+00:00,21.4109375,2.8944791666666667,37.03958333333333,37.03958333333333,-992.9510083333333,577.9267541666667,690.4386956521739,1105.089456521739,,50.00670138888889,-414.6523913043478,579.0489130434783,405.83717391304344,5.064583333333333
2025-11-29 00:00:00+00:00,9.400208333333333,1.05125,53.94166666666666,53.94166666666666,-993.9289,611.6487458333334,597.3039583333333,985.1378125,,50.00454861111111,-387.83437499999997,607.2441666666667,295.71083333333337,5.595833333333334
2025-11-30 00:00:00+00:00,67.2609375,25.105208333333334,94.82791666666667,94.82791666666667,-994.5104833333334,591.313975,527.1251041666667,931.5839583333333,,49.997708333333335,-404.45937499999997,591.2675,176.10583333333332,10.565625
2025-12-01 00:00:00+00:00,150.99354166666666,54.747083333333336,202.46406249999998,202.46406249999998,-975.6372958333333,516.1267625,601.8272916666666,1062.7005208333333,,49.99590277777778,-460.88572916666664,515.886875,249.38,6.633333333333333
2025-12-02 00:00:00+00:00,125.03239583333334,40.385416666666664,176.62010416666666,176.62010416666666,-997.7712291666667,612.0383916666666,664.5223958333333,1050.8346875,,49.99256944444445,-386.31625,612.6218749999999,223.6065625,13.201041666666667
2025-12-03 00:00:00+00:00,109.72729166666666,20.7875,148.69614583333333,148.69614583333333,-997.6444083333332,556.3909708333333,627.0985869565218,1067.5388043478263,,50.00451388888889,-442.55916666666667,556.1810416666666,125.72271739130434,8.622916666666667
2025-12-04 00:00:00+00:00,165.88520833333334,100.47854166666667,167.82895833333333,167.82895833333333,-995.9618416666667,490.42749583333335,574.360625,1080.5172916666668,,50.006249999999994,-506.155,491.075625,29.943749999999998,8.005208333333334
2025-12-05 00:00:00+00:00,127.00208333333335,118.15552083333334,131.14854166666666,131.14854166666666,-963.8446875,425.3801375,517.2129166666667,1057.0773958333334,,49.99920138888889,-539.8647916666666,424.92645833333336,39.744375,6.377083333333334
2025-12-06 00:00:00+00:00,47.1303125,25.174270833333335,48.98083333333333,48.98083333333333,-984.2285416666667,458.0079166666667,437.92854166666666,965.1985416666666,,49.99527777777777,-527.2655208333333,458.2460416666667,151.56177083333333,4.617708333333334
2025-12-07 00:00:00+00:00,63.48947916666666,23.3059375,67.67031250000001,67.67031250000001,-985.4525041666667,461.82700416666665,432.28406249999995,957.1215625,,49.99475694444445,-524.83625,461.754375,88.87510416666667,5.520833333333333
2025-12-08 00:00:00+00:00,69.80520833333334,45.85854166666667,70.93989583333334,70.93989583333334,-935.5927416666667,453.6989875,599.7745555555556,1077.5184444444444,,49.99621428571429,-477.74444444444447,457.15844444444446,266.00455555555556,5.694680851063829
2025-12-09 00:00:00+00:00,75.6515625,72.55125,76.60010416666667,76.60010416666667,-773.4937125,383.8287833333333,654.0912500000001,1043.7142708333333,,50.007534722222225,-389.6230208333333,383.684375,309.6425,7.488541666666666
2025-12-10 00:00:00+00:00,77.5459375,40.04604166666667,77.82489583333333,77.82489583333333,-804.4104166666666,338.66833333333335,572.0036458333333,1040.0580208333333,,50.00114583333333,-468.05010416666664,338.5023958333333,239.75177083333332,7.672916666666667
2025-12-11 00:00:00+00:00,50.004375,47.937708333333326,50.490833333333335,50.490833333333335,-785.0849166666667,251.15780416666666,491.5236458333333,1025.4948958333332,,49.99340277777778,-533.9686458333333,251.52979166666668,178.3814583333333,8.73125
2025-12-12 00:00:00+00:00,113.04010416666667,86.31916666666666,113.07010416666667,113.07010416666667,-967.1368083333333,407.7121583333333,507.01072916666664,1066.7430208333333,,49.996631944444445,-559.7376041666666,408.14479166666666,165.69583333333333,15.178125
2025-12-13 00:00:00+00:00,91.02354166666667,63.60989583333333,91.22197916666666,91.22197916666666,-981.4211125,412.27387500000003,456.0520833333333,1026.6542708333334,,50.00920138888889,-570.6026041666667,411.7309375,87.80322916666667,12.44375
2025-12-14 00:00:00+00:00,37.45729166666667,27.146770833333335,37.973437499999996,37.973437499999996,-980.939175,428.89096666666666,496.2745454545455,1037.8187500000001,,50.00423611111111,-553.3995833333333,428.61354166666666,187.97875000000002,10.651041666666666
2025-12-15 00:00:00+00:00,53.4828125,18.389791666666667,61.606562499999995,61.606562499999995,-908.7944041666666,395.5340541666667,547.67875,1062.1594791666666,,49.98934027777778,-514.4835416666666,395.76875,223.343125,7.082291666666666
2025-12-16 00:00:00+00:00,100.97447916666665,32.74041666666667,111.51947916666667,111.51947916666667,-954.5393416666666,607.1705208333334,680.97375,1029.2103125,,49.98916666666666,-348.36802083333333,606.82,245.715,6.7093750000000005
2025-12-17 00:00:00+00:00,91.02625,24.5840625,109.9990625,109.9990625,-995.4514666666668,637.5477375,697.9404347826087,1057.5742391304348,,50.0009375,-359.6322826086956,637.0757608695652,290.37510869565216,5.076041666666667
2025-12-18 00:00:00+00:00,88.08583333333333,6.775104166666666,102.096875,102.096875,-990.8895541666667,541.2076333333333,604.1583695652174,1045.3661363636363,,50.00208333333333,-451.30749999999995,540.6478125,218.57875,8.717708333333333
2025-12-19 00:00:00+00:00,54.156666666666666,2.6725,60.16166666666667,60.16166666666667,-994.9994083333332,688.7700125,757.5716666666667,1064.7691666666667,,50.005937499999995,-307.1948958333333,688.7845833333334,389.3592708333333,5.434375
2025-12-20 00:00:00+00:00,52.12645833333334,3.12875,66.06354166666667,66.06354166666667,-984.7603416666667,619.7585083333333,616.2333333333333,981.9387499999999,,49.99854166666667,-365.704375,620.5906249999999,310.34239583333334,5.395833333333333
2025-12-21 00:00:00+00:00,32.298854166666665,7.9004166666666675,68.29822916666667,68.29822916666667,-927.0272291666666,569.4087833333333,631.193125,990.0837499999999,,49.99138888888889,-358.8865625,569.3559375,283.3419791666667,7.029166666666666
2025-12-22 00:00:00+00:00,97.40416666666665,59.85395833333333,108.15552083333334,108.15552083333334,-954.3343416666667,431.47430833333334,519.6395833333333,1043.5371874999998,,49.99975694444444,-523.8948958333334,431.13697916666666,142.64822916666665,9.455208333333333
2025-12-23 00:00:00+00:00,81.4315625,30.17322916666667,82.21041666666666,82.21041666666666,-988.1546541666667,338.465625,445.9735416666667,1096.5106250000001,,49.9996875,-650.5367708333333,338.5857291666667,73.20989583333333,13.398958333333333
2025-12-24 00:00:00+00:00,74.065625,19.305833333333332,78.390625,78.390625,-993.4338291666667,604.0114291666666,600.900625,993.5620833333334,,50.006076388888886,-392.6645833333334,603.9279166666666,243.10385416666668,8.388541666666667
2025-12-25 00:00:00+00:00,2.4302083333333333,0.7434375000000001,27.725104166666668,27.725104166666668,-986.0141666666667,583.1702708333333,552.8386458333333,956.3445833333334,,50.00315972222222,-403.5097916666667,583.9098958333333,334.8958333333333,4.805208333333334
2025-12-26 00:00:00+00:00,40.139895833333334,3.0972916666666666,49.188229166666666,49.188229166666666,-992.3490291666667,472.2170875,418.119375,938.8328124999999,,50.002743055555555,-520.7647916666666,472.4340625,238.8375,29.97083333333333
2025-12-27 00:00:00+00:00,1.3459375,0.9395833333333333,1.3459375,1.3459375,-835.4758375,195.95555833333333,374.6353125,1015.2067708333334,,50.000625,-640.5704166666667,197.54947916666666,248.75739583333333,6.217708333333333
2025-12-28 00:00:00+00:00,18.202916666666667,2.7770833333333336,18.293541666666666,18.293541666666666,-817.6826416666667,252.64812916666665,448.70552083333337,1014.9989583333332,,50.000972222222224,-566.29625,250.44125,300.8428125,19.285416666666666
2025-12-29 00:00:00+00:00,36.1278125,3.2091666666666665,36.25,36.25,-985.7018416666666,393.18658750000003,517.7857291666667,1110.475625,,49.99736111111111,-592.6906250000001,393.98020833333334,344.52104166666663,8.635416666666666
2025-12-30 00:00:00+00:00,57.643437500000005,36.34875,57.910937499999996,57.910937499999996,-885.0454125,322.28142916666667,590.3791666666667,1157.0585416666665,,49.99645833333333,-566.6802083333333,321.6091666666667,405.4767708333333,6.7437499999999995
2025-12-31 00:00:00+00:00,100.7628125,101.10072916666667,101.49208333333333,101.44156249999999,-856.7921208333333,153.27708750000002,464.14562500000005,1167.0514583333334,,49.99458333333334,-702.9045833333333,155.46229166666666,281.49229166666663,10.248958333333333
2026-01-01 00:00:00+00:00,59.50666666666667,59.458333333333336,59.50666666666667,29.499583333333334,-355.1407916666667,-332.1630875,452.00697916666667,1140.4254166666667,,49.996006944444446,-688.4221875,-332.144375,270.7034375,5.9312499999999995
2026-01-02 00:00:00+00:00,54.15833333333333,40.15239583333334,54.15833333333333,54.15833333333333,-569.1835791666666,-223.4651,396.0954166666667,1188.705,,50.00673611111111,-792.6072916666667,-224.4986458333333,219.6884375,5.40625
2026-01-03 00:00:00+00:00,103.96729166666667,73.59,103.96729166666667,103.96729166666667,-925.3270125,25.469129166666665,229.0036458333333,1129.6377083333334,,50.0075,-900.6328125,25.381354166666668,38.99229166666667,3.93125
2026-01-04 00:00:00+00:00,107.16427083333333,98.38489583333335,107.16427083333333,107.16427083333333,-810.4740541666666,91.91735416666666,371.9870833333334,1092.1025,,49.99854166666667,-720.1135416666666,93.91947916666668,54.78572916666667,4.554166666666666
2026-01-05 00:00:00+00:00,146.351875,146.30104166666666,146.351875,146.351875,-539.0445166666667,-6.1682500000000005,739.9182291666666,1287.3978125,,49.99645833333333,-547.4763541666667,-9.466562500000002,138.50072916666667,5.636458333333334
2026-01-06 00:00:00+00:00,126.19937499999999,125.32791666666667,130.34958333333333,130.34958333333333,-830.9472708333333,390.37656250000003,915.3635416666666,1355.9486458333333,,49.998437499999994,-440.58625,390.38968750000004,205.82145833333334,2.7468749999999997
2026-01-07 00:00:00+00:00,191.46322916666668,80.61427083333334,194.23916666666665,194.23916666666665,-987.4197958333333,488.54628333333335,792.50375,1291.9430208333333,,49.99868055555556,-499.42895833333336,488.72718749999996,37.3446875,4.748958333333333
2026-01-08 00:00:00+00:00,184.915625,81.60395833333332,187.02979166666668,187.02979166666668,-992.4824583333334,543.3253083333333,840.475625,1286.9989130434783,,49.992638888888884,-451.2153125,542.6059375,122.195,4.090625
2026-01-09 00:00:00+00:00,123.455625,123.34385416666667,123.57052083333333,123.57052083333333,-651.3413958333333,307.49242499999997,968.9878125,1313.8573958333334,,50.005520833333335,-344.86635416666667,308.03010416666666,472.460625,4.322916666666667
2026-01-10 00:00:00+00:00,96.438125,93.47854166666667,103.38229166666667,103.38229166666667,-918.3525875,540.7961333333334,833.7314583333333,1211.1251041666667,,50.00277777777777,-377.3933333333334,541.1595833333333,432.43427083333336,4.914583333333334
2026-01-11 00:00:00+00:00,158.66020833333332,90.07989583333334,159.4815625,159.4815625,-978.858925,443.6680208333333,618.7885416666667,1155.0994791666667,,49.99652777777778,-536.310625,443.6514583333333,148.74020833333333,4.132291666666666
2026-01-12 00:00:00+00:00,222.4259375,126.27385416666668,234.42989583333335,234.42989583333335,-978.9999916666667,569.2607624999999,850.8244791666666,1261.9848958333334,,49.99170138888889,-411.16166666666663,568.8349999999999,56.3734375,4.363541666666667
2026-01-13 00:00:00+00:00,236.43229166666666,99.78489583333334,238.44625,238.44625,-954.6343791666667,439.7036458333334,803.448125,1318.1040625,,49.99878472222222,-514.6490625,441.31895833333334,40.4903125,5.986458333333334
2026-01-14 00:00:00+00:00,126.41072916666667,40.88489583333333,129.22385416666665,129.22385416666665,-945.8227,226.09530833333335,620.9364583333333,1347.4222916666665,,50.004895833333336,-726.4730208333334,224.58885416666666,103.48281250000001,5.517708333333334
2026-01-15 00:00:00+00:00,165.00260416666666,81.6971875,169.28333333333333,169.28333333333333,-981.4623958333333,449.2478833333334,806.8573913043479,1336.763043478261,,50.00670138888889,-529.901847826087,452.2098913043478,220.0298913043478,4.667708333333334
2026-01-16 00:00:00+00:00,134.020625,43.4790625,134.84802083333332,134.84802083333332,-984.4937541666667,461.05541666666664,783.8866666666667,1309.2332291666667,,49.995243055555555,-525.3439583333334,460.22375000000005,256.4044791666667,6.140625
2026-01-17 00:00:00+00:00,102.29520833333333,40.43760416666667,106.2103125,106.2103125,-956.3584458333333,481.7274458333333,737.8219791666667,1212.5059375,,49.99336805555556,-474.73729166666664,482.2990625,234.04489583333336,4.705208333333333
2026-01-18 00:00:00+00:00,111.14010416666667,93.234375,111.14010416666667,111.14010416666667,-977.430175,420.3718833333333,594.2746875,1152.0915625,,50.00354166666667,-557.82,420.65510416666666,48.279270833333335,4.107291666666667
2026-01-19 00:00:00+00:00,170.3084375,135.60145833333334,170.3084375,170.3084375,-990.1007291666666,270.9863541666667,595.6139583333334,1315.7592708333334,,50.00069444444445,-720.1446875,270.96260416666667,7.518125,5.4375
2026-01-20 00:00:00+00:00,212.319375,163.25114583333334,212.319375,212.319375,-967.9018,280.2069875,652.1625,1339.8641666666667,,50.0015331010453,-687.7296875000001,280.75947916666667,0.7439583333333334,6.486458333333334
2026-01-21 00:00:00+00:00,179.7927083333333,111.38552083333333,179.7927083333333,179.7927083333333,-910.2133375,274.6514583333333,676.260625,1312.799375,,49.99552083333333,-636.5384375,274.85552083333334,38.648020833333334,5.575
2026-01-22 00:00:00+00:00,138.40520833333332,133.12364583333334,138.40520833333332,138.40520833333332,-701.2101708333333,21.357025000000004,660.3781250000001,1341.4005208333333,,50.00440972222222,-681.023125,23.2453125,98.77260416666667,5.1125
2026-01-23 00:00:00+00:00,158.5884375,158.841875,158.5884375,158.5884375,-418.8280916666667,-314.95420416666667,601.7279166666666,1337.3003125,,50.005451388888886,-735.5721874999999,-313.60802083333334,32.034479166666664,5.003125
2026-01-24 00:00:00+00:00,123.98062499999999,123.85802083333334,123.98062499999999,123.98062499999999,-512.4747541666667,-181.81961250000003,598.0053125000001,1293.8104166666667,,49.99574912891986,-695.7563541666667,-185.05291666666665,53.2809375,7.819791666666667
2026-01-25 00:00:00+00:00,109.42635416666667,107.28750000000001,109.42635416666667,109.42635416666667,-923.1933541666667,320.23150000000004,707.2260416666667,1311.2963541666666,,49.9928125,-604.0867708333334,325.18,141.84322916666667,12.029166666666667
2026-01-26 00:00:00+00:00,242.33156250000002,161.57791666666665,242.33156250000002,242.33156250000002,-939.2311833333333,316.08026666666666,724.4567708333334,1348.9441666666667,,49.994166666666665,-624.4959375,315.33489583333335,71.3971875,7.361458333333334
2026-01-27 00:00:00+00:00,217.49114583333335,217.37489583333334,217.49114583333335,217.49114583333335,-799.4978708333333,242.402775,776.6923958333333,1335.5028125000001,,50.007108013937284,-558.8266666666667,243.58239583333332,114.153125,7.5718749999999995
2026-01-28 00:00:00+00:00,172.989375,173.0996875,171.98874999999998,171.98874999999998,-403.3000416666667,-61.02984166666666,910.9233333333333,1376.1585416666667,,50.003623693379794,-465.55,-59.48072916666666,226.59635416666666,8.652083333333334
2026-01-29 00:00:00+00:00,210.48677083333334,210.36249999999998,200.21833333333333,200.21833333333333,-54.02020416666667,-429.45442499999996,907.8385869565217,1394.8952173913044,,49.994130434782605,-487.05836956521745,-431.9170652173913,270.5004347826087,14.085869565217392
2026-01-30 00:00:00+00:00,248.581875,248.36104166666667,204.43437500000002,204.43437500000002,58.275441666666666,-625.9466083333333,879.0686458333333,1445.6228125,,49.999270833333334,-567.3869791666667,-626.3610416666667,72.8653125,14.646875
2026-01-31 00:00:00+00:00,151.35708333333335,150.66010416666668,133.0115625,133.0115625,-705.0800375,-32.236491666666666,615.7076041666667,1353.461875,,50.01197916666667,-737.750625,-35.24552083333334,86.27729166666667,14.095833333333333
2026-02-01 00:00:00+00:00,102.79,52.75,102.79,102.79,,,659.61,1320.8,,49.96,-661.19,339.38,165.72,3.9
