timestamp,supply_s1_p10,supply_s1_p50,supply_s1_p90,supply_s2_p10,supply_s2_p50,supply_s2_p90,supply_s3_p10,supply_s3_p50,supply_s3_p90,supply_s4_p10,supply_s4_p50,supply_s4_p90
2025-12-31 23:00:00+00:00,1013.4965958007813,1121.3339676269532,1279.5562271484375,202.1507,309.98807,468.21033,202.15069580078125,309.9880676269531,468.2103271484375,202.15069580078125,309.9880676269531,468.2103271484375
2026-01-01 00:00:00+00:00,1014.5384817138672,1125.9342184082032,1282.0760641113282,209.56938,320.96512,477.10696,226.88542182047303,338.28115851480896,494.42300421793396,245.82991349965474,357.22565019399065,513.3674958971156
2026-01-01 01:00:00+00:00,1033.4918125732422,1148.2150944335938,1302.2924259765625,200.92851,315.6518,469.72913,226.67200841966425,341.39529028001584,495.4726218229846,255.89795928768027,370.62124114803186,524.6985726910005
2026-01-01 02:00:00+00:00,994.4826791015626,1113.022077294922,1267.9168221679688,212.04358,330.58298,485.47772,246.70237731639253,365.2417755097519,520.1365203827988,291.6449204493985,410.1843186427579,565.0790635158048
2026-01-01 03:00:00+00:00,980.1792109863281,1102.6707881347656,1259.4576838867188,219.35501,341.8466,498.63348,272.4395491224577,394.9311262708952,551.7180220228483,349.0139338455355,471.505510993973,628.2924067459262
2026-01-01 04:00:00+00:00,946.8830004882813,1078.9815112304686,1237.7775927734374,257.2005,389.299,548.0951,324.5311245885781,456.6296353307656,615.4257168737344,408.77907390521324,540.8775846474007,699.6736661903694
2026-01-01 05:00:00+00:00,880.06230625,1021.7018936523438,1180.70732578125,267.9414,409.581,568.5864,325.6779587766357,467.31754617897946,626.3229783078857,406.77674969848596,548.4163371008297,707.4217692297359
2026-01-01 06:00:00+00:00,878.3529886230468,1028.9755472167967,1187.1405557617186,287.1721,437.79465,595.95966,357.3677574109639,507.9903160047139,666.1553245496358,436.4698968482972,587.0924554420471,745.257463986969
2026-01-01 07:00:00+00:00,934.9282084472657,1093.4845438964844,1250.0515299804688,310.6249,469.18124,625.7482,325.49369808201783,484.0500335312366,640.6170196152209,421.66159758900073,580.2179330382195,736.7849191222039
2026-01-01 08:00:00+00:00,955.9449932861328,1117.175782470703,1274.7937329101562,224.9775,386.20828,543.82623,254.4461850605312,415.6769742451015,573.2949246845546,341.1578726647736,502.3886618493439,660.0066122887971
2026-01-01 09:00:00+00:00,922.8447778320312,1084.5154626464844,1243.4529321289062,205.64728,367.31796,526.25543,302.85938758339125,464.5300723978444,623.4675418802663,381.307750652045,542.9784354664981,701.91590494892
2026-01-01 10:00:00+00:00,934.7631579589843,1093.5119067382811,1254.8319750976561,185.83066,344.5794,505.89948,313.28386280075284,472.0326115800497,633.3526799394248,416.96679837830527,575.7155471576021,737.0356155169771
2026-01-01 11:00:00+00:00,960.2898045166015,1116.2106266601563,1279.2191715820313,194.2765,350.19733,513.2059,334.6937246395674,490.6145467831221,653.623091704997,448.2954432917142,604.216265435269,767.224810357144
2026-01-01 12:00:00+00:00,992.6178422363282,1147.6606889160157,1310.6694474609376,231.68704,386.7299,549.73865,352.1402235734125,507.1830702531,670.1918287980219,471.2326886823654,626.2755353620529,789.2842939069748
2026-01-01 13:00:00+00:00,1019.2660018554687,1174.4256698242189,1336.7003280273439,233.5744,388.73407,551.0087,378.8022207476552,533.9618887164052,696.2365469195302,539.1890579092998,694.3487258780498,856.6233840811748
2026-01-01 14:00:00+00:00,1007.3377772705078,1163.4375544921875,1324.7923518554687,241.83858,397.93835,559.29315,406.30853262650476,562.4083098481844,723.7631072114657,630.3007532596539,786.4005304813336,947.7553278446148
2026-01-01 15:00:00+00:00,997.3193893066407,1154.6724471679688,1313.7691268554688,262.7653,420.11835,579.215,422.2845685299129,579.637626391241,738.734306078741,630.3160925196663,787.6691503809944,946.7658300684944
2026-01-01 16:00:00+00:00,1011.3054553222656,1169.3432055664061,1326.6025439453124,282.43546,440.4732,597.73254,475.9424110152375,633.9801612593781,791.2394996382843,722.0920198056813,880.1297700498219,1037.3891084287282
2026-01-01 17:00:00+00:00,993.2341146484375,1151.8878622070313,1307.5910482421875,278.39,437.04376,592.74695,492.0471454551039,650.7008930136976,806.4040790488539,772.1492515897911,930.8029991483849,1086.5061851835412
2026-01-01 18:00:00+00:00,976.961396484375,1136.072999267578,1289.2385571289062,319.9314,479.043,632.20856,534.3977367732878,693.5093395564909,846.674897417819,796.0967958244651,955.2083986076682,1108.3739564689963
2026-01-01 19:00:00+00:00,992.2134322753907,1150.1203841796876,1299.8113021484376,335.15933,493.06628,642.7572,559.2238884668695,717.1308403711664,866.8217583399164,884.8247031943026,1042.7316550985995,1192.4225730673495
2026-01-01 20:00:00+00:00,874.5337332519532,1030.2279166015626,1176.70045078125,335.62283,491.31702,637.78955,575.566237153581,731.2604205031904,877.7329546828779,938.8007880182395,1094.4949713678488,1240.9675055475363
2026-01-01 21:00:00+00:00,801.2959391601563,957.1415202148438,1101.6929728515624,348.14264,503.98822,648.5397,590.5852254928947,746.4308065475822,890.9822591843009,960.9647352889625,1116.81031634365,1261.3617689803687
2026-01-01 22:00:00+00:00,825.4748620605469,981.2022790527344,1124.6105737304688,319.88986,475.61728,619.0256,548.8579273622869,704.5853443544744,847.9936390322088,905.5838233358064,1061.3112403279938,1204.7195350057282
2026-01-01 23:00:00+00:00,847.2634671386719,1003.05011875,1144.2099087890624,315.28757,471.07422,612.234,531.8473938096306,687.6340454209587,828.7938354600212,839.6444322080434,995.4310838193716,1136.590873858434
2026-01-02 00:00:00+00:00,829.7832625,986.3228437988281,1126.7821638671876,282.97656,439.51614,579.97546,485.2516383090397,641.7912196078678,782.2505396762272,781.5805972991502,938.1201785979783,1078.5794986663377
2026-01-02 01:00:00+00:00,828.5032583984375,984.9134451660157,1125.4753653320313,235.66736,392.07755,532.63947,432.7058735771198,589.1160603446979,729.6779805107135,681.3129968060266,837.7231835736047,978.2851037396204
2026-01-02 02:00:00+00:00,836.7317036621093,993.4021443359375,1135.3787678710937,213.16,369.83044,511.80707,398.7139695639637,555.3844102377918,697.3610337729481,638.7827604629313,795.4532011367594,937.4298246719156
2026-01-02 03:00:00+00:00,908.823189086914,1065.0290759277343,1208.5798876953124,216.56569,372.77158,516.3224,383.22764453616037,539.4335313769807,682.9843431445588,637.4821569947096,793.6880438355299,937.238855603108
2026-01-02 04:00:00+00:00,852.9150732421875,1010.0746496582032,1155.8526953125001,264.95007,422.10965,567.8877,428.39695033759654,585.5565267536122,731.334572407909,680.9032283495726,838.0628047655882,983.8408504198851
2026-01-02 05:00:00+00:00,931.6811535644531,1091.0381176757812,1239.5453198242187,282.40115,441.75812,590.2653,451.9001903622524,611.2571544735805,759.764356622018,688.1897021202067,847.5466662315348,996.0538683799723
2026-01-02 06:00:00+00:00,1033.1783337402344,1195.1950268554688,1347.167744140625,291.76083,453.77753,605.75024,434.4708695791767,596.487562694411,748.4602799795673,647.537776835167,809.5544699504014,961.5271872355577
2026-01-02 07:00:00+00:00,1056.2891044433595,1221.0740165527345,1376.6313590820314,289.6058,454.39072,609.94806,440.555806146479,605.340718255854,760.8980607851508,671.373160449316,836.158072558691,991.7154150879878
2026-01-02 08:00:00+00:00,1056.966260986328,1223.005537109375,1381.5868359375,254.01126,420.05054,578.63184,404.0396355487887,570.0789116718356,728.6602104999606,622.5775640863358,788.6168402093826,947.1981390375076
2026-01-02 09:00:00+00:00,1055.5142582519532,1221.625555859375,1382.3825138671875,237.63846,403.74976,564.5067,375.30375332790646,541.4150509353283,702.1720089431408,581.845971740858,747.9572693482799,908.7142273560924
2026-01-02 10:00:00+00:00,1056.9989717285157,1219.6890352050782,1383.1719758789063,222.85977,385.54984,549.0328,367.9233590826409,530.6134225592034,694.0963632330315,546.0667585498175,708.75682202638,872.2397627002081
2026-01-02 11:00:00+00:00,1066.5739376464844,1224.2776119628907,1390.849725,224.98984,382.6935,549.2656,357.52853310287753,515.2322074192838,681.8043204563932,521.2298589705422,678.9335332869484,845.5056463240578
2026-01-02 12:00:00+00:00,1063.357582836914,1215.1021659667967,1383.5566642578124,215.56178,367.30637,535.76086,282.70424184206115,434.44882497194396,602.9033232629596,433.3948481500976,585.1394312799804,753.593929570996
2026-01-02 13:00:00+00:00,1108.509243432617,1254.457714501953,1423.403789941406,213.22514,359.1736,528.1197,316.8064253637274,462.7548964330633,631.7009718725164,474.72358121912157,620.6720522884575,789.6181277279106
2026-01-02 14:00:00+00:00,1186.222235888672,1328.3786995117189,1497.1222297851564,211.45554,353.612,522.3555,311.0807641582838,453.23722778133066,621.9807580547681,455.8112802495975,597.9677438726444,766.7112741460819
2026-01-02 15:00:00+00:00,1155.7226135253907,1296.1041748046875,1464.6232788085938,203.21011,343.59167,512.1108,293.2227777690968,433.6043390483937,602.1234430523,434.4691191083664,574.8506803876633,743.3697843915695
2026-01-02 16:00:00+00:00,1144.061661376953,1284.0559240722655,1452.068741455078,200.98416,340.97842,508.99124,278.55342193334207,418.54768462865457,586.5605020114671,409.4609716779193,549.4552343732319,717.4680517560444
2026-01-02 17:00:00+00:00,1104.9022192382813,1245.4835485839844,1412.6348852539063,178.58722,319.16855,486.3199,230.1553705179273,370.7366998636304,537.8880365335523,346.10621774939676,486.6875470950999,653.8388837650218
2026-01-02 18:00:00+00:00,1032.131504345703,1173.3328593261717,1339.1226847656249,151.1282,292.32956,458.1194,183.96811422539164,325.1694692058604,490.95929464531355,316.7505845889266,457.95193956939534,623.7417650088485
2026-01-02 19:00:00+00:00,1008.237377319336,1151.6635095214845,1316.8175622558595,135.13988,278.566,443.72006,169.47688232007079,312.9030145222192,478.0570672565942,306.9016145802367,450.32774678238513,615.4817995167601
2026-01-02 20:00:00+00:00,975.5424705322266,1118.6969047363282,1282.36191328125,123.63417,266.7886,430.4536,149.35208005712644,292.506514261228,456.1715228061499,276.5206144542482,419.67504865834974,583.3400572032716
2026-01-02 21:00:00+00:00,919.7120501708985,1061.9987475585938,1224.1590563964844,118.17955,260.46625,422.62656,160.96188180331788,303.24857919101316,465.4088880289038,262.984450716104,405.2711481037993,567.4314569416899
2026-01-02 22:00:00+00:00,934.0849118408204,1074.2196927246096,1234.5432095703127,115.90901,256.0438,416.3673,182.98403173773127,323.1188126215203,483.44232946722343,287.88991765825403,428.0246985420431,588.3482153877462
2026-01-02 23:00:00+00:00,884.8617010498047,1021.1846228027343,1179.9090795898437,124.1342,260.45712,419.18158,203.96072504129316,340.2836467942228,499.0081035813322,296.62612953502935,432.94905128795904,591.6735080750684
2026-01-03 00:00:00+00:00,922.7488130371094,1054.6999849121094,1212.859835986328,152.38461,284.3358,442.49564,210.52869349034552,342.4798653653455,500.63971643956427,289.84899110920145,421.80016298420145,579.9600140584203
2026-01-03 01:00:00+00:00,1009.6560226074218,1135.4550033203125,1292.2506576171875,170.25192,296.0509,452.84656,233.03752600342162,358.8365067163122,515.6321610131872,336.14663955881156,461.9456202717022,618.7412745685772
2026-01-03 02:00:00+00:00,1015.4382934570312,1136.8096008300781,1292.0009460449219,169.6883,291.0596,446.25095,233.79353808121135,355.1648454542582,510.356190669102,333.2479306007359,454.6192379737828,609.8105831886265
2026-01-03 03:00:00+00:00,975.9280989257812,1095.06011796875,1249.8035872070313,176.1839,295.31592,450.0594,249.07882059333411,368.21083963630286,522.9543088745841,346.4450215820775,465.57704062504627,620.3205098633275
2026-01-03 04:00:00+00:00,962.3019375976563,1080.3481717285158,1235.9223599609377,171.12604,289.17227,444.74646,237.85949403139517,355.90572816225455,511.4799163946764,320.91735582482795,438.9635899556873,594.5377781881092
2026-01-03 05:00:00+00:00,978.5539383300782,1097.1574234375,1253.509230078125,180.14554,298.74902,455.10083,198.31748652880881,316.92097163623066,473.27277827685566,270.0403271520015,388.6438122594234,544.9956189000484
2026-01-03 06:00:00+00:00,1013.5203422363281,1133.4071830566406,1290.9234794433594,177.31204,297.19888,454.71518,180.5026628503427,300.3895036706552,457.90580005737394,243.00137697842595,362.8882177987384,520.4045141854572
2026-01-03 07:00:00+00:00,1081.2804427734375,1201.9012313476562,1360.5304427734375,170.00134,290.62213,449.25134,172.04864262352885,292.6694311977476,451.29864262352885,237.25034992626553,357.8711385004843,516.5003499262655
2026-01-03 08:00:00+00:00,1096.6230541992188,1217.5730969238282,1377.5641552734376,182.25555,303.2056,463.19666,188.71443831478402,309.66448103939337,469.65553938900274,233.7154938942022,354.6655366188116,514.6565949684209
2026-01-03 09:00:00+00:00,1137.7269030761718,1258.7110034179686,1419.8525134277343,174.6069,295.591,456.7325,181.2084753127308,302.1925756545277,463.3340856642933,212.13224307927396,333.11634342107084,494.25785343083646
2026-01-03 10:00:00+00:00,1124.1537922851562,1244.4078206054687,1406.256026171875,166.64459,286.89862,448.74683,167.14180581849553,287.395834138808,449.2440397052143,185.50780143359736,305.76182975390986,467.6100353203161
2026-01-03 11:00:00+00:00,1047.6552703857421,1166.9580200195312,1329.0980346679687,172.79277,292.09552,454.23553,174.16321223863267,293.46596187242176,455.60597652085926,178.90779979976458,298.21054943355364,460.35056408199114
2026-01-03 12:00:00+00:00,1087.6896618652345,1205.115107421875,1367.2112377929689,155.05966,272.4851,434.58124,155.05966186523438,272.485107421875,434.58123779296875,163.0554134504184,280.480859007059,442.57698937815275
2026-01-03 13:00:00+00:00,1128.463670654297,1245.2682360839844,1407.5922106933594,167.98117,284.78574,447.1097,168.08626447301856,284.89082990270606,447.21480451208106,183.62774106817182,300.4323064978593,462.7562811072343
2026-01-03 14:00:00+00:00,1186.73841640625,1305.7739388671876,1469.5558602539063,170.86182,289.89734,453.67926,173.29039895978264,292.32592142072014,456.1078428074389,208.2826747270011,327.3181971879386,491.10011857465736
2026-01-03 15:00:00+00:00,1196.9834313964843,1318.740206298828,1484.5303674316406,165.61093,287.3677,453.15787,168.11107442543747,289.8678493277812,455.6580104605937,203.32400442602997,325.0807793283737,490.8709404611862
2026-01-03 16:00:00+00:00,1171.7488037109374,1295.5222106933593,1463.7946411132812,149.2738,273.0472,441.31964,149.48560453014736,273.25901151256926,441.53144193249113,171.59272380387912,295.366130786301,463.6385612062229
2026-01-03 17:00:00+00:00,1133.792087402344,1259.5314672851564,1429.2953833007814,134.88959,260.62897,430.39288,149.00256321978495,274.7419431025975,444.5058591182225,174.13024211620052,299.869621999013,469.633538014638
2026-01-03 18:00:00+00:00,1092.9073943725587,1221.350700341797,1391.5129012695313,122.853294,251.2966,421.4588,125.93920454991354,254.38251051915182,424.5447114468862,158.57085102322307,287.0141569924614,457.17635792019576
2026-01-03 19:00:00+00:00,1056.9330798706055,1187.3262149414063,1356.4521915039063,111.24218,241.63531,410.7613,127.83105346099688,258.22418853179767,427.35016509429767,158.44555478980868,288.83868986060946,457.96466642310946
2026-01-03 20:00:00+00:00,1063.6272044189454,1185.854377270508,1349.7166666992189,130.4864,252.71358,416.57587,144.03614355464947,266.26331640621197,430.1256058349229,169.28577089918718,291.5129437507497,455.3752331794606
2026-01-03 21:00:00+00:00,987.8093273925781,1110.4383862304687,1274.8658154296875,135.52933,258.1584,422.58582,140.9567750555802,263.58583389347086,428.0132630926896,174.9886881635333,297.61774700142394,462.0451762006427
2026-01-03 22:00:00+00:00,968.6989611816407,1095.1369494628907,1258.6445483398438,135.15396,261.59195,425.09955,158.16130173553742,284.59929001678745,448.1068888937406,189.32302631734393,315.76101459859393,479.26861347554706
2026-01-03 23:00:00+00:00,936.9444961914063,1059.1125564941408,1219.7303848632814,138.9986,261.16666,421.7845,167.14940179681025,289.3174620995446,449.93529046868525,209.9358251715973,332.10388547433166,492.7217138434723
2026-01-04 00:00:00+00:00,916.9540279785156,1032.8778561035156,1189.601122705078,169.33243,285.25626,441.97952,172.91776504195965,288.8415931669596,445.5648597685221,200.5269433466382,316.4507714716382,473.1740380732007
2026-01-04 01:00:00+00:00,923.1505262939454,1035.17535234375,1192.5197126953126,190.96883,302.99365,460.338,202.4714467838728,314.4962728336775,471.84063318524,225.00458595787512,337.0294120076798,494.3737723592423
2026-01-04 02:00:00+00:00,961.8358378417969,1071.1218180664064,1229.222068310547,195.50754,304.79352,462.89377,218.34118007956795,327.6271603041773,485.72741054831795,251.48905121852295,360.7750314431323,518.875281687273
2026-01-04 03:00:00+00:00,989.1575714111328,1095.3616882324218,1253.2431884765624,215.62007,321.8242,479.7057,232.42504159478796,338.629158416077,496.51065866021764,260.2801483731495,366.48426519443854,524.3657654385792
2026-01-04 04:00:00+00:00,998.3332008544921,1101.993341845703,1259.7792,214.1165,317.77664,475.5625,233.12631873080338,336.78645972201434,494.5723178763112,261.4334016069551,365.09354259816604,522.8794007524629
2026-01-04 05:00:00+00:00,979.4864703369141,1082.7582446289061,1240.8926135253905,217.36647,320.63824,478.7726,242.34510048479004,345.6168747767822,503.7512436732666,271.1606892680036,374.43246355999577,532.5668324564801
2026-01-04 06:00:00+00:00,976.2523205566406,1080.4422619628906,1239.822724609375,280.84732,385.03726,544.4177,287.75126485140765,391.94120625765765,551.321668904142,306.330465227729,410.520406633979,569.9008692804633
2026-01-04 07:00:00+00:00,987.5837491210938,1093.2943204101562,1253.87091953125,321.92035,427.63092,588.2075,326.86895937602424,432.57953066508674,593.1561297861805,346.9221912014161,452.6327624904786,613.2093616115724
2026-01-04 08:00:00+00:00,1057.8426322753905,1165.0436515625,1326.814159375,375.84683,483.04785,644.81836,389.92713708087683,497.1281563679862,658.8986641804862,413.2338576499693,520.4348769370787,682.2053847495787
2026-01-04 09:00:00+00:00,1107.1445727539062,1215.4504809570312,1378.4249072265625,400.43707,508.74298,671.7174,409.44341400090065,517.7493222040257,680.723748473557,420.72069061413356,529.0265988172586,692.0010250867898
2026-01-04 10:00:00+00:00,1069.4232507324218,1178.5410791015624,1342.548037109375,409.48825,518.6061,682.61304,411.6408704823171,520.7586988514577,684.7656568592702,418.4740860943706,527.5919144635112,691.5988724713237
2026-01-04 11:00:00+00:00,1129.966924609375,1239.2053279296874,1404.088506640625,405.98022,515.2186,680.1018,409.59371916458895,518.8321224849014,683.715301195839,423.96458165036677,533.2029849706793,698.0861636816168
2026-01-04 12:00:00+00:00,1131.604294873047,1241.0977946289063,1406.4670573242188,437.676,547.1695,712.53876,441.2213248257723,550.7148245816317,716.0840872769442,443.8214519043944,553.3149516602538,718.6842143555663
2026-01-04 13:00:00+00:00,1137.56199140625,1247.493387890625,1413.3901774414062,434.4087,544.3401,710.2369,436.8107225319677,546.7421190163427,712.638908567124,450.49338383840825,560.4247803227832,726.3215698735645
2026-01-04 14:00:00+00:00,1170.1259985351562,1280.70943359375,1446.8699560546875,440.961,551.54443,717.70496,444.7265771376323,555.310012196226,721.4705346571635,470.24955841480704,580.8329934734007,746.9935159343382
2026-01-04 15:00:00+00:00,1223.156418017578,1334.095840625,1500.3078767578124,436.42972,547.36914,713.5812,456.2104633964016,567.1498860038236,733.361922136636,511.99115643991684,622.9305790473387,789.1426151801512
2026-01-04 16:00:00+00:00,1237.246662939453,1347.8466690429686,1513.8787735351561,381.50076,492.10077,658.1329,400.29360238429354,510.89360848780916,676.9257129799967,459.1769721712758,569.7769782747914,735.8090827669789
2026-01-04 17:00:00+00:00,1204.4071598632813,1314.0393009765626,1479.607294140625,361.39386,471.026,636.594,373.32545828934127,482.9575994026225,648.525592566685,405.09524881169835,514.7273899249797,680.2953830890422
2026-01-04 18:00:00+00:00,1118.8934721191406,1227.4346403320312,1391.85425703125,409.08267,517.62384,682.04346,417.23407732147035,525.7752455343609,690.1948622335797,433.8751334432274,542.416301656118,706.8359183553367
2026-01-04 19:00:00+00:00,1103.9133915527343,1211.513672314453,1374.42501875,393.4376,501.03787,663.9492,401.91509234696446,509.5153731086832,672.4267195442301,439.0966285774612,546.69690933918,709.6082557747269
2026-01-04 20:00:00+00:00,1084.842491455078,1191.7138598632812,1353.6497729492187,382.1475,489.01886,650.9548,398.1029819814263,504.9743503896294,666.9102634755669,429.8719816567944,536.7433500649975,698.679263150935
2026-01-04 21:00:00+00:00,1039.5403967285156,1144.5306005859375,1305.620810546875,351.8129,456.8031,617.8933,368.01336311183604,473.0035669692579,634.0937769301954,404.74104823971436,509.73125209713623,670.8214620580737
2026-01-04 22:00:00+00:00,1002.8881713867188,1106.7407104492188,1267.0392944335938,358.75067,462.6032,622.9018,375.0948757883687,478.9474148508687,639.2459988352437,409.8335761161996,513.6861151786995,673.9846991630745
2026-01-04 23:00:00+00:00,917.2412829589844,1021.3484912109375,1180.744365234375,438.15878,542.266,701.66187,454.9039314250064,559.0111396769595,718.407013700397,487.6449447307616,591.7521529827147,751.1480270061522
2026-01-05 00:00:00+00:00,925.5426806640626,1028.4237231445313,1187.36384765625,440.43518,543.3162,702.25635,482.14256403562877,585.0236065160975,743.9637310278163,541.4539262287982,644.334968709267,803.2750932209857
2026-01-05 01:00:00+00:00,945.7421004882813,1048.9955794921875,1207.970066796875,475.8255,579.079,738.05347,508.74280153717325,611.9962805410795,770.970767845767,569.2801313472661,672.5336103511723,831.5080976558598
2026-01-05 02:00:00+00:00,966.6659603515625,1071.6445370117187,1231.2573299804687,515.53186,620.51044,780.1232,546.7575789187632,651.7361555789195,811.3489485476695,616.0954596329921,721.0740362931483,880.6868292618983
2026-01-05 03:00:00+00:00,952.3855151367187,1058.7530688476563,1218.7715014648438,540.8405,647.20807,807.2265,594.0356371464761,700.4031908574136,860.4216234746011,682.4135296893268,788.7810834002643,948.7995160174518
2026-01-05 04:00:00+00:00,1026.8814616210939,1135.1847453125001,1295.6144328125001,583.24066,691.54395,851.97363,655.2388155993236,763.5420992907299,923.9717867907299,723.3048800219176,831.6081637133238,992.0378512133238
2026-01-05 05:00:00+00:00,1184.8976041992187,1294.2602140625,1455.4333708007812,566.4118,675.7744,836.9476,629.620082540292,738.9826924035732,900.1558491418544,706.0523241226067,815.414933985888,976.5880907241692
2026-01-05 06:00:00+00:00,1309.7233284179688,1421.4481819335938,1583.5172737304688,590.4191,702.144,864.2131,637.8548291180664,749.5796826336914,911.6487744305664,703.3680214470528,815.0928749626778,977.1619667595528
2026-01-05 07:00:00+00:00,1321.9596069335937,1435.70234375,1598.98212890625,595.2221,708.96484,872.2446,643.1933631378666,756.9360999542729,920.2158851105229,707.9572281969718,821.699965013378,984.979750169628
2026-01-05 08:00:00+00:00,1325.2579614257813,1442.8865625,1607.9579736328126,705.97296,823.60156,988.673,770.2635485009552,887.8921495751739,1052.9635607079863,833.7192015612882,951.3478026355069,1116.4192137683194
2026-01-05 09:00:00+00:00,1364.954006347656,1484.811672363281,1652.6901513671874,728.6065,848.4642,1016.34265,789.021722203848,908.879388219473,1076.7578672233792,837.1321579713983,956.9898239870233,1124.8683029909296
2026-01-05 10:00:00+00:00,1339.1887377929688,1458.8994921875,1627.9072436523438,697.76874,817.4795,986.48724,742.4196198918958,862.130374286427,1031.1381257512708,773.6018145471785,893.3125689417097,1062.3203204065535
2026-01-05 11:00:00+00:00,1368.3646345703123,1487.8862410156248,1657.2916365234373,657.32043,776.84204,946.24744,694.1435401332534,813.6651465785659,983.0705420863784,717.8186174453758,837.3402238906883,1006.7456193985008
2026-01-05 12:00:00+00:00,1366.8771353515626,1485.1562491210939,1654.1703482421876,617.32874,735.60785,904.62195,648.2179151759341,766.4970289454653,935.5111280665591,665.0256613904827,783.304775160014,952.3188742811077
2026-01-05 13:00:00+00:00,1374.4059310546875,1492.4837508789062,1661.600633203125,645.81433,763.89215,933.00903,674.7488200854938,792.8266399097125,961.9435222339313,699.5879700712228,817.6657898954415,986.7826722196603
2026-01-05 14:00:00+00:00,1376.0695499023436,1495.2038272460936,1665.7727359374999,733.17865,852.3129,1022.88184,771.5062517141971,890.6405290579471,1061.2094377493534,808.1939331712126,927.3282105149626,1097.8971192063689
2026-01-05 15:00:00+00:00,1397.5265942382812,1519.6672192382812,1693.13517578125,780.6966,902.8372,1076.3052,818.2226989926304,940.3633239926304,1113.831280535599,867.1205496722083,989.2611746722083,1162.729131215177
2026-01-05 16:00:00+00:00,1373.7610506835938,1498.0416903320313,1673.53845546875,815.49945,939.7801,1115.2769,858.5467281526203,982.8273678010578,1158.3241329377765,931.5256065315248,1055.8062461799623,1231.303011316681
2026-01-05 17:00:00+00:00,1344.355458203125,1472.5848283203125,1649.7173966796875,839.21216,967.4415,1144.5741,885.7278012766942,1013.9571713938817,1191.0897397532567,965.8790477176514,1094.1084178348387,1271.2409861942137
2026-01-05 18:00:00+00:00,1330.2185172851562,1464.58124921875,1643.2176017578124,824.5977,958.96045,1137.5968,866.1266587562257,1000.4893906898194,1179.125743228882,939.4427099164493,1073.805441850043,1252.4417943891056
2026-01-05 19:00:00+00:00,1285.70244140625,1424.7887451171875,1603.66337890625,778.68994,917.77625,1096.6509,819.9477391665907,959.0340428775282,1137.9086766665907,878.9927998688058,1018.0791035797433,1196.9537373688058
2026-01-05 20:00:00+00:00,1225.5796125976563,1365.49996171875,1543.72652421875,743.7979,883.71826,1061.9448,781.5343176986345,921.4546668197282,1099.6812293197283,840.9922793578303,980.912628478924,1159.139190978924
2026-01-05 21:00:00+00:00,1130.0905216796875,1269.3610294921875,1446.6456974609375,779.7147,918.9852,1096.2699,823.9963141967768,963.2668220092768,1140.5514899780267,897.1326599914543,1036.4031678039544,1213.6878357727044
2026-01-05 22:00:00+00:00,1078.9713753906249,1218.0016488281249,1394.1627816406249,797.8323,936.86255,1113.0237,849.7914565591511,988.8217299966511,1164.9828628091511,937.2391034064009,1076.2693768439008,1252.4305096564008
2026-01-05 23:00:00+00:00,1051.501826171875,1193.9044750976564,1369.945185546875,827.5593,969.962,1146.0027,885.5145539158209,1027.9172028416021,1203.957913290821,969.6948373894488,1112.09748631523,1288.1381967644488
2026-01-06 00:00:00+00:00,1023.9902238281251,1167.4864396484377,1342.3498429687502,757.2219,900.71814,1075.5815,823.0287291042296,966.5249449245421,1141.3883482448546,1025.1001798405387,1168.5963956608512,1343.4597989811637
2026-01-06 01:00:00+00:00,1008.8892716796875,1155.735829296875,1329.5203751953125,824.3085,971.155,1144.9396,903.1174763394213,1049.9640339566088,1223.7485798550463,1085.5582542524237,1232.4048118696112,1406.1893577680487
2026-01-06 02:00:00+00:00,1003.0149307617187,1155.4618912109374,1328.1064224609374,872.19403,1024.641,1197.2855,965.7137976778554,1118.1607581270741,1290.8052893770741,1116.138785920591,1268.5857463698098,1441.2302776198098
2026-01-06 03:00:00+00:00,1029.5176114257813,1187.4066495117188,1359.384737890625,856.9417,1014.83075,1186.8088,947.2581917546458,1105.1472298405833,1277.1253182194896,1090.3899288717803,1248.2789669577178,1420.257055336624
2026-01-06 04:00:00+00:00,1137.5145719726563,1298.7310026367188,1471.0683439453126,806.6163,967.8327,1140.17,889.7229337944383,1050.9393644585007,1223.2767057670944,1019.1733141476466,1180.389744811709,1352.7270861203028
2026-01-06 05:00:00+00:00,1239.532353515625,1403.0056201171874,1576.5058642578124,768.03735,931.5106,1105.0109,858.8630661311602,1022.3363327327227,1195.8365768733477,991.2353173853745,1154.708583986937,1328.208828127562
2026-01-06 06:00:00+00:00,1288.0053458984376,1455.0332389648438,1629.9184318359376,806.78455,973.81244,1148.6976,928.4248343620774,1095.4527274284837,1270.3379202995775,1133.0840391270108,1300.111932193417,1474.9971250645108
2026-01-06 07:00:00+00:00,1287.203428515625,1457.3349592773438,1633.5700056640626,791.2092,961.34076,1137.5758,908.5947623055291,1078.7262930672478,1254.9613394539665,1113.8076429470418,1283.9391737087606,1460.1742200954793
2026-01-06 08:00:00+00:00,1283.97773515625,1457.91328203125,1635.8804451171875,856.24854,1030.1841,1208.1512,1002.786422249254,1176.721969124254,1354.6891322101915,1192.4217806754048,1366.3573275504048,1544.3244906363423
2026-01-06 09:00:00+00:00,1283.62295078125,1459.402980078125,1640.221827734375,807.60205,983.3821,1164.2009,964.3801234002725,1140.1601526971476,1320.9790003533976,1156.5796316608528,1332.3596609577278,1513.1785086139778
2026-01-06 10:00:00+00:00,1284.2107584960936,1457.8059733398436,1641.9027140624999,762.14496,935.7402,1119.8369,868.393896419983,1041.989111263733,1226.0858519863893,1002.0270860719327,1175.6223009156827,1359.719041638339
2026-01-06 11:00:00+00:00,1319.9457966796876,1488.3707234375001,1674.1306111328126,735.7616,904.1865,1089.9464,820.8517434019377,989.2766701597502,1175.0365578550627,941.7276778893383,1110.1526046471508,1295.9124923424633
2026-01-06 12:00:00+00:00,1334.9754174804689,1497.8192895507814,1683.7484277343751,744.3029,907.1468,1093.0759,830.7796696373535,993.623541707666,1179.55267989126,947.7604430136348,1110.6043150839473,1296.533453267541
2026-01-06 13:00:00+00:00,1340.7766430664062,1499.610078125,1685.0711376953125,748.87164,907.7051,1093.1661,826.7173341281756,985.5507691867693,1171.0118287570817,933.0146805438676,1091.8481156024613,1277.3091751727738
2026-01-06 14:00:00+00:00,1336.5893603515624,1494.6466723632811,1680.2817431640624,776.28186,934.3392,1119.9742,850.648931011128,1008.7062430228467,1194.3413138236278,967.1676577942977,1125.2249698060164,1310.8600406067976
2026-01-06 15:00:00+00:00,1317.0300529296874,1474.5932853515624,1660.4804923828124,755.60925,913.1725,1099.0597,844.6294098736583,1002.1926422955333,1188.0798493267832,973.5750177534112,1131.1382501752862,1317.0254572065362
2026-01-06 16:00:00+00:00,1265.0394254882813,1423.169735546875,1609.380184765625,768.9036,927.03394,1113.2444,878.802260283382,1036.9325703419759,1223.1430195607259,1025.4140192195084,1183.5443292781022,1369.7547784968522
2026-01-06 17:00:00+00:00,1242.0860879882812,1401.0805948242187,1587.1850259765624,764.0052,922.9997,1109.1041,867.4423808482355,1026.436887684173,1212.5413188365167,1018.7829019993965,1177.777408835334,1363.8818399876777
2026-01-06 18:00:00+00:00,1253.8198486328124,1411.8332763671874,1597.3406005859374,710.65735,868.6708,1054.1781,802.0416778925555,960.0551056269305,1145.5624298456805,937.2294229138718,1095.2428506482468,1280.7501748669968
2026-01-06 19:00:00+00:00,1201.4582380859374,1357.4476790039062,1541.6752791015624,690.95154,846.941,1031.1686,777.2138058339219,933.2032467518907,1117.430846849547,898.2103880303742,1054.1998289483429,1238.4274290459991
2026-01-06 20:00:00+00:00,1129.3331485351564,1283.4854312500001,1465.9958072265626,666.36725,820.51953,1003.0299,750.8531450853553,905.0054278001991,1087.5158037767617,863.692506404731,1017.8447891195748,1200.3551650961372
2026-01-06 21:00:00+00:00,1053.166260546875,1204.728272265625,1385.49316484375,609.92456,761.4866,942.25146,689.8131349124752,841.3751466312252,1022.1400392093502,805.7798026464243,957.3418143651743,1138.1067069432993
2026-01-06 22:00:00+00:00,1019.6175952148438,1169.2757983398437,1348.4278979492187,632.1601,781.8183,960.9704,702.8373034851293,852.4955066101293,1031.6476062195043,816.7058656880317,966.3640688130317,1145.5161684224067
2026-01-06 23:00:00+00:00,1033.3271475585939,1182.0248404296876,1359.7416373046876,629.84125,778.53894,956.25574,687.1078063644215,835.8054992355153,1013.5222961105153,784.7442087444074,933.4419016155011,1111.1586984905011
2026-01-07 00:00:00+00:00,996.371494921875,1144.9375349609375,1320.7380110351562,592.5398,741.10583,916.9063,641.266246230391,789.8322862694534,965.6327623436722,732.4956317310812,881.0616717701437,1056.8621478443624
2026-01-07 01:00:00+00:00,985.9588842773437,1134.6004248046875,1307.795126953125,552.0439,700.6854,873.8801,587.2282365020728,735.8697770294166,909.0644791778541,665.8595205900973,814.501061117441,987.6957632658786
2026-01-07 02:00:00+00:00,971.5265751464844,1119.9697819335938,1291.4906559570313,500.76328,649.2065,820.72736,525.4862893665967,673.929496153706,845.4503701771436,585.6453319819229,734.0885387690323,905.6094127924698
2026-01-07 03:00:00+00:00,971.407140234375,1119.7136587890625,1290.464025,504.45874,652.76526,823.5156,522.9119602904649,671.2184788451524,841.9688450560899,565.9945671579404,714.3010857126279,885.0514519235654
2026-01-07 04:00:00+00:00,1080.3496939453125,1228.8181387695313,1399.274620703125,539.9513,688.41974,858.8762,550.2249146402714,698.6933594644902,869.1498413980839,578.7236457940072,727.192090618226,897.6485725518197
2026-01-07 05:00:00+00:00,1196.6719393554688,1346.5170931640625,1517.295535546875,593.34784,743.193,913.97144,598.3192992740873,748.164453082681,918.9428954654935,619.0610967421197,768.9062505507135,939.684692933526
2026-01-07 06:00:00+00:00,1253.040809765625,1406.5688859375,1578.477333203125,648.5725,802.1006,974.00903,662.7984913210262,816.3265674929012,988.2350147585262,688.2664169385689,841.7944931104439,1013.7029403760689
2026-01-07 07:00:00+00:00,1261.7725235351563,1417.245362890625,1590.9514786132813,643.0391,798.51196,972.2181,651.6640453883924,807.1368847438612,980.8430004665174,673.2706008557469,828.7434402112157,1002.4495559338719
2026-01-07 08:00:00+00:00,1293.5038321289062,1452.4590323242187,1628.921495703125,769.00543,927.96063,1104.4231,770.6679771612428,929.6231773565553,1106.0856407354615,780.4315886100371,939.3867888053496,1115.8492521842559
2026-01-07 09:00:00+00:00,1302.5147436523437,1462.7923315429687,1641.138095703125,714.23724,874.51483,1052.8606,714.2372436523438,874.5148315429688,1052.860595703125,717.434598480259,877.712186370884,1056.0579505310402
2026-01-07 10:00:00+00:00,1322.0044921875,1479.9191040039063,1659.0102294921876,654.7295,812.6441,991.7352,654.7294921875,812.6441040039062,991.7352294921875,654.7936400834886,812.7082518998949,991.7993773881761
2026-01-07 11:00:00+00:00,1300.7394596679687,1456.033954296875,1635.584003125,687.00116,842.29565,1021.8457,687.0011596679688,842.295654296875,1021.845703125,687.0011596679688,842.295654296875,1021.845703125
2026-01-07 12:00:00+00:00,1258.0306916992188,1415.6368318359375,1596.134756640625,803.279,960.88513,1141.383,803.3223920622173,960.9285321989361,1141.4264570036237,804.0927988219573,961.6989389586761,1142.1968637633636
2026-01-07 13:00:00+00:00,1213.615849609375,1375.0156909179686,1556.527958984375,850.24585,1011.6457,1193.158,851.3317799861845,1012.7316212947783,1194.2438893611845,855.7175371476714,1017.1173784562651,1198.6296465226715
2026-01-07 14:00:00+00:00,1228.3252229492186,1392.0421418945311,1574.270108203125,771.9235,935.64044,1117.8684,777.1107025495103,940.8276214948228,1123.0555878034165,789.0835657864347,952.8004847317472,1135.028451040341
2026-01-07 15:00:00+00:00,1207.4749951171875,1373.674580078125,1556.3211865234375,805.3075,971.5071,1154.1537,810.4000855329704,976.5996704939079,1159.2462769392205,825.5504830841287,991.7500680450662,1174.3966744903787
2026-01-07 16:00:00+00:00,1230.1424414062499,1396.6606298828124,1578.9565283203124,725.93994,892.4581,1074.754,730.3658492246908,896.8840377012533,1079.1799361387532,745.131280017772,911.6494684943345,1093.9453669318345
2026-01-07 17:00:00+00:00,1202.7578207031252,1369.0493246093752,1550.7595296875002,729.3762,895.6677,1077.3779,733.2859719858238,899.5774758920738,1081.2876809701988,744.4764570343232,910.7679609405732,1092.4781660186982
2026-01-07 18:00:00+00:00,1176.572099609375,1341.2255419921876,1521.6532763671876,699.4646,864.11804,1044.5458,702.9292677143221,867.5827100971346,1048.0104444721346,715.9801739369626,880.6336163197751,1061.0613506947752
2026-01-07 19:00:00+00:00,1128.7756616210938,1290.98421875,1469.3816796875,660.11566,822.3242,1000.7217,664.3462748350945,826.5548319640008,1004.9522929015008,682.7780457182873,844.9866028471936,1023.3840637846936
2026-01-07 20:00:00+00:00,1074.5524373046874,1233.4096760742186,1408.8786091796874,619.31824,778.1755,953.6444,622.7813745053882,781.6386132749194,957.1075463803882,643.0234837954299,801.8807225649612,977.3496556704299
2026-01-07 21:00:00+00:00,1019.933330078125,1173.7987475585937,1346.3704028320312,567.8508,721.71625,894.2879,573.5579490160598,727.4233664965285,899.995021769966,594.5138044042607,748.3792218847294,920.9508771581669
2026-01-07 22:00:00+00:00,1011.0898788085937,1160.78525234375,1331.0309188476563,581.4858,731.18115,901.4268,591.0343780538433,740.7297515889995,910.9754180929058,612.5660857697687,762.261459304925,932.5071258088312
2026-01-07 23:00:00+00:00,985.1017219726562,1130.2010872070312,1298.217871875,485.27252,630.3719,798.3887,499.83562000274407,644.9349852371191,812.9517699050879,522.8705883619435,667.9699535963185,835.9867382642873
2026-01-08 00:00:00+00:00,978.9763916015625,1124.2712524414062,1289.8775146484375,478.4889,623.78375,789.39,492.7505822442058,638.0454430840496,803.6517052910808,514.6064143567953,659.9012751966391,825.5075374036703
2026-01-08 01:00:00+00:00,1000.7972916992187,1147.5999040039062,1310.7151383789062,482.7165,629.5191,792.63434,499.66195296640996,646.4645652710975,809.5797996460975,528.2511413782678,675.0537536829553,838.1689880579553
2026-01-08 02:00:00+00:00,976.4371285644531,1124.3854623046875,1285.1325326171875,463.69803,611.64636,772.39343,486.0820537336937,634.030387473928,794.777457786428,509.75530951811504,657.7036432583494,818.4507135708494
2026-01-08 03:00:00+00:00,947.8263069335937,1096.943799609375,1256.1471077148437,474.7221,623.8396,783.0429,501.90933061832874,651.02682329411,810.2301313995788,533.5050636700502,682.6225563458314,841.8258644513002
2026-01-08 04:00:00+00:00,996.9338232421875,1149.9293676757811,1308.9597631835936,534.2938,687.28937,846.31976,561.239672305339,714.2352167389328,873.2656122467453,603.1185932744581,756.1141377080519,915.1445332158644
2026-01-08 05:00:00+00:00,1136.9058122070312,1294.6781510742187,1454.8721818359375,537.3875,695.15985,855.3539,562.8757718037135,720.648110670901,880.8421414326198,605.9308398125137,763.7031786797012,923.8972094414199
2026-01-08 06:00:00+00:00,1175.74705078125,1340.0743212890625,1502.1351123046875,599.03955,763.3668,925.4276,621.407694471893,785.7349649797055,947.7957559953305,654.7170718178609,819.0443423256734,981.1051333412984
2026-01-08 07:00:00+00:00,1206.3782943359374,1377.74072109375,1540.90478359375,672.0492,843.4116,1006.5757,691.02361249034,862.3860392481525,1025.5501017481524,724.289591294974,895.6520180527865,1058.8160805527864
2026-01-08 08:00:00+00:00,1209.4934701171874,1387.0366219726561,1551.9221810546874,710.6669,888.21,1053.0956,730.2903092478034,907.8334611032722,1072.7190201853034,760.3949262741303,937.938078129599,1102.8236372116303
2026-01-08 09:00:00+00:00,1204.90662109375,1387.176396484375,1553.1682177734374,727.5366,909.8064,1075.7982,750.2578416512987,932.5276170419237,1098.519438330986,784.5639149526421,966.8336903432671,1132.8255116323296
2026-01-08 10:00:00+00:00,1183.4856510742188,1368.0659733398438,1535.338739453125,702.90985,887.4902,1054.763,715.1320200200298,899.7123422856548,1066.985108398936,747.0252288538579,931.6055511194829,1098.8783172327642
2026-01-08 11:00:00+00:00,1198.2731274414064,1383.7495068359376,1551.9346875,737.5806,923.057,1091.2422,748.0060308261285,933.4824102206597,1101.6675908847221,759.242591419564,944.7189708140952,1112.9041514781577
2026-01-08 12:00:00+00:00,1188.7928930664061,1374.7330175781249,1544.2827001953124,759.5279,945.468,1115.0177,765.5295945883811,951.4697191000998,1121.0194017172873,783.7280651245298,969.6681896362486,1139.217872253436
2026-01-08 13:00:00+00:00,1169.2496719726564,1356.252235449219,1527.1515884765627,773.1788,960.18134,1131.0807,783.0875058352949,970.0900693118574,1140.9894223392012,794.3629846100408,981.3655480866033,1152.2649011139472
2026-01-08 14:00:00+00:00,1152.3772200195313,1341.2472151367188,1512.3006208984375,783.533,972.403,1143.4564,798.7876749478377,987.6576700650252,1158.7110758267438,817.7749166266061,1006.6449117437936,1177.6983175055123
2026-01-08 15:00:00+00:00,1165.0862141601563,1354.8493977539063,1525.6375447265625,741.252,931.0152,1101.8033,769.6585308592352,959.4217144529852,1130.2098614256415,805.2033750845221,994.9665586782721,1165.7547056509284
2026-01-08 16:00:00+00:00,1137.6129263671874,1327.2984732421874,1497.7773550781249,683.952,873.6376,1044.1165,716.3185721631305,906.0041190381305,1076.483000874068,775.8276145200075,965.5131613950075,1135.992043230945
2026-01-08 17:00:00+00:00,1115.9313517578125,1303.8550578125,1473.9096842773438,653.25305,841.17676,1011.2314,701.121003612608,889.0447096672955,1059.0993361321393,769.6166931739656,957.5403992286531,1127.5950256934968
2026-01-08 18:00:00+00:00,1058.4797094726564,1243.473728027344,1412.9171484375001,643.3272,828.3212,997.76465,685.1101894403809,870.1042079950684,1039.5476284052245,739.3141193945401,924.3081379492276,1093.7515583593838
2026-01-08 19:00:00+00:00,1035.2366162109374,1216.080732421875,1384.07267578125,573.0316,753.87573,921.8677,623.5649511252293,804.4090673361668,972.4010106955418,689.3209099537187,870.1650261646562,1038.1569695240312
2026-01-08 20:00:00+00:00,1016.0905085937501,1193.5903865234377,1359.485711230469,602.5913,780.0912,945.9865,648.8441712422963,826.3440491719838,992.239373879015,722.4402199757701,899.9400979054576,1065.8354226124889
2026-01-08 21:00:00+00:00,999.0788044921875,1173.3555989257811,1336.2909626953124,594.4071,768.6839,931.61926,649.6863051796345,823.9630996132282,986.8984633827595,726.4009447484699,900.6777391820636,1063.613102951595
2026-01-08 22:00:00+00:00,918.4045849609374,1091.111494140625,1251.8022290039062,626.1371,798.844,959.5347,695.7423888107925,868.44929799048,1029.140032853761,788.9072781852975,961.614187364985,1122.3049222282662
2026-01-08 23:00:00+00:00,856.755145703125,1029.4205509765625,1186.7357365234375,694.20435,866.86975,1024.1849,778.4198508608425,951.08525613428,1108.400441681155,893.9823232508385,1066.6477285242759,1223.9629140711509
2026-01-09 00:00:00+00:00,838.8373501953125,1012.4096158203125,1167.8142178710937,672.92395,846.4962,1001.9008,761.9681090134407,935.5403746384407,1090.944976689222,901.3002673789215,1074.8725330039215,1230.2771350547027
2026-01-09 01:00:00+00:00,826.5915152343749,1001.4778067382812,1155.998009375,674.0681,848.9544,1003.4746,783.1144634704013,958.0007549743076,1112.5209576110265,943.0856544766029,1117.9719459805092,1272.492148617228
2026-01-09 02:00:00+00:00,876.3889111328125,1052.2481640625,1205.7753857421876,723.8839,899.74316,1053.2704,858.3201258012663,1034.1793787309539,1187.7066004106414,1041.1959116578068,1217.0551645874943,1370.5823862671818
2026-01-09 03:00:00+00:00,882.4936703125,1059.2989681640624,1212.39357265625,743.3721,920.17737,1073.272,896.0975691634661,1072.9028670150287,1225.9974715072162,1119.643501417917,1296.4487992694794,1449.543403761667
2026-01-09 04:00:00+00:00,977.1954516601562,1155.8271044921876,1308.8034228515626,786.46295,965.0946,1118.0709,962.9637391981901,1141.5953920302213,1294.5717103895963,1247.477236192787,1426.1088890248182,1579.0852073841932
2026-01-09 05:00:00+00:00,1090.178840332031,1271.0349194335936,1423.9882275390623,825.81134,1006.6674,1159.6207,1015.0180986945795,1195.874177796142,1348.8274859016108,1325.2023655999344,1506.058444701497,1659.0117528069657
2026-01-09 06:00:00+00:00,1061.547549609375,1245.5550569335937,1399.0977205078125,810.05835,994.06586,1147.6085,1009.646334665515,1193.6538419897338,1347.1965055639525,1342.2495067865832,1526.257014110802,1679.7996776850207
2026-01-09 07:00:00+00:00,1132.4932185546875,1319.5950862304687,1474.04168046875,814.744,1001.8459,1156.2925,1018.5066692393772,1205.6085369151583,1360.0551311534396,1353.3102158237693,1540.4120834995506,1694.8586777378318
2026-01-09 08:00:00+00:00,1148.2322452148437,1338.6724307617187,1496.3551700195312,605.81635,796.25653,953.9393,816.3000956581068,1006.7402812049818,1164.4230204627943,1177.1188698763115,1367.5590554231865,1525.241794680999
2026-01-09 09:00:00+00:00,1177.02769609375,1369.739854296875,1531.0408796875,608.8335,801.54565,962.8467,829.0556129714561,1021.7677711745811,1183.068796565206,1207.583959592127,1400.296117795252,1561.597143185877
2026-01-09 10:00:00+00:00,1117.9864355468749,1312.1709448242186,1476.1211401367186,612.59644,806.78094,970.73114,850.8397929451658,1045.0243022225095,1208.9744975350095,1259.5246826332036,1453.7091919105474,1617.6593872230474
2026-01-09 11:00:00+00:00,1187.8375154296875,1383.07933671875,1548.7757478515625,629.4608,824.70264,990.39905,878.2944067229162,1073.5362280119787,1239.2326391447912,1312.3654152870579,1507.6072365761204,1673.3036477089329
2026-01-09 12:00:00+00:00,1205.1593554687502,1400.8472216796877,1567.8068774414064,628.21436,823.9022,990.8619,850.2523491600396,1045.940215370977,1212.8998711326958,1195.278813192414,1390.9666794033515,1557.9263351650702
2026-01-09 13:00:00+00:00,1189.7593530273439,1385.7357324218751,1553.4356225585939,653.14935,849.12573,1016.8256,875.5396456774452,1071.5160250719764,1239.2159152086952,1240.5785837954072,1436.5549631899385,1604.2548533266572
2026-01-09 14:00:00+00:00,1183.2446671875,1379.1271745117187,1546.2540666015625,701.21387,897.0964,1064.2233,936.7378706421239,1132.6203779663426,1299.7472700561864,1345.5382416815946,1541.4207490058134,1708.5476410956571
2026-01-09 15:00:00+00:00,1156.6636808593748,1352.1460416992186,1518.4343107421873,706.8904,902.37274,1068.661,957.5448162072984,1153.0271770471422,1319.315446090111,1387.8130275930594,1583.295388432903,1749.5836574758719
2026-01-09 16:00:00+00:00,1138.6893465820312,1333.281570703125,1498.173172265625,707.87775,902.47,1067.3616,946.9836861518626,1141.5759102729562,1306.4675118354562,1368.1178180672955,1562.7100421883893,1727.6016437508893
2026-01-09 17:00:00+00:00,1104.7265771484374,1298.0028833007811,1461.3191064453124,723.4291,916.7054,1080.0216,973.4560470588726,1166.7323532112164,1330.0485763557476,1418.9310144541337,1612.2073206064774,1775.5235437510087
2026-01-09 18:00:00+00:00,1042.5249763671875,1234.1041389648437,1396.354932421875,669.3583,860.93744,1023.18823,925.5085348212448,1117.087697418901,1279.3384908759322,1362.558933887798,1554.1380964854543,1716.3888899424855
2026-01-09 19:00:00+00:00,980.0711001953124,1169.5934390624998,1329.5794009765623,696.2052,885.72754,1045.7135,956.1725493701069,1145.6948882372944,1305.680850151357,1399.2806677258734,1588.803006593061,1748.7889685071234
2026-01-09 20:00:00+00:00,912.6609993164063,1099.9919319335938,1257.9696541015626,703.3443,890.67523,1048.653,971.1215045988229,1158.4524372160104,1316.4301593839791,1428.5435498566862,1615.8744824738737,1773.8522046418425
2026-01-09 21:00:00+00:00,904.25119140625,1089.994599609375,1246.5270703125,649.1587,834.9021,991.4346,928.4255510826773,1114.1689592858024,1270.7014299889274,1403.33889863294,1589.082306836065,1745.61477753919
2026-01-09 22:00:00+00:00,872.7617927734375,1056.9365974609375,1212.5993782226562,622.0951,806.2699,961.9327,901.601689507916,1085.776494195416,1241.4392749571348,1371.7192000292496,1555.8940047167496,1711.5567854784683
2026-01-09 23:00:00+00:00,838.664775390625,1021.6117358398437,1176.7535815429687,624.6448,807.59174,962.7336,906.5497361472474,1089.496696596466,1244.638542299591,1369.058667284664,1552.0056277338826,1707.1474734370076
2026-01-10 00:00:00+00:00,816.968601953125,1000.4805038085938,1158.7228744140625,643.2395,826.7514,984.9938,931.2460064260488,1114.7579082815175,1273.0002788869863,1408.7749825354747,1592.2868843909434,1750.5292549964122
2026-01-10 01:00:00+00:00,797.9195841796875,982.12331953125,1143.3548258789062,671.3163,855.52,1016.7515,964.7521227241785,1148.9558580757412,1310.1873644233974,1432.9872195303237,1617.1909548818862,1778.4224612295425
2026-01-10 02:00:00+00:00,801.6909033203125,987.1332250976562,1151.0899511718749,679.8634,865.3057,1029.2625,974.170642719203,1159.6129644965467,1323.5696905707655,1464.2507816020052,1649.693103379349,1813.6498294535677
2026-01-10 03:00:00+00:00,808.1282104492187,995.00986328125,1161.4782470703126,671.4782,858.35986,1024.8282,962.9557832251257,1149.837436057157,1316.3058198462195,1434.7886894908859,1621.6703423229171,1788.1387261119796
2026-01-10 04:00:00+00:00,826.580460546875,1015.8822793945312,1184.548722265625,637.11206,826.4139,995.0803,934.475859982173,1123.7776788298293,1292.444121700923,1421.5406956114791,1610.8425144591354,1779.5089573302291
2026-01-10 05:00:00+00:00,878.9630365234375,1071.4353875976562,1242.4305047851562,622.93494,815.4073,986.4024,904.2991586558794,1096.7715097300982,1267.7666269175982,1369.325288212933,1561.7976392871517,1732.7927564746517
2026-01-10 06:00:00+00:00,938.92439453125,1133.8135546875,1306.5684985351563,642.7544,837.64355,1010.3985,935.6076742125399,1130.49683436879,1303.2517782164462,1412.8629825191508,1607.7521426754008,1780.507086523057
2026-01-10 07:00:00+00:00,980.8137052734374,1178.2600553710936,1352.8519132812498,623.2904,820.73676,995.3286,906.5858564503362,1104.0322065479925,1278.6240644581487,1361.517816225402,1558.9641663230582,1733.5560242332144
2026-01-10 08:00:00+00:00,1062.508526953125,1260.99607578125,1436.7143375,631.3176,829.8052,1005.52344,910.8531252360208,1109.3406740641458,1285.0589357828958,1343.9082577446607,1542.3958065727857,1718.1140682915357
2026-01-10 09:00:00+00:00,1080.097608203125,1278.502881640625,1455.8363166992187,618.5559,816.9612,994.2946,883.1446297883697,1081.5499032258697,1258.8833382844634,1322.7354211945035,1521.1406946320035,1698.4741296905972
2026-01-10 10:00:00+00:00,1075.3576774414064,1273.132213574219,1452.3312492187501,606.2369,804.0114,983.21045,848.8051624764015,1046.5796986092141,1225.7787342537454,1273.1462282424159,1470.9207643752284,1650.1198000197596
2026-01-10 11:00:00+00:00,1092.2576114257813,1289.3492251953126,1470.5984927734376,589.3792,786.4708,967.7201,819.1576422008951,1016.2492559704264,1197.4985235485515,1272.4399729479692,1469.5315867175004,1650.7808542956254
2026-01-10 12:00:00+00:00,1045.86146640625,1242.8116006835937,1425.7105875,607.76807,804.7182,987.6172,777.3113871510277,974.2615214283715,1157.1605082447777,1149.854681161072,1346.8048154384157,1529.703802254822
2026-01-10 13:00:00+00:00,942.9542399414062,1139.9236002929688,1323.9775553710938,603.27594,800.2453,984.29926,766.691609573506,963.6609699250685,1147.7149250031935,1091.9665714246903,1288.9359317762528,1472.9898868543778
2026-01-10 14:00:00+00:00,1004.915987890625,1200.6727627929688,1386.924776953125,554.0901,749.84686,936.0989,707.1036465252405,902.8604214275842,1089.1124355877405,997.1549692273729,1192.9117441297167,1379.163758289873
2026-01-10 15:00:00+00:00,1053.765879345703,1246.7114665039062,1434.917704296875,511.36258,704.30817,892.5144,670.8993187739356,863.8449059321388,1052.0511437251075,974.4041420763403,1167.3497292345435,1355.5559670275122
2026-01-10 16:00:00+00:00,1094.4937214843749,1286.0647664062499,1473.8344197265624,578.5095,770.08057,957.8502,719.983053536369,911.554098458244,1099.3237517785565,1026.6696206748002,1218.2406655966752,1406.0103189169877
2026-01-10 17:00:00+00:00,1116.1341421875,1305.9258291992187,1492.9555533203124,536.94824,726.7399,913.76965,637.9257976203842,827.7174846321029,1014.7472087531967,956.5933961529813,1146.3850831647,1333.4148072857938
2026-01-10 18:00:00+00:00,998.3894083984376,1187.1877482421876,1373.3510783203126,544.0736,732.87195,919.0353,606.0154269555187,794.8137667992687,980.9770968773937,856.5794741152155,1045.3778139589654,1231.5411440370904
2026-01-10 19:00:00+00:00,947.0732299804688,1134.4539672851563,1319.0582763671875,536.4982,723.87897,908.4833,590.6443938082247,778.0251311129122,962.6294401949434,835.9674807716369,1023.3482180763244,1207.9525271583557
2026-01-10 20:00:00+00:00,932.4039111328125,1118.0038256835937,1300.8630786132812,516.3214,701.9213,884.7806,571.1607056202014,756.7606201709826,939.6198731006701,791.7414652859088,977.3413798366901,1160.2006327663776
2026-01-10 21:00:00+00:00,919.5861930664063,1102.889049511719,1283.7238883789064,489.5904,672.89325,853.7281,545.4109192066646,728.7137756519771,909.5486145191646,770.215095017992,953.5179514633045,1134.352790330492
2026-01-10 22:00:00+00:00,903.0211991699219,1083.914235058594,1262.5358781250002,466.5654,647.45844,826.0801,529.1524608532094,710.0454967418813,888.6671398082875,760.4027723408401,941.295808229512,1119.9174512959182
2026-01-10 23:00:00+00:00,939.9495581054687,1116.4406469726562,1293.4620703125,414.92206,591.41315,768.4346,482.8968137306722,659.3879025978597,836.4093259377034,710.1532065650476,886.6442954322351,1063.665718772079
2026-01-11 00:00:00+00:00,936.6784814453125,1106.9347680664064,1285.2489160156251,431.81848,602.07477,780.3889,473.8069695214873,644.063256142581,822.3774040917998,680.726175948737,850.9824625698308,1029.2966105190494
2026-01-11 01:00:00+00:00,873.7944543457031,1037.8829248046875,1216.3313500976562,462.59695,626.6854,805.13385,518.7457178146935,682.8341882736779,861.2826135666467,729.907419714214,893.9958901731984,1072.4443154661672
2026-01-11 02:00:00+00:00,901.1943481445312,1059.8352783203125,1237.4693115234375,481.08185,639.7228,817.3568,565.932246554544,724.5731767303253,902.2072099334503,765.0646267360729,923.7055569118542,1101.3395901149793
2026-01-11 03:00:00+00:00,923.1080940429688,1075.18066484375,1251.5285041992188,466.9289,619.00146,795.3493,550.0299942226306,702.1025650234119,878.4504043788806,744.6573333084934,896.7299041092747,1073.0777434647434
2026-01-11 04:00:00+00:00,963.8079304687499,1111.3425374023436,1287.5286946289061,483.01123,630.54584,806.732,539.4369852412271,686.9715921748209,863.1577494013834,729.7504736156027,877.2850805491964,1053.471237775759
2026-01-11 05:00:00+00:00,1036.98859296875,1178.2329166992188,1353.7897404296875,448.3003,589.5446,765.10144,482.18464563469405,623.4289693651629,798.9857930956316,655.2618978559798,796.5062215864485,972.0630453169173
2026-01-11 06:00:00+00:00,1071.8323666015626,1208.8311458984376,1384.4458309570314,478.72327,615.72205,791.33673,507.81256329279176,644.8113425896668,820.4260276482605,653.9787003560149,790.9774796528899,966.5921647114836
2026-01-11 07:00:00+00:00,1082.7128799804689,1217.6243179687501,1393.6507461914064,502.52948,637.4409,813.46735,532.6488053147267,667.560243303008,843.5866715256642,633.7333098733748,768.644747861656,944.6711760843123
2026-01-11 08:00:00+00:00,1091.6178311523438,1225.7822598632813,1402.5744961914063,516.72943,650.89386,827.6861,549.0790793978575,683.243508108795,860.03574443692,625.5930882219012,759.7575169328387,936.5497532609637
2026-01-11 09:00:00+00:00,1159.5892333984375,1293.06298828125,1470.2344360351562,514.46423,647.938,825.10944,558.7210518397145,692.194806722527,869.3662544764333,610.3809050047721,743.8546598875846,921.0261076414909
2026-01-11 10:00:00+00:00,1159.4940885742187,1292.6828703125,1470.2796720703125,544.8083,677.9971,855.5939,574.9931298783481,708.1819116166293,885.7787133744418,618.1410856584898,751.3298673967711,928.9266691545836
2026-01-11 11:00:00+00:00,1153.0671069335938,1286.3854663085938,1464.7255541992188,561.7221,695.04047,873.38055,590.3678299850973,723.6861893600973,902.0262772507223,636.7667757274031,770.0851351024031,948.4252229930281
2026-01-11 12:00:00+00:00,1157.8496711914063,1291.4678352539063,1470.851807421875,577.858,711.47614,890.8601,612.8331016032341,746.4512656657341,925.8352378337029,697.1928048270006,830.8109688895006,1010.1949410574694
2026-01-11 13:00:00+00:00,1161.6467578125,1295.9104296875,1476.3932177734375,621.11426,755.3779,935.8607,663.3704976608586,797.6341695358586,978.1169576217961,747.4113174545082,881.6749893295082,1062.1577774154457
2026-01-11 14:00:00+00:00,1172.848330859375,1308.62152421875,1490.3613313476562,612.29663,748.0698,929.80963,654.0142976799854,789.7874910393604,971.5272981682666,728.8686081343579,864.6418014937329,1046.3816086226393
2026-01-11 15:00:00+00:00,1137.4163533203125,1274.9971028320313,1457.4554768554688,601.33215,738.9129,921.3713,638.9707892947008,776.5515388064196,959.0099128298571,724.9523800932425,862.5331296049612,1044.9915036283987
2026-01-11 16:00:00+00:00,1198.453447265625,1336.2648486328126,1518.832841796875,562.28345,700.09485,882.66284,594.8854186085197,732.6968199757072,915.2648131397697,666.2457594717999,804.0571608389874,986.6251540030499
2026-01-11 17:00:00+00:00,1180.3329923828126,1316.0612028320313,1497.8070524414063,522.6222,658.3504,840.09625,545.8357840582851,681.5639945075038,863.3098441168788,593.2319958937385,728.9602063429572,910.7060559523322
2026-01-11 18:00:00+00:00,1143.3529606445313,1277.2131901367188,1457.5581608398438,537.40216,671.2624,851.60736,565.3562879396169,699.2165174318044,879.5614881349294,612.3798246528618,746.2400541450493,926.5850248481743
2026-01-11 19:00:00+00:00,1014.1691,1150.8755819335938,1330.8161947265626,578.25,714.9565,894.8971,613.3238731679791,750.0303551015728,929.9709678945416,665.644116706497,802.3505986400908,982.2912114330595
2026-01-11 20:00:00+00:00,1063.1590754882811,1200.8503596679686,1379.4965388671874,581.2474,718.93866,897.58484,620.3619281923302,758.0532123720177,936.6993915712364,670.8908164846598,808.5821006643473,987.2282798635661
2026-01-11 21:00:00+00:00,995.9008056640624,1131.8458740234373,1308.2385742187498,561.3883,697.3334,873.7261,598.9249797421741,734.8700481015491,911.2627482968616,649.4630431458181,785.4081115051931,961.8008117005056
2026-01-11 22:00:00+00:00,977.6885856445313,1111.0292228515625,1285.0919669921875,553.4803,686.8209,860.88367,589.2750424522557,722.6156796592869,896.6784237999119,644.8697493630203,778.2103865700516,952.2731307106766
2026-01-11 23:00:00+00:00,1039.9124829101563,1171.2218090820313,1342.8983227539063,550.045,681.3543,853.0308,580.0456490786896,711.3549752505646,883.0314889224396,636.6188882089104,767.9282143807854,939.6047280526604
2026-01-12 00:00:00+00:00,1055.3408984375,1181.21345703125,1349.7393359375,555.2334,681.10596,849.63184,577.5848385091042,703.4573971028542,871.9832760091042,635.3483518153473,761.2209104090973,929.7467893153473
2026-01-12 01:00:00+00:00,1046.83406328125,1169.369951953125,1335.1661555664064,607.79736,730.33325,896.12946,631.1763275427638,753.7122162146388,919.5084198279201,679.3473975148745,801.8832861867495,967.6794898000308
2026-01-12 02:00:00+00:00,1052.7785505859374,1172.8611311523437,1337.2575544921874,610.27185,730.35443,894.75085,633.8274740473618,753.910054613768,918.3064779536118,674.7896586107728,794.872239177179,959.2686625170228
2026-01-12 03:00:00+00:00,1045.4835774414062,1163.5732380859374,1327.3308064453124,599.7369,717.82654,881.5841,627.9903947713818,746.0800554159131,909.8376237752881,672.623537149123,790.7131977936542,954.4707661530292
2026-01-12 04:00:00+00:00,1146.3361865234374,1264.162724609375,1428.0622607421874,626.2787,744.1052,908.00476,661.7187945770327,779.5453326629702,943.4448687957827,719.930135796488,837.7566738824255,1001.656210015238
2026-01-12 05:00:00+00:00,1223.7674014648437,1343.240362890625,1508.0019595703125,714.8515,834.32446,999.08606,757.3220798918534,876.7950413176346,1041.556637997322,830.7775175795825,950.2504790053638,1115.0120756850513
2026-01-12 06:00:00+00:00,1300.5004215820313,1425.0341740234376,1593.292352734375,837.5496,962.0834,1130.3416,865.4988649097521,990.0326173511584,1158.290796062096,916.5466192107078,1041.080371652114,1209.3385503630516
2026-01-12 07:00:00+00:00,1313.1999169921874,1443.1933251953124,1615.2665673828124,857.4774,987.4708,1159.5441,882.7152272573393,1012.7086354604643,1184.7818776479642,927.1436537640998,1057.1370619672248,1229.2103041547248
2026-01-12 08:00:00+00:00,1318.9021353515625,1454.5275015625,1629.80386875,877.26624,1012.8916,1188.168,900.5957253960963,1036.2210916070337,1211.4974587945337,936.0487631930572,1071.6741294039946,1246.9504965914946
2026-01-12 09:00:00+00:00,1296.5102197265624,1436.5611230468749,1614.5293847656249,887.4127,1027.4636,1205.4319,904.631641671154,1044.6825449914663,1222.6508067102163,938.0556916277155,1078.106594948028,1256.074856666778
2026-01-12 10:00:00+00:00,1306.7112899414064,1449.5380111328127,1629.5785384765627,908.1822,1051.0089,1231.0494,916.2401975256043,1059.0669187170106,1239.1074460607606,935.0886007367383,1077.9153219281445,1257.9558492718945
2026-01-12 11:00:00+00:00,1297.9918278320313,1441.9972599609375,1623.2443302734375,895.9285,1039.934,1221.181,900.6423629736672,1044.6477951025734,1225.8948654150734,917.6262903237885,1061.6317224526947,1242.8787927651947
2026-01-12 12:00:00+00:00,1280.2588337890625,1424.4665974609375,1606.569502734375,883.93713,1028.1449,1210.2478,892.399133231017,1036.606896902892,1218.7098021763295,907.5349048512959,1051.742668523171,1233.8455737966085
2026-01-12 13:00:00+00:00,1241.0734416015625,1385.296219921875,1568.245438671875,882.64514,1026.8679,1209.8171,892.5816134652026,1036.804391785515,1219.753610535515,913.3398252095653,1057.5626035298778,1240.5118222798778
2026-01-12 14:00:00+00:00,1237.3106795898439,1380.7226668945314,1563.9224349609376,861.2441,1004.65607,1187.8558,867.6278003143622,1011.0397876190497,1194.2395556854558,891.6924295999106,1035.104416904598,1218.3041849710044
2026-01-12 15:00:00+00:00,1230.0718408203124,1372.1057153320312,1555.0222802734374,808.44934,950.4832,1133.3998,813.3515107611954,955.3853852729142,1138.3019502143204,835.6823061463795,977.7161806580982,1160.6327455995045
2026-01-12 16:00:00+00:00,1236.3591561523438,1377.6142831054688,1560.1151986328125,820.43256,961.6877,1144.1886,827.3159397604859,968.5710667136109,1151.0719822409546,855.1709824226396,996.4261093757646,1178.9270249031083
2026-01-12 17:00:00+00:00,1190.5638004882812,1333.0387760742187,1515.2549015625,828.3255,970.8005,1153.0166,835.3887170602237,977.8636926461612,1160.0798181344423,861.4703629981868,1003.9453385841243,1186.1614640724056
2026-01-12 18:00:00+00:00,1188.0152807617187,1330.59419921875,1512.3202734375,803.6628,946.2417,1127.9678,810.2206209766151,952.7995394336464,1134.5256136523965,829.0470851037894,971.6260035608207,1153.3520777795707
2026-01-12 19:00:00+00:00,1111.8857739257812,1255.3370068359375,1436.1875927734375,804.4183,947.8695,1128.7201,810.3672921589715,953.8185250691278,1134.6691110066279,828.6468518495133,972.0980847596695,1152.9486706971695
2026-01-12 20:00:00+00:00,1076.9001635742188,1219.2436083984376,1399.02400390625,755.91766,898.2611,1078.0415,760.1391033376825,902.4825481619013,1082.2629436697136,775.3757120106277,917.7191568348464,1097.499552342659
2026-01-12 21:00:00+00:00,1023.6644946289063,1161.3075,1338.3195239257811,696.2945,833.9375,1010.9495,701.3605298907819,839.0035352618756,1016.0155591876569,712.751797473883,850.3948028449768,1027.406826770758
2026-01-12 22:00:00+00:00,1012.6754940429688,1146.1764706054687,1320.5785091796874,668.5539,802.0549,976.4569,675.0590691458474,808.5600457083474,982.9620842825661,687.0267142007793,820.5276907632793,994.9297293374981
2026-01-12 23:00:00+00:00,1046.46988203125,1176.1905241210939,1348.2722501953126,653.9966,783.7172,955.79895,660.7338963982165,790.4545384880603,962.536264562279,673.1211706490535,802.8418127388973,974.923538813116
2026-01-13 00:00:00+00:00,1071.1687166015627,1198.9257966796877,1368.3333894531252,642.1295,769.8866,939.2942,646.9100986973916,774.6671787755166,944.0747715489541,660.5172882842221,788.2743683623471,957.6819611357846
2026-01-13 01:00:00+00:00,1077.1009895507814,1203.2151863281251,1370.6841804687501,641.1468,767.261,934.73,645.6285635932123,771.7427603705561,939.2117545111811,661.923562019141,788.0377587964847,955.5067529371097
2026-01-13 02:00:00+00:00,1060.808427734375,1185.3076342773438,1351.623857421875,637.5759,762.07513,928.39136,639.4320903598211,763.9312969027899,930.2475200473211,651.8398752958421,776.3390818388109,942.6553049833421
2026-01-13 03:00:00+00:00,1044.1289201171876,1167.72913984375,1333.3112931640626,647.1981,770.79834,936.3805,660.6244472407657,784.2246669673282,949.8068202876407,692.5685334230345,816.168753149597,981.7509064699095
2026-01-13 04:00:00+00:00,1154.5977424804687,1279.0567268554687,1444.8830818359374,667.75604,792.215,958.0414,688.8475762245097,813.3065605995097,979.1329155799784,728.7631468505202,853.2221312255202,1019.048486205989
2026-01-13 05:00:00+00:00,1233.0179313476563,1363.2908805664063,1531.523973828125,770.87213,901.1451,1069.3782,789.1709743982047,919.4439236169547,1087.6770168786736,827.0690885575601,957.3420377763101,1125.5751310380288
2026-01-13 06:00:00+00:00,1343.26001953125,1483.8910009765625,1656.4119970703125,877.3325,1017.9635,1190.4845,894.1523412213759,1034.7833226666885,1207.3043187604385,941.7834015352585,1082.414382980571,1254.935379074321
2026-01-13 07:00:00+00:00,1332.2655126953125,1483.054697265625,1660.493173828125,854.713,1005.5022,1182.9407,871.316801961166,1022.1059865314785,1199.5444630939785,915.3154011518451,1066.1045857221577,1243.5430622846577
2026-01-13 08:00:00+00:00,1390.1404704101562,1545.8816203125,1726.7772501953125,849.5372,1005.2783,1186.174,867.951482318407,1023.6926322207507,1204.5882621035632,905.7141616633078,1061.4553115656515,1242.350941448464
2026-01-13 09:00:00+00:00,1380.5117822265624,1538.6051049804687,1722.0437646484374,853.5143,1011.6076,1195.0463,863.4198606130079,1021.5131833669142,1204.951843034883,883.2161349667059,1041.3094577206123,1224.748117388581
2026-01-13 10:00:00+00:00,1328.3201302734374,1485.7405404296874,1670.8988656249999,810.556,967.97644,1153.1348,813.520306227761,970.940716384011,1156.0990415793235,820.1779181029628,977.5983282592128,1162.7566534545253
2026-01-13 11:00:00+00:00,1309.109765625,1462.3396240234374,1647.8784423828124,787.75977,940.9896,1126.5284,788.4625468444626,941.6924052429001,1127.2312236022751,788.4625468444626,941.6924052429001,1127.2312236022751
2026-01-13 12:00:00+00:00,1222.59457109375,1371.3319978515624,1556.352139453125,762.5679,911.3053,1096.3254,764.6858072161759,913.4232339739884,1098.4433755755508,764.6858072161759,913.4232339739884,1098.4433755755508
2026-01-13 13:00:00+00:00,1310.22136796875,1456.247491015625,1640.937920703125,799.34717,945.3733,1130.0637,799.9654895332316,945.9916125801066,1130.6820422676064,799.9654895332316,945.9916125801066,1130.6820422676064
2026-01-13 14:00:00+00:00,1331.22566484375,1476.7526423828126,1661.4989802734376,811.56396,957.09094,1141.8373,814.3943546078079,959.9213321468704,1144.6676700374956,814.6370144673813,960.1639920064438,1144.9103298970688
2026-01-13 15:00:00+00:00,1327.3820947265624,1470.8234399414061,1654.927138671875,774.8346,918.27594,1102.3796,780.6592468157354,924.1005920305792,1108.2042907610478,786.4127238751513,929.854069089995,1113.9577678204637
2026-01-13 16:00:00+00:00,1247.3799951171875,1391.5530297851562,1575.400869140625,848.12,992.293,1176.1409,852.8643759228711,997.0374105908398,1180.8852499463087,858.2907840446592,1002.4638187126279,1186.3116580680967
2026-01-13 17:00:00+00:00,1292.76224609375,1438.95658203125,1622.707802734375,859.17725,1005.3716,1189.1228,864.5561576415362,1010.7504935790362,1194.5017142821612,871.0682614095603,1017.2625973470603,1201.0138180501851
2026-01-13 18:00:00+00:00,1289.30576171875,1434.5646728515626,1617.2419189453126,746.59326,891.8522,1074.5294,753.9207470270682,899.1796581598807,1081.8569042536305,762.9107978628135,908.169708995626,1090.846955089376
2026-01-13 19:00:00+00:00,1210.1394376953126,1349.2778654296876,1529.20035078125,610.60364,749.74207,929.66455,621.3164983026926,760.4549260370676,940.3774113886301,637.3086666601971,776.4470943945721,956.3695797461346
2026-01-13 20:00:00+00:00,1174.8018025390625,1306.05216875,1482.7123860351562,534.5426,665.79297,842.4532,544.3926924007613,675.6430586116988,852.3032758968551,564.9483326442678,696.1986988552053,872.8589161403615
2026-01-13 21:00:00+00:00,1091.610097216797,1215.446553515625,1388.4696248046876,471.0759,594.91235,767.9354,480.13183176473603,603.9682880635642,776.9913593526267,509.1076817015436,632.9441380003717,805.9672092894342
2026-01-13 22:00:00+00:00,1118.7589216796875,1236.9298811523438,1405.045420703125,438.40222,556.5732,724.6887,449.1449338971656,567.3158933698219,735.4314329206031,480.9704449946522,599.1414044673085,767.2569440180897
2026-01-13 23:00:00+00:00,1104.9368090820312,1218.683330078125,1383.3245654296875,390.2918,504.03833,668.67957,401.3421663357898,515.0886873318835,679.729922683446,429.51904832097443,543.2655693170682,707.9068046686307
2026-01-14 00:00:00+00:00,1092.734910888672,1206.0977648925782,1367.381669921875,374.1899,487.55276,648.8367,378.157217615734,491.52007161964025,652.8039766489371,391.14978724719356,504.5126412510998,665.7965462803967
2026-01-14 01:00:00+00:00,1104.9693904296876,1218.0956721679688,1376.9418635742188,379.1327,492.25897,651.10516,385.7485547185424,498.87483645682363,657.7210278630736,403.6394150679147,516.7656968061959,675.6118882124459
2026-01-14 02:00:00+00:00,1110.614512158203,1223.516367626953,1380.8901774414062,377.5862,490.48807,647.8619,388.66695360729193,501.56880907604193,658.942618890495,418.6470653388647,531.5489208076146,688.9227306220678
2026-01-14 03:00:00+00:00,1139.7993838867187,1252.6388614257812,1409.1621768554687,366.32098,479.16046,635.6838,385.9231261555113,498.7626036945738,655.2859191242612,433.02522140695993,545.8646989460225,702.38801437571
2026-01-14 04:00:00+00:00,1189.948602734375,1304.7411442382813,1461.2230778320313,404.4353,519.22784,675.7098,434.8505691054048,549.6431106093111,706.1250442030611,492.8205105271213,607.6130520310276,764.0949856247776
2026-01-14 05:00:00+00:00,1318.3111206054687,1436.4123779296874,1594.0771118164062,402.58612,520.6874,678.3521,452.20789249015957,570.3091498143783,727.9738837010971,515.1850028716847,633.2862601959034,790.9509940826222
2026-01-14 06:00:00+00:00,1362.2794563476564,1485.5537483398439,1645.6694709960939,458.13776,581.41205,741.5278,513.7221056162563,636.9963976084438,797.1121202646938,576.4861864569338,699.7604784491213,859.8762011053713
2026-01-14 07:00:00+00:00,1384.9219807617187,1511.6260212890625,1675.7566365234375,480.66278,607.3668,771.49744,545.0912428686523,671.7952833959961,835.9258986303711,624.4302389473078,751.1342794746515,915.2648947090265
2026-01-14 08:00:00+00:00,1386.2780265625001,1516.2660636718751,1683.770397167969,513.8447,643.83276,811.3371,594.7888419137132,724.7768790230882,892.281212519182,684.1471360240025,814.1351731333775,981.6395066294713
2026-01-14 09:00:00+00:00,1415.0758618164064,1550.3875073242189,1721.200556640625,605.32086,740.6325,911.44556,690.289268628564,825.6009141363764,996.4139634527827,776.8712439369763,912.1828894447888,1082.995938761195
2026-01-14 10:00:00+00:00,1372.9952067382812,1511.6781291015625,1685.0261515625,599.0794,737.7623,911.11035,695.1022160612895,833.7851384245707,1007.1331608855082,785.9811797634056,924.6641021266869,1098.0121245876244
2026-01-14 11:00:00+00:00,1389.9883993164062,1530.0340536132812,1704.8462484375,586.4068,726.45245,901.26465,690.377272973289,830.422927270164,1005.2351220943827,779.3637358823057,919.4093901791807,1094.2215850033995
2026-01-14 12:00:00+00:00,1310.8488752929688,1451.0655500976563,1626.4204084960938,589.9797,730.19635,905.5512,692.7963582208246,833.0130330255121,1008.3678914239496,803.9677064985082,944.1843813031957,1119.539239701633
2026-01-14 13:00:00+00:00,1390.9896452148437,1534.0622770507812,1710.6645719726562,594.81635,737.889,914.4913,697.0176350075121,840.0902668434496,1016.6925617653246,813.0551254616539,956.1277572975914,1132.7300522194664
2026-01-14 14:00:00+00:00,1378.8957528320311,1524.8277596679686,1702.6996468749999,571.56915,717.50116,895.37305,708.1881912786566,854.1201981145941,1031.9920853216254,867.1947679042163,1013.1267747401538,1190.9986619471852
2026-01-14 15:00:00+00:00,1355.8245174804688,1505.6392147460938,1684.7290584960938,596.7404,746.5551,925.64496,752.2085619838194,902.0232592494444,1081.1131029994444,947.7772493718529,1097.591946637478,1276.681790387478
2026-01-14 16:00:00+00:00,1296.8176382812499,1448.2080191406249,1627.3134878906249,556.96924,708.3596,887.4651,727.4344445138678,878.8248253732428,1057.9302941232427,960.0052079224429,1111.3955887818179,1290.5010575318179
2026-01-14 17:00:00+00:00,1252.3031640625,1406.7255883789062,1586.393740234375,555.05566,709.4781,889.14624,733.6442758625853,888.0667001789916,1067.7348520344603,990.2895531100346,1144.7119774264409,1324.3801292819096
2026-01-14 18:00:00+00:00,1217.5830021484376,1374.1931095703126,1552.9790592773438,562.6322,719.2423,898.02826,724.3797098725072,880.9898172943822,1059.7757670014134,948.1626694613145,1104.7727768831896,1283.5587265902209
2026-01-14 19:00:00+00:00,1155.1025374023438,1313.815244921875,1490.330869921875,575.67084,734.38354,910.8992,738.0042876609045,896.7169951804358,1073.2326201804358,975.7617119338872,1134.4744194534185,1310.9900444534185
2026-01-14 20:00:00+00:00,1096.6229174804687,1255.680107421875,1429.010185546875,590.6154,749.6726,923.0027,750.4954724319341,909.5526623733404,1082.8827404983404,997.5965048124962,1156.6536947539025,1329.9837728789025
2026-01-14 21:00:00+00:00,1021.7229833984376,1179.4895849609375,1349.411337890625,573.183,730.9496,900.87134,744.5273954916046,902.2939970541046,1072.2157499837922,1003.3428846129534,1161.1094861754534,1331.031239105141
2026-01-14 22:00:00+00:00,1016.78562421875,1173.3472086914062,1340.100565625,561.0073,717.5689,884.32227,750.2548267189218,906.816411191578,1073.5697681251718,1040.0092672036972,1196.5708516763534,1363.3242086099472
2026-01-14 23:00:00+00:00,946.4010676757812,1101.5166072265624,1265.349248828125,558.41437,713.5299,877.36255,765.205929058241,920.3214686090223,1084.1541102105848,1064.2396347604563,1219.3551743112375,1383.1878159128
2026-01-15 00:00:00+00:00,985.4130151367187,1142.7756860351562,1301.6564233398437,558.4655,715.8282,874.7089,760.6080041433311,917.9706750417686,1076.851412346456,1056.4038938024505,1213.766564700888,1372.6473020055755
2026-01-15 01:00:00+00:00,987.7066836914063,1146.8545718750001,1301.235614355469,544.8658,704.0137,858.3947,755.1761359827376,914.3240241663314,1068.7050666468,1063.2110817769335,1222.3589699605272,1376.740012440996
2026-01-15 02:00:00+00:00,958.5446411132813,1119.1882568359374,1272.0920043945312,528.06964,688.71326,841.617,744.7117436983604,905.3553594210166,1058.2591069796104,1059.3375786441222,1219.9811943667785,1372.8849419253722
2026-01-15 03:00:00+00:00,943.994443359375,1106.3146948242188,1258.1539282226563,534.86694,697.1872,849.0264,756.0690360646215,918.3892875294653,1070.2285209279028,1058.994986815831,1221.3152382806747,1373.1544716791122
2026-01-15 04:00:00+00:00,1037.7125561523437,1202.1235668945312,1353.9229443359375,560.18256,724.59357,876.39294,779.1974922240684,943.6085029662559,1095.407880407662,1085.4779391209804,1249.888949863168,1401.6883273045742
2026-01-15 05:00:00+00:00,1151.2668961914062,1318.9982194335937,1471.5927018554687,621.8111,789.5424,942.1369,841.2154875147608,1008.9468107569483,1161.5412931788233,1119.2252122909226,1286.9565355331101,1439.5510179549851
2026-01-15 06:00:00+00:00,1187.9121215820312,1360.7832153320312,1514.2808959960937,690.2371,863.1082,1016.6059,871.7887727280968,1044.6598664780968,1198.1575471421593,1114.1462088134974,1287.0173025634974,1440.51498322756
2026-01-15 07:00:00+00:00,1241.31087734375,1418.2948861328125,1573.0821786132813,668.9468,845.9308,1000.7181,834.7861855644106,1011.7701943534731,1166.5574868339418,1043.2787703201307,1220.2627791091932,1375.050071589662
2026-01-15 08:00:00+00:00,1240.5856192382812,1421.696398046875,1578.557726171875,687.0247,868.1355,1024.9968,850.7787220078966,1031.8895008164905,1188.7508289414905,1056.7546354969081,1237.8654143055019,1394.7267424305019
2026-01-15 09:00:00+00:00,1245.5715454101562,1429.2420776367187,1589.413525390625,657.02155,840.6921,1000.8635,802.7098945243517,986.3804267509142,1146.5518745048205,1009.3935771144493,1193.0641093410118,1353.235557094918
2026-01-15 10:00:00+00:00,1244.3653840820311,1429.6489534179686,1592.783780078125,632.5262,817.80975,980.9446,770.1325018183192,955.4160711542567,1118.550897814413,938.1476778241165,1123.431247160054,1286.5660738202102
2026-01-15 11:00:00+00:00,1255.5093326171875,1441.670831640625,1606.8840274414063,616.39343,802.55493,967.7681,744.95831263218,931.1198116556175,1096.3330074563987,887.305348859112,1073.4668478825495,1238.6800436833307
2026-01-15 12:00:00+00:00,1245.12529296875,1431.0123779296875,1597.378466796875,602.3003,788.1874,954.55347,669.4916732751474,855.3787582360849,1021.7448471032724,780.9707057459258,966.8577907068633,1133.2238795740507
2026-01-15 13:00:00+00:00,1233.7980313476562,1419.2067227539062,1586.6836514648437,606.49713,791.9058,959.38275,690.7646784387764,876.1733698450264,1043.650298555964,821.4664719647214,1006.8751633709714,1174.352092081909
2026-01-15 14:00:00+00:00,1228.5718115234376,1413.3010595703126,1581.4451025390626,608.7318,793.46106,961.6051,702.0281416164748,886.7573896633498,1054.9014326320998,833.1960841469527,1017.9253321938277,1186.0693751625777
2026-01-15 15:00:00+00:00,1165.0514143554688,1351.2835310546875,1519.2735823242188,646.5197,832.75183,1000.7419,743.680342668257,929.9124593674758,1097.902510637007,867.2885213196914,1053.5206380189102,1221.5106892884414
2026-01-15 16:00:00+00:00,1164.6859293945313,1350.7330485351563,1517.8671427734375,622.5076,808.55475,975.68884,724.0419600197743,910.0890791603993,1077.2231733986805,849.6987683623108,1035.7458875029358,1202.879981741217
2026-01-15 17:00:00+00:00,1179.530984765625,1363.9388216796874,1530.3485506835937,581.5569,765.9647,932.37445,691.246362716108,875.6541996301705,1042.0639286340768,824.9202075220051,1009.3280444360676,1175.7377734399738
2026-01-15 18:00:00+00:00,1112.317530078125,1294.0165657226562,1459.69472734375,513.5383,695.23737,860.9155,595.6697788948771,777.3688145394084,943.0469761605021,723.4829068535628,905.181942498094,1070.8601041191878
2026-01-15 19:00:00+00:00,1066.3518026367187,1245.2987020507812,1409.8007162109375,527.7077,706.6546,871.1566,621.9409651756406,800.8878645897031,965.3898787498593,741.8153339247312,920.7622333387937,1085.26424749895
2026-01-15 20:00:00+00:00,990.402607421875,1166.856953125,1329.9454541015625,522.3601,698.81445,861.90295,623.5710056995999,800.0253514027249,963.1138523792874,764.7124036750288,941.1667493781538,1104.2552503547163
2026-01-15 21:00:00+00:00,939.2027340332031,1112.9316463867187,1274.2990169921875,475.00613,648.73505,810.1024,589.6526995384417,763.3816118919573,924.748982497426,743.8905268710014,917.619439224517,1078.9868098299858
2026-01-15 22:00:00+00:00,915.1061727539063,1086.0743124023438,1245.5970174804688,452.12457,623.0927,782.6154,580.650430597379,751.6185702458165,911.1412753239415,739.7050655178912,910.6732051663287,1070.1959102444537
2026-01-15 23:00:00+00:00,920.9479699707032,1088.33099609375,1245.9476953125,408.57547,575.9585,733.5752,531.5465347884499,698.9295609114968,856.5462601302468,690.6199641236935,858.0029902467404,1015.6196894654904
2026-01-16 00:00:00+00:00,894.8765991210937,1060.358837890625,1218.59931640625,382.9516,548.43384,706.6743,475.77515319631107,641.2573919658423,799.4978704814673,624.9409676714616,790.4232064409929,948.6636849566179
2026-01-16 01:00:00+00:00,883.7172958007814,1047.7788802734376,1207.5148421875,377.4632,541.5248,701.26074,483.8834268817688,647.9450113544251,807.6809732684876,643.6658717243263,807.7274561969825,967.463418111045
2026-01-16 02:00:00+00:00,906.32150390625,1070.37814453125,1230.5206005859375,400.2915,564.34814,724.4906,509.2100625838515,673.2667032088515,833.409159263539,657.6231038017143,821.6797444267143,981.8222004814018
2026-01-16 03:00:00+00:00,956.549559765625,1120.2659293945312,1281.1871940429687,403.79126,567.5076,728.4289,507.26198575737413,670.9783553862803,831.8996200347178,658.6213651214339,822.3377347503401,983.2589993987776
2026-01-16 04:00:00+00:00,1062.0849971191406,1225.7887629882812,1388.554326953125,378.0983,541.80206,704.5676,480.071042306661,643.7748081758016,806.5403721406453,620.4480596780453,784.1518255471859,946.9173895120297
2026-01-16 05:00:00+00:00,1103.7726130859376,1270.8979182617188,1435.7196956054688,479.6234,646.7487,811.5705,592.844865394216,759.9701705699972,924.7919479137472,744.2223160043397,911.347621180121,1076.169398523871
2026-01-16 06:00:00+00:00,1155.1987451171876,1326.9127954101564,1493.8825219726564,530.33875,702.0528,869.0225,656.9717613018797,828.6858115948485,995.6555381573485,809.186434054958,980.9004843479267,1147.8702109104267
2026-01-16 07:00:00+00:00,1149.9183358398438,1326.0527352539063,1495.193543359375,548.46674,724.60114,893.74194,686.2598163608063,862.3942157748688,1031.5350238803376,867.3580195079242,1043.4924189219867,1212.6332270274554
2026-01-16 08:00:00+00:00,1193.1527205078125,1372.2127180664063,1543.6522322265625,584.546,763.606,935.04553,708.6840612904008,887.7440588489945,1059.1835730091507,859.4501599667649,1038.5101575253586,1209.9496716855149
2026-01-16 09:00:00+00:00,1206.1927058593749,1386.8199641601561,1560.4545466796874,604.5935,785.22076,958.85535,712.9205328975254,893.5477911983066,1067.182373717838,831.43558760478,1012.0628459055613,1185.6974284250925
2026-01-16 10:00:00+00:00,1245.3172216796875,1426.098837890625,1601.62837890625,572.5897,753.37134,928.9009,692.4391522844414,873.2207684953789,1048.750309511004,796.950784881427,977.7324010923645,1153.2619421079894
2026-01-16 11:00:00+00:00,1245.3392423828125,1426.2988981445312,1603.1372770507812,576.27844,757.2381,934.0765,698.1062406868117,879.0658964485305,1055.9042753547806,814.4348167701338,995.3944725318526,1172.2328514381027
2026-01-16 12:00:00+00:00,1217.9889860351564,1398.4102506835939,1576.1909513671876,550.8907,731.31195,909.09265,669.6896156205154,850.1108802689529,1027.8915809525465,778.0248872157741,958.4461518642116,1136.2268525478053
2026-01-16 13:00:00+00:00,1214.429014453125,1395.5768416015626,1573.6015608398438,581.4348,762.58264,940.60736,702.5666188963107,883.7144460447482,1061.7391652830295,811.2021234199618,992.3499505683993,1170.3746698066807
2026-01-16 14:00:00+00:00,1234.1129084960937,1417.896905078125,1594.7947932617187,605.1137,788.8977,965.7956,754.2691585814753,938.0531551635065,1114.9510433471003,920.0485868581601,1103.8325834401912,1280.730471623785
2026-01-16 15:00:00+00:00,1199.1250805664063,1386.4992260742188,1561.912373046875,678.0201,865.3942,1040.8074,857.3733921105119,1044.7475376183243,1220.1606845909805,1090.4987002673683,1277.8728457751808,1453.285992747837
2026-01-16 16:00:00+00:00,1179.3668123046875,1368.3251252929688,1541.690908984375,660.3026,849.2609,1022.6267,851.1418390885641,1040.1001520768452,1213.4659357682515,1109.2349481876845,1298.1932611759657,1471.559044867372
2026-01-16 17:00:00+00:00,1063.7566047851565,1254.0840583984377,1424.9708992187502,686.9024,877.22986,1048.1167,887.7437885623197,1078.071242175601,1248.9580829959134,1188.5770385026276,1378.9044921159089,1549.7913329362214
2026-01-16 18:00:00+00:00,1053.625167578125,1242.9813077148438,1410.9863736328125,652.62427,841.9804,1009.9855,863.1228126300828,1052.4789527668015,1220.4840186847703,1171.566498284695,1360.9226384214137,1528.9277043393824
2026-01-16 19:00:00+00:00,1052.3855224609374,1239.8561645507812,1405.3108154296874,626.598,814.06866,979.5233,861.0385708163112,1048.509212906155,1213.9638637850612,1183.6912627321751,1371.1619048220189,1536.6165557009251
2026-01-16 20:00:00+00:00,1023.1323193359375,1208.2394360351564,1371.3137768554689,619.9398,805.04694,968.1213,857.7736759711963,1042.880792670415,1205.9551334907276,1183.1562290201027,1368.2633457193215,1531.337686539634
2026-01-16 21:00:00+00:00,955.5461059570313,1138.5005737304687,1299.269677734375,623.6961,806.6506,967.4197,861.6580664943726,1044.6125342678101,1205.3816382717164,1204.889951207125,1387.8444189805625,1548.6135229844688
2026-01-16 22:00:00+00:00,940.207881640625,1121.311824511719,1279.8531453125001,652.0237,833.1276,991.66895,902.3490866730821,1083.453029544176,1241.9943503449572,1278.457271183212,1459.5612140543058,1618.102534855087
2026-01-16 23:00:00+00:00,870.0599015625,1049.9015153320313,1205.9082291992188,667.0791,846.9207,1002.9274,915.8848052091791,1095.7264189787104,1251.733132845898,1303.8765991190437,1483.718212888575,1639.7249267557625
2026-01-17 00:00:00+00:00,884.0294880859375,1063.7220540039061,1221.6269001953124,653.7953,833.48785,991.3927,884.7553795097976,1064.4479454277664,1222.3527916191726,1221.5129237818267,1401.2054896997954,1559.1103358912017
2026-01-17 01:00:00+00:00,908.0485766601562,1087.027275390625,1248.3002856445312,596.1036,775.0823,936.3553,823.2636021684892,1002.242300898958,1163.5153111528643,1158.7288606228285,1337.7075593532973,1498.9805696072035
2026-01-17 02:00:00+00:00,862.646805078125,1041.3000643554687,1205.5920565429687,617.2727,795.92596,960.21796,846.6854967368479,1025.3387560141916,1189.6307482016916,1179.8686791109496,1358.5219383882934,1522.8139305757934
2026-01-17 03:00:00+00:00,862.2078703125,1040.5648039062498,1207.143966503906,593.1846,771.5415,938.12067,824.9388417820056,1003.2957753757556,1169.8749379734118,1147.139229722477,1325.496163316227,1492.0753259138833
2026-01-17 04:00:00+00:00,887.9024853515625,1066.9693188476563,1235.7179150390625,580.61,759.6768,928.4254,793.8174785463859,972.8843120424797,1141.632908233886,1074.7238219514086,1253.7906554475023,1422.5392516389086
2026-01-17 05:00:00+00:00,910.4130419921876,1090.4190844726563,1261.8441943359376,596.18054,776.1866,947.6117,778.2949570294531,958.3009995099219,1129.7261093732031,1015.2687987511105,1195.274841231579,1366.6999510948604
2026-01-17 06:00:00+00:00,979.6323681640624,1161.8199291992187,1335.2288037109374,625.11487,807.3024,980.7113,803.0992589741,985.2868200092563,1158.695694520975,1020.3212915569642,1202.5088525921205,1375.9177271038393
2026-01-17 07:00:00+00:00,1054.6826782226562,1238.142333984375,1413.3995361328125,568.9952,752.45483,927.71204,744.9619605203027,928.4216162820214,1103.678818430459,959.7695971329258,1143.2292528946446,1318.486455043082
2026-01-17 08:00:00+00:00,1097.7949447265623,1281.5969466796873,1459.2986068359373,555.24084,739.04285,916.7445,739.874720506921,923.676722460046,1101.378382616296,953.7122396178762,1137.514241571001,1315.215901727251
2026-01-17 09:00:00+00:00,1093.0927921875,1275.0691715820312,1455.07570234375,569.792,751.7684,931.7749,728.1482168503748,910.124596244906,1090.1311270066246,906.1032618204391,1088.0796412149703,1268.086171976689
2026-01-17 10:00:00+00:00,1093.5579670898437,1272.8227986328125,1455.0173787109375,545.86127,725.1261,907.3207,708.1708266187476,887.4356581617163,1069.6302382398412,878.9347822219959,1058.1996137649646,1240.3941938430896
2026-01-17 11:00:00+00:00,1100.9153662109375,1276.5286474609375,1460.5186987304687,526.31287,701.92615,885.9162,662.9626274989051,838.5759087489051,1022.5659600184364,839.0420992063629,1014.6553804563629,1198.645431725894
2026-01-17 12:00:00+00:00,1119.400974121094,1290.6310766601564,1474.923435058594,523.4985,694.7286,879.02094,621.1201764524262,792.3502789914887,976.6426373899262,745.2746921125465,916.504794651609,1100.7971530500465
2026-01-17 13:00:00+00:00,1145.6886865234376,1313.4360620117188,1497.5898095703126,533.6537,701.40106,885.5548,637.8077648658307,805.5551403541119,989.7088879127057,757.5920108046031,925.3393862928843,1109.4931338514782
2026-01-17 14:00:00+00:00,1146.6047908203125,1312.6376887695312,1496.7839290039062,539.9806,706.0135,890.1597,649.9040339091405,815.9369318583592,1000.0831720927342,791.465615829273,957.4985137784918,1141.6447540128668
2026-01-17 15:00:00+00:00,1160.4812532226563,1326.7084260742188,1511.146963671875,550.66705,716.8942,901.33276,659.4115660299833,825.6387388815458,1010.077276479202,796.369111695815,962.5962845473775,1147.0348221450338
2026-01-17 16:00:00+00:00,1115.2208073242186,1280.39152265625,1464.431805859375,515.5075,680.6782,864.7185,611.2223467632049,776.3930620952361,960.4333452983611,734.8437751516246,900.0144904836559,1084.054773686781
2026-01-17 17:00:00+00:00,1091.184970703125,1256.7031591796874,1440.2646215820312,545.7825,711.30066,894.8621,633.7232638840737,799.2414523606362,982.80291476298,756.0035358400969,921.5217243166594,1105.0831867190032
2026-01-17 18:00:00+00:00,1129.5392724609376,1296.2760278320313,1479.0984765625,548.8168,715.5535,898.376,624.6061018049419,791.3428571760356,974.1653059065044,730.5203927039403,897.257148075034,1080.0795968055027
2026-01-17 19:00:00+00:00,1049.1679264648437,1215.48195234375,1397.108173046875,512.0546,678.36865,859.9949,591.7578434283822,758.0718693072885,939.6980900104135,696.6290331262765,862.9430590051827,1044.5692797083077
2026-01-17 20:00:00+00:00,1011.3237072753907,1175.9879223632813,1355.88947265625,485.0187,649.6829,829.5845,567.7855438829803,732.4497589708709,912.3513092638397,670.3487299992298,835.0129450871204,1014.9144953800892
2026-01-17 21:00:00+00:00,960.8250228515625,1122.4155990234376,1299.9454452148439,459.75842,621.349,798.87885,539.5934892446553,701.1840654165303,878.7139116079366,630.0587834391713,791.6493596110463,969.1792058024525
2026-01-17 22:00:00+00:00,939.7157380859376,1098.1509797851563,1273.1876619140626,447.57654,606.0118,781.04846,518.486241911729,676.9214836109478,851.958165739854,598.6526657222888,757.0879074215076,932.1245895504138
2026-01-17 23:00:00+00:00,925.4901416015625,1080.335234375,1252.9740893554688,447.64514,602.49023,775.1291,509.6212787071182,664.4663714805557,837.1052264610245,578.3794719262406,733.2245646996781,905.8634196801469
2026-01-18 00:00:00+00:00,912.8186381347656,1059.779728222656,1231.2943156249999,479.37784,626.3389,797.8535,524.7381615355431,671.6992516234337,843.2138390257775,576.0106139931851,722.9717040810757,894.4862914834194
2026-01-18 01:00:00+00:00,949.2495438964844,1089.83636640625,1260.2148454101562,501.99374,642.58057,812.95905,540.5393919991661,681.1262145089318,851.504693512838,590.2560512764466,730.8428737862122,901.2213527901184
2026-01-18 02:00:00+00:00,940.8009416015625,1078.05667890625,1248.149208203125,527.20764,664.4634,834.5559,567.1079550817303,704.3636923864178,874.4562216832928,626.840897797723,764.0966351024105,934.1891643992855
2026-01-18 03:00:00+00:00,958.4983650390625,1092.854932421875,1262.5569587890625,535.33167,669.68823,839.39026,574.534138654946,708.8907060377585,878.592732404946,643.5807723411842,777.9373397239967,947.6393660911842
2026-01-18 04:00:00+00:00,987.9340795898438,1121.0817236328126,1291.187802734375,559.5566,692.7042,862.8103,597.025895203688,730.1735392466568,900.2796183482193,674.2803827135565,807.4280267565252,977.5341058580877
2026-01-18 05:00:00+00:00,1030.26744140625,1161.1523291015626,1331.3187719726564,536.43994,667.3248,837.4913,572.0730627049112,702.9579504002237,873.1243932713174,642.1161323210999,773.0010200164124,943.1674628875062
2026-01-18 06:00:00+00:00,1051.8459716796874,1181.4652954101562,1352.328271484375,544.996,674.6153,845.4783,576.4695869767887,706.0889107072575,876.9518867814762,627.1085238962239,756.7278476266927,927.5908237009114
2026-01-18 07:00:00+00:00,1112.3843327148438,1241.481317578125,1412.7114201171876,532.87103,661.968,833.1981,556.2471043784917,685.344089241773,856.5741917808355,597.6881519057724,726.7851367690537,898.0152393081162
2026-01-18 08:00:00+00:00,1136.6275415039063,1265.0052270507813,1436.237587890625,525.73004,654.1077,825.3401,553.9769145305149,682.3546000773899,853.5869609172337,605.3083009700173,733.6859865168923,904.918347356736
2026-01-18 09:00:00+00:00,1178.0220678710937,1305.9130590820312,1477.3475073242187,540.05707,667.94806,839.3825,568.4367359945132,696.3277272054507,867.7621754476382,613.6122495416942,741.5032407526317,912.9376889948192
2026-01-18 10:00:00+00:00,1286.4114615234375,1413.846886328125,1585.448448828125,546.26306,673.6985,845.30005,572.1440779632011,699.5795027678886,871.1810652678886,594.0857973246802,721.5212221293677,893.1227846293677
2026-01-18 11:00:00+00:00,1167.8642350585937,1294.7817765625,1466.5091935546875,574.70844,701.626,873.3534,596.5511747668284,723.4687162707346,895.1961332629221,612.7426766722887,739.6602181761949,911.3876351683824
2026-01-18 12:00:00+00:00,1148.9128930664062,1274.93138671875,1446.29955078125,562.9029,688.9214,860.28955,574.4857771317992,700.5042707841429,871.8724348466429,585.5392469197803,711.5577405721241,882.9259046346241
2026-01-18 13:00:00+00:00,1124.79163984375,1250.1505265625,1421.5109391601563,570.48584,695.8447,867.20514,581.2418542950226,706.6007410137726,877.9611536114288,589.4179134634435,714.7768001821935,886.1372127798497
2026-01-18 14:00:00+00:00,1128.6515861328126,1253.3689323242188,1424.4933219726563,543.5558,668.27313,839.3975,553.385665667882,678.1030118592882,849.2274015077257,568.0149371217535,692.7322833131598,863.8566729615973
2026-01-18 15:00:00+00:00,1191.2785546875,1315.5076806640625,1486.6539819335937,540.33105,664.5602,835.7065,556.8806361486106,681.1097621251731,852.2560633947044,581.5542622941562,705.7833882707187,876.9296895402499
2026-01-18 16:00:00+00:00,1251.4456323242189,1374.9787744140626,1545.7243798828126,549.58563,673.1188,843.8644,564.4984627078481,688.0316047976919,858.7772102664419,594.11464382338,717.6477859132237,888.3933913819737
2026-01-18 17:00:00+00:00,1220.720342578125,1344.15808671875,1514.7830256835937,578.42114,701.8589,872.4838,598.5035954918538,721.9413396324788,892.5662785973226,637.9643863407772,761.4021304814022,932.027069446246
2026-01-18 18:00:00+00:00,1186.2474975585938,1309.8468627929688,1480.7227783203125,571.8725,695.47186,866.3478,600.6941814895674,724.2935467239424,895.1694622512862,648.5663617041381,772.1657269385131,943.0416424658569
2026-01-18 19:00:00+00:00,1139.7239217773438,1262.8328084960938,1432.9914388671875,561.1923,684.3012,854.45984,597.4743364366152,720.5832231553652,890.741853526459,650.8449219133931,773.9538086321431,944.1124390032369
2026-01-18 20:00:00+00:00,1094.1335546875,1215.9364721679688,1384.5140478515625,525.20605,647.009,815.58655,560.4192160307102,682.222133511179,850.7997091947727,610.3560360140445,732.1589534945133,900.736529178107
2026-01-18 21:00:00+00:00,1032.9512296875,1153.1657072265625,1320.315243359375,502.75293,622.9674,790.11694,531.4133011895406,651.6277787286031,818.7773148614156,583.6014885808245,703.815966119887,870.9655022526995
2026-01-18 22:00:00+00:00,1031.7514285644531,1150.6611270507813,1316.3311099609375,504.07303,622.9827,788.6527,529.6634903544574,648.5731888407855,814.2431717509418,573.838668842629,692.7483673289571,858.4183502391134
2026-01-18 23:00:00+00:00,1021.71413984375,1139.7270182617187,1304.0572184570312,500.73584,618.7487,783.0789,528.3129214488572,646.325799866826,810.6560000621384,560.3295015168335,678.3423799348022,842.6725801301147
2026-01-19 00:00:00+00:00,1049.9980793945313,1165.6929646484375,1328.916475390625,500.22638,615.92126,779.1448,528.4265380569141,644.1214233108203,807.3449340530078,571.2799834425241,686.9748686964303,850.1983794386178
2026-01-19 01:00:00+00:00,1088.7901009765624,1202.7786263671874,1365.3351449218749,505.7135,619.702,782.25854,535.9149456378275,649.9034710284525,812.45998958314,580.9899715110366,694.9784969016616,857.5350154563491
2026-01-19 02:00:00+00:00,1120.8491317382811,1233.4951888671874,1395.5664779296874,500.40753,613.0536,775.1249,539.4219871585027,652.068044287409,814.139333349909,579.7892831463158,692.4353402752221,854.5066293377221
2026-01-19 03:00:00+00:00,1125.7996020507812,1237.6023974609375,1399.7098193359375,495.0296,606.8324,768.9398,535.623811009345,647.4266064195012,809.5340282945012,569.2213850738174,681.0241804839736,843.1316023589736
2026-01-19 04:00:00+00:00,1197.2304809570312,1308.8355834960937,1471.3553588867187,497.24298,608.8481,771.36786,531.1735090746008,642.7786116136633,805.2983870042883,563.3962810222718,675.0013835613343,837.5211589519593
2026-01-19 05:00:00+00:00,1299.0640014648438,1410.904150390625,1573.9874633789063,518.4765,630.31665,793.39996,543.4290982152841,655.2692471410653,818.3525601293466,575.5722774939433,687.4124264197245,850.4957394080058
2026-01-19 06:00:00+00:00,1414.293361816406,1526.7016870117186,1690.4922143554686,534.88336,647.2917,811.0822,548.7930750003054,661.2014001956179,824.9919275393679,580.9459557842144,693.354280979527,857.144808323277
2026-01-19 07:00:00+00:00,1417.1809390624999,1530.3135074218749,1694.9372867187499,556.35254,669.4851,834.1089,575.0010453024728,688.1336136618478,852.7573929587228,611.3723921937486,724.5049605531236,889.1287398499986
2026-01-19 08:00:00+00:00,1450.5327750976562,1564.3968498046875,1729.8411247070312,581.8995,695.76355,861.2078,598.8863763234785,712.7504510305098,878.1947259328535,621.5691490432921,735.4332237503234,900.8774986526671
2026-01-19 09:00:00+00:00,1434.122705859375,1549.0160774414062,1715.4667610351562,617.8435,732.7369,899.18756,621.5257136690968,736.4190852511281,902.8697688448781,629.3262327859616,744.2196043679928,910.6702879617428
2026-01-19 10:00:00+00:00,1427.8622770507811,1544.0027799804686,1711.6418791015624,621.389,737.5295,905.1686,624.5575709235218,740.6980738532093,908.337172974303,625.4703263092147,741.6108292389022,909.2499283599959
2026-01-19 11:00:00+00:00,1408.2941788085936,1525.121632421875,1693.6635025390624,618.4858,735.31323,903.8551,620.9353701518149,737.7628237650962,906.3046938822837,621.4097337417433,738.2371873550245,906.779057472212
2026-01-19 12:00:00+00:00,1379.3691259765624,1496.3609472656249,1665.5225683593749,604.6666,721.65845,890.82007,604.6666259765625,721.658447265625,890.820068359375,604.6666259765625,721.658447265625,890.820068359375
2026-01-19 13:00:00+00:00,1364.5434114257814,1481.4624177734377,1651.1623079101564,600.9417,717.8607,887.5606,600.9417114257812,717.8607177734375,887.5606079101562,600.9417114257812,717.8607177734375,887.5606079101562
2026-01-19 14:00:00+00:00,1381.7861482421874,1498.2423860351562,1668.0744172851562,598.93445,715.3907,885.2227,598.9344482421875,715.3906860351562,885.2227172851562,598.9344482421875,715.3906860351562,885.2227172851562
2026-01-19 15:00:00+00:00,1385.6604125976562,1501.8975952148437,1671.7644775390625,586.9854,703.2226,873.0895,588.238266776628,704.4754493938156,874.3423317180343,589.0425772697599,705.2797598869474,875.1466422111662
2026-01-19 16:00:00+00:00,1349.4096313476562,1465.7266479492187,1635.7396484375,599.68463,716.00165,886.01465,600.7149436859,717.0319602874625,887.0449607757438,603.0390928789026,719.3561094804651,889.3691099687463
2026-01-19 17:00:00+00:00,1372.449463671875,1488.65429765625,1658.4834602539063,592.27026,708.4751,878.30426,592.326008341923,708.530842326298,878.3600049239543,593.6501096124533,709.8549435968283,879.6841061944846
2026-01-19 18:00:00+00:00,1309.6433984374999,1425.2670556640624,1594.585354003906,578.9834,694.60706,863.92535,579.5963589812378,695.2200162078003,864.5383145476441,579.5963589812378,695.2200162078003,864.5383145476441
2026-01-19 19:00:00+00:00,1264.1504020507814,1378.9499015625001,1547.3913078125001,569.6546,684.4541,852.8955,571.406954293085,686.2064538048038,854.6478600548038,572.2794755711718,687.0789750828906,855.5203813328906
2026-01-19 20:00:00+00:00,1210.7757495117187,1324.2415087890624,1491.4410327148437,554.33075,667.7965,834.99603,559.0682702592836,672.5340295366274,839.7335534624086,561.477175504632,674.9429347819757,842.142458707757
2026-01-19 21:00:00+00:00,1136.8340185546874,1249.0208471679687,1414.8196752929687,557.5565,669.74335,835.5422,563.3001307720422,675.4869593853234,841.2857875103234,568.2820258544796,680.4688544677608,846.2676825927608
2026-01-19 22:00:00+00:00,1098.2965446289063,1209.4597526367188,1373.9223380859376,550.32574,661.48895,825.95154,556.3812551991682,667.5444632069807,832.0070486561995,556.4544115545121,667.6176195623246,832.0802050115434
2026-01-19 23:00:00+00:00,1095.2431413085937,1206.1344376953125,1369.5258561523437,581.14984,692.04114,855.43256,587.2911935508612,698.1824899375799,861.5739083946112,590.6186057053376,701.5099020920563,864.9013205490876
2026-01-20 00:00:00+00:00,1105.7598779296875,1216.0347802734375,1377.7280786132812,581.6249,691.8998,853.5931,584.6200405384699,694.8949428822199,856.5882412220636,584.6200405384699,694.8949428822199,856.5882412220636
2026-01-20 01:00:00+00:00,1117.8409196289062,1227.9789201171875,1388.7942887695312,574.3101,684.4481,845.2635,582.4887166124753,692.6267171007565,853.4420857531003,584.1843042438132,694.3223047320945,855.1376733844382
2026-01-20 02:00:00+00:00,1130.6422485351563,1241.4511474609376,1401.742041015625,561.49225,672.30115,832.59204,566.6432427460718,677.452141671853,837.7430352265405,569.7428925913775,680.5517915171588,840.8426850718463
2026-01-20 03:00:00+00:00,1118.338720703125,1230.030859375,1390.0876220703126,585.4387,697.13086,857.1876,587.6032814620598,699.2954201339348,859.3521828292473,591.3976207464938,703.0897594183688,863.1465221136813
2026-01-20 04:00:00+00:00,1223.180712890625,1336.1293823242188,1496.3251831054688,580.6682,693.6169,853.8127,583.8063619656314,696.7550313992251,856.9508321804751,588.2539613960024,701.2026308295962,861.3984316108462
2026-01-20 05:00:00+00:00,1309.8501204101563,1425.2349470703125,1586.3763044921875,593.2559,708.64075,869.7821,600.7053364998857,716.0901631600419,877.2315205819169,604.2018802054706,719.5867068656269,880.7280642875019
2026-01-20 06:00:00+00:00,1368.1240974609375,1486.2227302734375,1649.0145393554687,603.3949,721.4935,884.28534,604.804585566896,722.903218379396,885.6950274614272,612.2457212185125,730.3443540310125,893.1361631130437
2026-01-20 07:00:00+00:00,1453.998937109375,1573.4539541992187,1738.3653311523437,644.11304,763.56805,928.47943,645.7445096242458,765.1995267140895,930.1109036672145,646.7114286087622,766.1664456986059,931.0778226517309
2026-01-20 08:00:00+00:00,1419.338276953125,1540.7537432617187,1708.3381548828124,704.7864,826.20184,993.78625,707.195431358338,828.6108976669318,996.1953092880256,714.9168232537689,836.3322895623627,1003.9167011834564
2026-01-20 09:00:00+00:00,1440.440597265625,1562.6092374023438,1732.5861661132813,627.8147,749.98334,919.96027,627.814697265625,749.9833374023438,919.9602661132812,627.814697265625,749.9833374023438,919.9602661132812
2026-01-20 10:00:00+00:00,1506.7611157226563,1628.9079052734376,1800.3762890625,625.7061,747.8529,919.3213,625.7061157226562,747.8529052734375,919.3212890625,625.7061157226562,747.8529052734375,919.3212890625
2026-01-20 11:00:00+00:00,1452.1800952148437,1573.4298510742187,1745.368388671875,626.4726,747.72235,919.6609,626.4725952148438,747.7223510742188,919.660888671875,626.4725952148438,747.7223510742188,919.660888671875
2026-01-20 12:00:00+00:00,1398.583347167969,1518.405368652344,1690.3747900390626,617.05585,736.87787,908.8473,617.0558471679688,736.8778686523438,908.8472900390625,617.0558471679688,736.8778686523438,908.8472900390625
2026-01-20 13:00:00+00:00,1393.5053946289063,1512.8852774414063,1685.0949942382813,622.232,741.6119,913.8216,622.2319946289062,741.6118774414062,913.8215942382812,622.2319946289062,741.6118774414062,913.8215942382812
2026-01-20 14:00:00+00:00,1378.9250276367188,1498.0602815429688,1670.4689729492188,625.4108,744.5461,916.9548,625.4108276367188,744.5460815429688,916.9547729492188,625.4108276367188,744.5460815429688,916.9547729492188
2026-01-20 15:00:00+00:00,1330.7302595703127,1450.0874373046877,1623.1465193359377,663.77356,783.13074,956.1898,663.7735595703125,783.1307373046875,956.1898193359375,663.7735595703125,783.1307373046875,956.1898193359375
2026-01-20 16:00:00+00:00,1275.8282707031249,1395.8188102539061,1569.4316032226561,697.6575,817.648,991.2608,697.657470703125,817.6480102539062,991.2608032226562,697.657470703125,817.6480102539062,991.2608032226562
2026-01-20 17:00:00+00:00,1337.2900716796876,1457.2986166015626,1630.494051171875,637.8085,757.817,931.01245,637.8084716796875,757.8170166015625,931.012451171875,637.8084716796875,757.8170166015625,931.012451171875
2026-01-20 18:00:00+00:00,1319.091083203125,1438.715594921875,1610.82081953125,613.0403,732.6648,904.77,613.040283203125,732.664794921875,904.77001953125,613.040283203125,732.664794921875,904.77001953125
2026-01-20 19:00:00+00:00,1278.4147883789062,1396.237237109375,1566.1221248046875,568.2281,686.05054,855.9354,568.2280883789062,686.050537109375,855.9354248046875,568.6468086828127,686.4692574132814,856.3541451085939
2026-01-20 20:00:00+00:00,1218.9300471679687,1335.0262385742187,1502.494073046875,568.11835,684.21454,851.6824,568.4529503059074,684.5491417121574,852.0169761848136,569.6752743530255,685.7714657592755,853.2393002319318
2026-01-20 21:00:00+00:00,1145.0765974609376,1258.9967024414063,1424.0536482421876,515.0824,629.0025,794.05945,515.7457643505152,629.6658693309839,794.7228151317652,518.6716852843658,632.5917902648346,797.6487360656158
2026-01-20 22:00:00+00:00,1134.4189200195312,1247.1743521484375,1410.3013052734375,533.7205,646.47595,809.6029,535.2255678158573,647.9809999447635,811.1079530697635,536.9114701917364,649.6669023206426,812.7938554456426
2026-01-20 23:00:00+00:00,1113.0228048339843,1223.8425985351562,1385.668953515625,494.3912,605.211,767.03735,495.1427986266593,605.9625923278312,767.7889473083,499.7817659256487,610.6015596268205,772.4279146072893
2026-01-21 00:00:00+00:00,1106.464168701172,1219.443203125,1379.121181640625,489.11667,602.0957,761.7737,495.5970172693675,608.5760516931956,768.2540302088206,505.08639977292387,618.065434196752,777.743412712377
2026-01-21 01:00:00+00:00,1114.8162426757813,1229.723408203125,1387.2261547851563,470.39874,585.3059,742.80865,480.6132161563493,595.5203816836931,753.0231282657244,499.84588782753525,614.7530533548791,772.2557999369103
2026-01-21 02:00:00+00:00,1111.8175341796875,1228.1291186523438,1384.1213671875,448.09753,564.4091,720.40137,471.7896270518685,588.1012115245247,744.093460059681,511.4410899483091,627.7526744209654,783.7449229561216
2026-01-21 03:00:00+00:00,1124.152510546875,1242.1282795898437,1397.8724202148437,473.8308,591.8066,747.5507,509.24952384829896,627.2252928912677,782.9694335162677,562.4899668628309,680.4657359057996,836.2098765307996
2026-01-21 04:00:00+00:00,1184.0771557617188,1305.4779125976563,1462.182197265625,518.77216,640.1729,796.8772,557.7841388333209,679.1848956692584,835.8891803372271,623.9446090420112,745.3453658779487,902.0496505459174
2026-01-21 05:00:00+00:00,1214.100165234375,1343.7841862304688,1503.3246525390625,559.78687,689.4709,849.01135,597.4916785407183,727.1756995368121,886.7161658454058,660.2667354218524,789.9507564179462,949.49122272654
2026-01-21 06:00:00+00:00,1224.7439306640626,1361.7563818359376,1523.8576391601564,560.21643,697.2289,859.33014,604.892168982914,741.904620154789,904.0058774790077,684.5383781615384,821.5508293334134,983.6520866576321
2026-01-21 07:00:00+00:00,1231.6554963867188,1375.4043977539063,1540.3881624023438,577.1413,720.8902,885.87396,629.6738466018614,773.4227479690489,938.4065126174864,725.1335073916866,868.8824087588741,1033.8661734073116
2026-01-21 08:00:00+00:00,1264.6816536132812,1411.0670295898437,1579.2096077148437,568.63995,715.0253,883.1679,631.3240686843452,777.7094446609077,945.8520227859077,736.9981870154179,883.3835629919804,1051.5261411169804
2026-01-21 09:00:00+00:00,1320.712880078125,1468.2174577148437,1638.41722578125,573.4446,720.94916,891.1489,641.450101238763,788.9546788754817,959.154446941888,727.2519913028419,874.7565689395607,1044.9563370059668
2026-01-21 10:00:00+00:00,1334.1785278320312,1481.5546875,1653.3077392578125,600.0535,747.4297,919.18274,639.4046507302437,786.7808103982125,958.533862156025,703.9064457870795,851.2826054550483,1023.0356572128608
2026-01-21 11:00:00+00:00,1351.6258772460938,1498.7171858398438,1671.14156328125,603.2192,750.3105,922.73486,646.1247401088193,793.2160487025693,965.6404261439756,725.9588091427123,873.0501177364623,1045.4744951778687
2026-01-21 12:00:00+00:00,1373.3923135742189,1520.455851171875,1693.1303506835939,650.1364,797.19995,969.87445,701.4397946616592,848.5033322593155,1021.1778317710342,788.1340728792482,935.1976104769044,1107.8721099886232
2026-01-21 13:00:00+00:00,1330.6515934570311,1477.6177799804686,1650.4463322265624,628.3758,775.342,948.17053,683.6324967356818,830.5986832591193,1003.427235505213,766.9655648950671,913.9317514185046,1086.7603036645983
2026-01-21 14:00:00+00:00,1265.662071875,1414.0006338867188,1587.2894522460938,646.0137,794.35223,967.64105,750.3971278678498,898.7356898795686,1072.0245082389436,893.4618192115051,1041.800381223224,1215.089199582599
2026-01-21 15:00:00+00:00,1277.2090714843748,1427.6211198242186,1601.2632707031248,652.9158,803.3278,976.97,773.7362349453905,924.1482832852342,1097.7904341641404,928.7476865588526,1079.1597348986963,1252.8018857776026
2026-01-21 16:00:00+00:00,1279.302001171875,1430.7535392578125,1604.5401603515625,663.4812,814.93274,988.71936,780.6178962109083,932.0694342968458,1105.8560553905959,939.1682339239889,1090.6197720099262,1264.4063931036762
2026-01-21 17:00:00+00:00,1262.9161384765625,1414.990967578125,1588.325684375,631.04944,783.12427,956.459,739.6131428090723,891.6879719106348,1065.0226887075098,915.5028255453551,1067.5776546469176,1240.9123714437926
2026-01-21 18:00:00+00:00,1225.849639453125,1377.9021907226563,1549.7787776367188,639.32544,791.378,963.2546,742.41913885396,894.4716901234913,1066.3482770375538,914.0962780582782,1066.1488293278094,1238.0254162418719
2026-01-21 19:00:00+00:00,1173.078935546875,1323.1154956054688,1493.153642578125,555.28394,705.3205,875.35864,658.0799467610982,808.116506819692,978.1546537923482,851.7693013074875,1001.8058613660812,1171.8440083387375
2026-01-21 20:00:00+00:00,1080.0709123046875,1227.1711930664062,1395.1270646484375,535.7401,682.8404,850.79626,643.384676824634,790.4849575863527,958.440829168384,832.3872853552699,979.4875661169887,1147.4434376990198
2026-01-21 21:00:00+00:00,1021.5623844726563,1166.9254215820313,1332.496161328125,553.8741,699.2371,864.80786,674.8843460436119,820.2473831529869,985.8181228990807,856.4729510111507,1001.8359881205257,1167.4067278666193
2026-01-21 22:00:00+00:00,999.88314453125,1143.143459472656,1306.351955566406,536.41064,679.67096,842.87946,663.7325165887144,806.9928315301206,970.2013276238706,846.6827717559657,989.943086697372,1153.151582791122
2026-01-21 23:00:00+00:00,992.0926953124999,1133.449384765625,1295.034833984375,475.8877,617.2444,778.82983,599.6782990805306,741.0349885336556,902.6204377524056,770.2960241749713,911.6527136280963,1073.2381628468463
2026-01-22 00:00:00+00:00,1020.39851484375,1163.2308512695313,1322.1742716796875,456.4077,599.24005,758.1835,571.5959193369333,714.4282557627146,873.3716761728708,729.4439883506438,872.2763247764251,1031.2197451865813
2026-01-22 01:00:00+00:00,1036.10972578125,1181.8154142578126,1337.8385465820313,464.14893,609.8546,765.87775,572.4734959577349,718.1791844342974,874.2023167585162,723.863281406199,869.5689698827615,1025.5921022069801
2026-01-22 02:00:00+00:00,1029.536716748047,1176.5984538085938,1330.2564127929688,435.72092,582.78265,736.4406,536.2954054086737,683.3571424692205,837.0151014535955,683.6319875979387,830.6937246584856,984.3516836428606
2026-01-22 03:00:00+00:00,965.9311190429687,1113.830594140625,1266.611355859375,438.38202,586.2815,739.06226,531.8259470516166,679.7254221492728,832.5061838680228,675.377034265861,823.2765093635172,976.0572710822672
2026-01-22 04:00:00+00:00,1054.5767822265625,1204.8875122070312,1358.1424560546875,475.26428,625.575,778.82996,571.2795803791274,721.5903103595962,874.8452542072524,718.0685590020355,868.3792889825042,1021.6342328301605
2026-01-22 05:00:00+00:00,1162.1843245117188,1316.62652421875,1471.3758528320313,507.12762,661.5698,816.31915,602.8840243287577,757.326224035789,912.0755526490702,759.506190670317,913.9483903773482,1068.6977189906295
2026-01-22 06:00:00+00:00,1138.7417666992187,1299.1571109375,1455.6206729492187,553.70087,714.1162,870.5798,647.4414191982446,807.8567634365259,964.3203254482446,788.2280227182893,948.6433669565705,1105.1069289682891
2026-01-22 07:00:00+00:00,1187.0029061523437,1351.4757455078125,1510.4772713867187,527.0888,691.56165,850.5632,622.8476078911874,787.3204472466562,946.3219731255624,772.2952297974111,936.7680691528799,1095.7695950317861
2026-01-22 08:00:00+00:00,1271.7539608398438,1437.823113671875,1599.795281640625,512.91986,678.989,840.9612,604.0606635783712,770.1298164104024,932.1019843791524,753.5949834544363,919.6641362864675,1081.6363042552175
2026-01-22 09:00:00+00:00,1307.834850292969,1474.1940421875001,1638.9066886718751,520.58905,686.94824,851.6609,597.6254626216531,763.9846545161844,928.6973010005594,716.85060270809,883.2097946026213,1047.9224410869963
2026-01-22 10:00:00+00:00,1309.8253564453125,1477.0723046875,1644.0275048828125,548.92786,716.1748,883.13,630.028521472834,797.2754697150215,964.230669910334,753.1060050765302,920.3529533187177,1087.3081535140302
2026-01-22 11:00:00+00:00,1324.6971199218751,1492.1277229492189,1661.0792000000001,521.3054,688.736,857.6875,596.4629779754894,763.8935810028331,932.8450580536144,727.2937116617186,894.7243146890623,1063.6757917398436
2026-01-22 12:00:00+00:00,1302.2682763671874,1469.6239892578124,1640.8957788085936,511.42078,678.7765,850.0483,578.8286592961941,746.1843721868191,917.4561617376004,696.3519623832124,863.7076752738374,1034.9794648246186
2026-01-22 13:00:00+00:00,1309.3827124023437,1476.9635229492187,1649.2732763671875,527.7177,695.2985,867.6083,593.9175610132512,761.4983715601262,933.808124978095,700.0826752301859,867.6634857770609,1039.9732391950297
2026-01-22 14:00:00+00:00,1287.7587565429687,1456.0863932617187,1628.7919596679687,534.34296,702.6706,875.37616,619.8563013554733,788.1839380742233,960.8895044804733,736.5544071965027,904.8820439152527,1077.5876103215026
2026-01-22 15:00:00+00:00,1289.2438549804688,1458.1166577148438,1630.974140625,520.07635,688.94916,861.80664,615.9947579302751,784.8675606646501,957.7250435748064,744.7123851810296,913.5851879154046,1086.4426708255608
2026-01-22 16:00:00+00:00,1288.7634838867189,1457.3093823242189,1629.834345703125,495.75848,664.3044,836.82935,589.3025537000693,757.8484521375693,930.3734155164756,707.7914121162466,876.3373105537466,1048.862273932653
2026-01-22 17:00:00+00:00,1262.0884204101562,1429.6062426757812,1600.6888842773437,491.31842,658.83624,829.9189,570.3882350217297,737.9060572873547,908.9886988889172,677.5093687629615,845.0271910285865,1016.109832630149
2026-01-22 18:00:00+00:00,1216.217587890625,1381.4379858398438,1550.7313818359376,475.9651,641.1855,810.4789,547.8424970008971,713.0628949501158,882.3562909462096,644.6535696944075,809.8739676436262,979.16736363972
2026-01-22 19:00:00+00:00,1156.7299715820313,1318.6843172851563,1485.47331875,453.83087,615.7852,782.5742,527.6493950660672,689.6037407691922,856.392742234036,624.3915780163201,786.3459237194451,953.1349251842888
2026-01-22 20:00:00+00:00,1045.5404248046875,1203.3382763671875,1366.89650390625,468.99792,626.7958,790.354,535.7105219999522,693.5083735624522,857.0666011015147,624.1199692482176,781.9178208107176,945.4760483497801
2026-01-22 21:00:00+00:00,1012.1529719726562,1165.9689509765626,1326.5980403320314,449.49127,603.30725,763.93634,510.49475486029905,664.3107338642053,824.939823219674,593.8373075398199,747.6532865437262,908.2823758991949
2026-01-22 22:00:00+00:00,1049.3679752929688,1199.2136173828126,1357.4585514648438,416.35468,566.2003,724.44525,468.53188121838775,618.3775233082315,776.6224573902628,542.006169349449,691.8518114392928,850.096745521324
2026-01-22 23:00:00+00:00,1013.2209171875,1160.219635449219,1316.1914982421877,417.99512,564.99384,720.9657,461.8598941407346,608.8586124024533,764.8304751954221,530.2298200664452,677.228538328164,833.2004011211327
2026-01-23 00:00:00+00:00,1015.7362092773437,1162.3015779296875,1317.4973787109375,420.622,567.1874,722.3832,460.9687399449434,607.5341085972872,762.7299093785372,522.9328815459621,669.4982501983059,824.6940509795559
2026-01-23 01:00:00+00:00,1020.6757523925781,1168.1870133789062,1323.2593400390624,427.10745,574.6187,729.69104,465.9330222135128,613.4442831998409,768.5166098599972,525.4682742732672,672.9795352595953,828.0518619197516
2026-01-23 02:00:00+00:00,1015.9964009277344,1163.9606038085938,1318.8811970703125,416.2247,564.1889,719.1095,453.86201127163605,601.8262141524955,756.7468074142142,507.8488829617844,655.8130858426438,810.7336791043625
2026-01-23 03:00:00+00:00,976.8526786621094,1124.319872265625,1279.25371015625,423.26938,570.7366,725.6704,459.0935898476049,606.5607834511205,761.4946213417455,507.69577075724226,655.1629643607579,810.0968022513829
2026-01-23 04:00:00+00:00,1085.1392146484375,1233.6417170898437,1389.5642634765625,456.4525,604.955,760.87756,489.59382355157896,638.0963259929852,794.0188723797039,531.6472876541058,680.149790095512,836.0723364822308
2026-01-23 05:00:00+00:00,1205.8492724609375,1357.3811938476563,1515.4105517578125,468.06677,619.5987,777.62805,497.7649319211817,649.2968533079005,807.3262112180568,537.1622955284253,688.694216915144,846.7235748253003
2026-01-23 06:00:00+00:00,1262.5855916992186,1416.888875390625,1577.41743984375,470.5915,624.8948,785.42334,495.0976429677142,649.4009266591204,809.9294911122454,528.4429647672608,682.7462484586671,843.2748129117921
2026-01-23 07:00:00+00:00,1220.684005126953,1378.1264184570311,1541.0817407226561,503.3865,660.8289,823.78424,527.3772414154892,684.8196547455673,847.7749770111923,564.6604250524529,722.102838382531,885.058160648156
2026-01-23 08:00:00+00:00,1265.6312060546875,1425.7779956054687,1591.0227465820312,519.7987,679.9455,845.19025,544.8643059847165,705.0110955354977,870.2558465120602,575.4619396412762,735.6087291920575,900.85348016862
2026-01-23 09:00:00+00:00,1349.9078254882813,1510.2592659179688,1678.1158333007813,517.5286,677.88007,845.73663,536.8520161638694,697.2034565935569,865.0600239763694,566.142188610728,726.4936290404155,894.350196423228
2026-01-23 10:00:00+00:00,1343.2127270507813,1503.5895581054688,1673.4231762695313,523.7952,684.17206,854.0057,541.7728215715913,702.1496526262788,871.9832707903413,564.6533009336002,725.0301319882877,894.8637501523502
2026-01-23 11:00:00+00:00,1351.0150455078126,1511.1214297851564,1682.4046939453126,524.74915,684.8555,856.1388,539.348520270661,699.4549045480047,870.738168708161,561.2465780789084,721.3529623562522,892.6362265164084
2026-01-23 12:00:00+00:00,1333.321241015625,1492.3673225585937,1664.4588752929687,519.21704,678.2631,850.3547,539.1950580082499,698.2411395512187,870.3326922855937,555.4857759542567,714.5318574972255,886.6234102316005
2026-01-23 13:00:00+00:00,1316.1610416015624,1473.8249820312499,1646.3232730468749,505.52014,663.1841,835.6824,527.0942256698997,684.7581660995872,857.2564571152122,551.9733455663749,709.6372859960624,882.1355770116874
2026-01-23 14:00:00+00:00,1321.185810107422,1477.586475390625,1650.1847419921876,497.6816,654.0823,826.68054,539.6564319123855,696.0570971955887,868.6553637971512,583.5218664629816,739.9225317461847,912.5207983477472
2026-01-23 15:00:00+00:00,1332.9954415527345,1487.9418832031251,1660.2929574218751,481.84384,636.7903,809.14136,540.0009026424701,694.9473442928607,867.2984185116107,607.8733332086044,762.8197748589951,935.1708490777451
2026-01-23 16:00:00+00:00,1284.8806994628906,1439.00310546875,1610.6634448242187,494.0607,648.1831,819.84344,549.5139898845498,703.6363958904092,875.2967352458779,633.417020925916,787.5394269317753,959.1997662872441
2026-01-23 17:00:00+00:00,1250.024246484375,1403.2140047851562,1573.4884188476562,468.77515,621.9649,792.2393,514.0302341622194,667.2199924630006,837.4944065255006,601.4648244428662,754.6545827436474,924.9289968061474
2026-01-23 18:00:00+00:00,1261.9502319335938,1414.1364501953126,1582.638525390625,452.98773,605.17395,773.676,486.51831014735404,638.7045284090727,807.2066036043852,567.9779153390147,720.1641336007334,888.6662087960459
2026-01-23 19:00:00+00:00,1213.4740469726562,1365.4174673828124,1531.9670279296874,451.03815,602.98157,769.5311,481.83024543865184,633.773665848808,800.323226395683,555.7626501676172,707.7060705777734,874.2556311246484
2026-01-23 20:00:00+00:00,1166.0198832519532,1315.871415234375,1480.3634196289063,426.84158,576.6931,741.1851,456.0918138433134,605.9433458257353,770.4353502202665,521.9991288727064,671.8506608551282,836.3426652496595
2026-01-23 21:00:00+00:00,1086.1072875976563,1233.2833740234375,1395.307177734375,422.5323,569.7084,731.7322,449.9425863342467,597.118672760028,759.1424764709654,506.3002719681492,653.4763583939305,815.500162104868
2026-01-23 22:00:00+00:00,1106.0306054687499,1249.5445214843749,1408.8615991210936,401.2456,544.7595,704.0766,429.6485987737492,573.1625147893742,732.479592426093,474.99390468968863,618.5078207053136,777.8248983420324
2026-01-23 23:00:00+00:00,1043.206494140625,1183.7120483398437,1340.3427856445312,424.5315,565.03705,721.6678,454.1224302948207,594.6279844940394,751.2587217987269,494.85945777008953,635.3650119693083,791.9957492739958
2026-01-24 00:00:00+00:00,1039.9529447753907,1176.4577970703126,1332.4668302734376,435.60464,572.1095,728.1185,458.8850596742187,595.3899119691406,751.3989451722656,493.9001755582141,630.405027853136,786.414061056261
2026-01-24 01:00:00+00:00,1055.683408984375,1188.0679915039063,1344.287412890625,442.4392,574.8238,731.0432,460.383986145775,592.7685686653062,748.987990052025,494.6960592816188,627.08064180115,783.3000631878688
2026-01-24 02:00:00+00:00,1066.7220846191408,1195.1082235351564,1350.7556234375002,429.77798,558.1641,713.8115,443.08794170643097,571.4740806224465,727.1214805247903,475.73836880177623,604.1245077177919,759.7719076201356
2026-01-24 03:00:00+00:00,1089.412364501953,1215.7626147460937,1370.653544921875,437.45486,563.8051,718.69604,450.85862133297877,577.2088715771193,732.0998017529006,482.1540913714448,608.5043416155854,763.3952717913667
2026-01-24 04:00:00+00:00,1087.5904634277344,1213.97074296875,1369.9034822265626,453.63876,580.01904,735.9518,468.417115851667,594.7973953926827,750.7301346504952,497.4534700820149,623.8337496230306,779.7664888808431
2026-01-24 05:00:00+00:00,1137.1295617675783,1265.2807153320314,1422.5691064453126,467.95706,596.1082,753.3966,484.27062059778217,612.4217741622354,769.7101652755166,513.4048703181713,641.5560238826245,798.8444149959057
2026-01-24 06:00:00+00:00,1183.9599250976562,1314.171533984375,1473.2465461914062,498.93073,629.14233,788.21735,517.5367745642249,647.7483834509436,806.8233956579749,543.6157317307986,673.8273406175174,832.9023528245486
2026-01-24 07:00:00+00:00,1222.5206974609375,1353.4810856445313,1515.1442936523438,512.0199,642.9803,804.6435,535.175914639402,666.1363028229957,827.7995108308082,566.2902973014039,697.2506854849977,858.9138934928102
2026-01-24 08:00:00+00:00,1288.6904589843748,1420.8487841796873,1585.5204150390623,540.47046,672.6288,837.3004,564.8422196738654,697.0005448691779,861.6721757285529,591.3209027169358,723.4792279122483,888.1508587716233
2026-01-24 09:00:00+00:00,1303.0997900390626,1436.1498999023438,1603.69146484375,541.2223,674.2724,841.81396,559.1139268817795,692.1640367450608,859.705601686467,582.1821752095137,715.232285072795,882.7738500142012
2026-01-24 10:00:00+00:00,1259.5861881835938,1392.6355045898438,1562.1056583984375,554.0854,687.1347,856.60486,567.3647377711251,700.4140541773751,869.8842079859688,578.1604102746326,711.2097266808826,880.6798804894763
2026-01-24 11:00:00+00:00,1260.7094653320314,1393.391716308594,1564.1867602539064,558.95197,691.6342,862.42926,567.6054248836809,700.2876758602434,871.0827198055559,573.6207899830325,706.303040959595,877.0980849049075
2026-01-24 12:00:00+00:00,1278.1357942382813,1410.15941484375,1581.9461580078125,530.8841,662.9077,834.69446,541.769142948536,673.7927635540048,845.5795067180673,552.0665133695472,684.090133975016,855.8768771390785
2026-01-24 13:00:00+00:00,1283.7218318359373,1414.8812556640623,1587.1993708984373,516.51013,647.66956,819.9877,528.115647986999,659.275071815124,831.593187049499,540.5868726473241,671.7462964754491,844.0644117098241
2026-01-24 14:00:00+00:00,1319.500263671875,1450.569111328125,1623.41505859375,517.14526,648.2141,821.06006,525.9874797414806,657.0563273977306,829.9022746633556,537.7973662586706,668.8662139149206,841.7121611805456
2026-01-24 15:00:00+00:00,1354.6151806640626,1485.8630444335938,1658.9218212890626,515.7477,646.99554,820.0543,529.8228161295457,661.0706798990769,834.1294567545457,552.7655971011227,684.013460870654,857.0722377261227
2026-01-24 16:00:00+00:00,1369.6867977539064,1502.7769466796876,1676.4258724609376,542.1402,675.23035,848.8793,563.1908924871484,696.2810414129297,869.9299671941797,596.8455005259534,729.9356494517347,903.5845752329847
2026-01-24 17:00:00+00:00,1335.326267089844,1474.2902563476564,1648.4707373046876,584.79877,723.76276,897.94324,606.9891649607497,745.9531542185622,920.1336351755934,641.5490879418287,780.5130771996412,954.6935581566725
2026-01-24 18:00:00+00:00,1263.0406283203124,1406.9253329101562,1581.825906640625,568.5665,712.45123,887.3518,592.751895569894,736.6366001597378,911.5371738902065,635.9352708821343,779.8199754719781,954.7205492024468
2026-01-24 19:00:00+00:00,1222.8053295898437,1370.2822583007812,1545.0841381835937,565.9003,713.37726,888.17914,589.3500459521501,736.8269746630876,911.6288545459001,636.2901475326335,783.767076243571,958.5689561263835
2026-01-24 20:00:00+00:00,1161.2677880859374,1311.7903100585936,1485.5713769531249,568.4828,719.0053,892.7864,595.4563665045636,745.9788884772198,919.7599553717511,644.2678985262698,794.7904204989261,968.5714873934573
2026-01-24 21:00:00+00:00,1157.3852709960938,1308.1710986328126,1480.1230029296876,525.1528,675.9386,847.8905,551.3751682577986,702.1609958945173,874.1129001913923,605.4886642558607,756.2744918925795,928.2263961894545
2026-01-24 22:00:00+00:00,1150.0339233398436,1300.3549682617186,1470.905383300781,511.89642,662.21747,832.7679,537.069357954588,687.390402876463,857.9408179155255,593.3047023656198,743.6257472874948,914.1761623265573
2026-01-24 23:00:00+00:00,1104.0203536621093,1253.2345565429687,1422.326414453125,511.75375,660.96796,830.0598,531.853649040332,681.0678519211914,850.1597098313476,586.7991702310833,736.0133731119427,905.1052310220989
2026-01-25 00:00:00+00:00,1044.9003596679688,1189.4640803710938,1357.8353572265626,537.25116,681.8149,850.18616,568.6558083086804,713.2195290118054,881.5908058672742,639.4740237577386,784.0377444608636,952.4090213163323
2026-01-25 01:00:00+00:00,1073.873543359375,1212.777351953125,1380.4795614257812,537.92944,676.83325,844.53546,567.64057749224,706.54438608599,874.2465955586463,625.6266391949357,764.5304477886857,932.232657261342
2026-01-25 02:00:00+00:00,1122.6261833007811,1258.1136100585936,1426.1024406249999,546.5179,682.0053,849.99414,569.9865690071042,705.4739957649167,873.462826331323,621.4844359182312,756.9718626760437,924.9606932424499
2026-01-25 03:00:00+00:00,1146.4751310546876,1278.6149625976564,1446.6402921875,546.37683,678.51666,846.542,576.2335623539531,708.3733938969218,876.3987234867656,632.30067435457,764.4405058975387,932.4658354873825
2026-01-25 04:00:00+00:00,1171.741827734375,1301.0033633789062,1469.1127994140625,554.9509,684.21246,852.3219,590.3962874082263,719.6578230527575,887.7672590879138,652.6016573720381,781.8631930165693,949.9726290517256
2026-01-25 05:00:00+00:00,1209.7844506835936,1338.3433496093749,1507.0572167968749,573.62445,702.18335,870.8972,610.3989558298078,738.9578547555891,907.6717219430891,683.3891833598007,811.9480822855819,980.6619494730819
2026-01-25 06:00:00+00:00,1244.79269453125,1373.2784733398437,1543.13595625,581.3169,709.8027,879.66016,622.8854298037608,751.3712086123545,921.2286915225108,699.9827515199403,828.468530328534,998.3260132386903
2026-01-25 07:00:00+00:00,1338.39532265625,1469.9779032226563,1642.7609232421876,669.2407,800.8233,973.6063,714.7955773038889,846.3781578702951,1019.1611778898264,801.2299682871108,932.812548853517,1105.5955688730483
2026-01-25 08:00:00+00:00,1356.9106713867186,1492.7813378906249,1668.435695800781,677.0007,812.87134,988.5257,724.5732405584369,860.4439070623431,1036.0982649724992,813.0111963119132,948.8818628158194,1124.5362207259757
2026-01-25 09:00:00+00:00,1333.5631306640626,1470.9865315429688,1648.6070149414063,674.52893,811.95233,989.5728,717.6401009549842,855.0635018338904,1032.683985232328,775.3631320895354,912.7865329684416,1090.4070163668791
2026-01-25 10:00:00+00:00,1296.6244247070313,1433.152683984375,1611.6274764648438,665.4578,801.9861,980.4609,703.6344313475031,840.1626906248468,1018.6374831053156,736.4477917468673,872.9760510242111,1051.4508435046798
2026-01-25 11:00:00+00:00,1298.9368546875,1434.4267838867188,1613.552333203125,653.08105,788.571,967.69653,689.2466908300341,824.7366200292529,1003.8621693456591,719.0091858968859,854.4991150961047,1033.624664412511
2026-01-25 12:00:00+00:00,1312.2933381835937,1445.4909700195312,1624.1086458007812,594.55414,727.7518,906.36945,627.6043585196758,760.8019903556133,939.4196661368633,672.0598655868989,805.2574974228364,983.8751732040864
2026-01-25 13:00:00+00:00,1290.3622395507814,1421.9722859375001,1599.7502400390626,591.24054,722.8506,900.62854,628.4308709832352,760.040917369954,937.8188714715164,672.2761761015172,803.886222488236,981.6641765897984
2026-01-25 14:00:00+00:00,1352.7076399414063,1484.1447126953126,1662.1532576171876,634.83844,766.2755,944.28406,704.2032681808163,835.6403409347225,1013.6488858565975,783.7916438450752,915.2287165989815,1093.2372615208565
2026-01-25 15:00:00+00:00,1390.3859530273437,1524.246365625,1704.0675936523437,698.33685,832.19727,1012.0185,786.4481841296601,920.3085967273164,1100.1298247546601,894.1296528811104,1027.9900654787666,1207.8112935061104
2026-01-25 16:00:00+00:00,1349.7296296875,1488.5697786132812,1669.985244921875,704.8779,843.7181,1025.1335,809.7177212539973,948.5578701797785,1129.9733364883723,941.5889426120508,1080.429091537832,1261.8445578464257
2026-01-25 17:00:00+00:00,1279.280985546875,1421.8299357421874,1604.1033732421874,706.6902,849.23914,1031.5126,816.1916589515067,958.7406091468192,1141.0140466468192,947.3915251711826,1089.940475366495,1272.213912866495
2026-01-25 18:00:00+00:00,1250.0579655273436,1395.3516056640624,1577.578778515625,666.34467,811.6383,993.8655,759.0779130426363,904.371553179355,1086.5987260309175,874.7822560739511,1020.0758962106698,1202.3030690622322
2026-01-25 19:00:00+00:00,1225.602222558594,1373.1516000000001,1554.8875008789064,648.9506,796.5,978.2359,763.4997310115938,911.049108453,1092.7850093319062,906.2454938972035,1053.7948713386097,1235.530772217516
2026-01-25 20:00:00+00:00,1147.3686807617187,1294.8199747070312,1475.3266885742187,616.2253,763.6766,944.1833,729.1824069966818,876.6337009419943,1057.140414809182,877.9267323767524,1025.378026322065,1205.8847401892524
2026-01-25 21:00:00+00:00,1034.3977311523438,1182.8703263671875,1362.1871598632813,646.10443,794.577,973.89386,739.4792285521835,887.9518237670272,1067.268657263121,862.1189405027535,1010.5915357175973,1189.908369213691
2026-01-25 22:00:00+00:00,1046.3553775390624,1195.3888248046874,1373.4807437499999,624.9645,773.9979,952.08984,734.013101915675,883.0465491813,1061.1384681266125,857.1086886744226,1006.1421359400476,1184.2340548853601
2026-01-25 23:00:00+00:00,1079.2068383789062,1226.1309716796875,1402.3521630859375,574.88434,721.8085,898.02966,694.3899533277935,841.3140866285747,1017.5352780348247,858.3706076599228,1005.2947409607041,1181.515932366954
2026-01-26 00:00:00+00:00,1092.1347094726561,1231.7470751953124,1405.2527514648436,565.5147,705.1271,878.63275,695.6433151408193,835.2556808634755,1008.7613571330068,843.0976354397193,982.7100011623755,1156.215677431907
2026-01-26 01:00:00+00:00,1125.9182698242187,1259.2455403320312,1430.7744099609374,565.1716,698.49884,870.0277,659.0379745166382,792.3652450244507,963.894114653357,754.8330948356219,888.1603653434344,1059.6892349723405
2026-01-26 02:00:00+00:00,1087.1132087890626,1214.309619921875,1383.8121833984376,561.359,688.5554,858.058,654.7602315611211,781.9566426939336,951.4592061704961,742.5653920433695,869.761803176182,1039.2643666527445
2026-01-26 03:00:00+00:00,1129.5285212890626,1253.0409724609376,1420.390459765625,564.3668,687.8793,855.22876,650.2725442005853,773.7849953724603,941.1344826771478,736.8266572351883,860.3391084070633,1027.6885957117508
2026-01-26 04:00:00+00:00,1223.4957893554688,1345.6830452148438,1512.5289314453125,594.8791,717.06635,883.91223,636.6944651234447,758.8817209828197,925.7276072132885,683.0587699337389,805.2460257931139,972.0919120235826
2026-01-26 05:00:00+00:00,1271.0290055664063,1394.1930680664063,1562.4423966796876,656.7857,779.94977,948.1991,679.3626246532382,802.5266871532382,970.7760157665194,711.2135620640024,834.3776245640024,1002.6269531772837
2026-01-26 06:00:00+00:00,1331.584364453125,1456.988661328125,1627.7758927734376,673.96606,799.37036,970.1576,691.5397505345087,816.9440474095087,987.7312788548212,732.4641547491483,857.8684516241483,1028.6556830694608
2026-01-26 07:00:00+00:00,1437.5410661132812,1563.587880078125,1736.7195939453125,680.21027,806.2571,979.3888,719.7027682191033,845.749582183947,1018.8812960511345,775.454679221943,901.5014931867868,1074.6332070539743
2026-01-26 08:00:00+00:00,1427.454646777344,1554.2972371093751,1729.499324511719,690.95795,817.80054,993.0026,716.0833218707771,842.9259122028084,1018.1279996051521,750.1876925380878,877.0302828701191,1052.232370272463
2026-01-26 09:00:00+00:00,1434.1976301757813,1561.4777205078126,1738.164121875,676.8909,804.171,980.8574,688.4556321476117,815.735722479643,992.4221238468305,701.4968831056859,828.7769734377172,1005.4633748049047
2026-01-26 10:00:00+00:00,1397.5055948242189,1524.8441568359376,1702.5880533203126,669.7497,797.08826,974.83215,672.1663397081317,799.5049017198504,977.2487982042254,677.8470079346378,805.1855699463565,982.9294664307315
2026-01-26 11:00:00+00:00,1383.7516633789064,1510.3675691406252,1688.338455371094,668.83746,795.45337,973.42426,668.8374633789062,795.453369140625,973.4242553710938,669.4185219532701,796.0344277149889,974.0053139454576
2026-01-26 12:00:00+00:00,1380.3755850585937,1506.3594717773437,1684.2126211914062,665.0522,791.0361,968.8892,665.0521850585938,791.0360717773438,968.8892211914062,665.0521850585938,791.0360717773438,968.8892211914062
2026-01-26 13:00:00+00:00,1410.0328401367187,1535.1617463867187,1712.6955598632812,652.73114,777.86005,955.39386,652.7311401367188,777.8600463867188,955.3938598632812,652.7311401367188,777.8600463867188,955.3938598632812
2026-01-26 14:00:00+00:00,1404.20455234375,1528.6329581054688,1705.94869296875,634.49365,758.92206,936.2378,634.49365234375,758.9220581054688,936.23779296875,635.091811863557,759.5202176252758,936.835952488557
2026-01-26 15:00:00+00:00,1429.4239509765625,1554.113526171875,1731.9054573242188,671.93225,796.6218,974.41376,672.6258436543802,797.3154188496927,975.1073500020365,675.6380241568643,800.3275993521768,978.1195305045205
2026-01-26 16:00:00+00:00,1340.2289005859375,1466.1268498046875,1645.1701237304687,706.0531,831.95105,1010.9943,716.1063495833241,842.0042988020741,1021.0475727278554,728.8988480730151,854.7967972917651,1033.8400712175464
2026-01-26 17:00:00+00:00,1331.2411825195313,1459.5215780273438,1639.99673671875,732.1346,860.415,1040.8901,741.5496271497306,869.830022657543,1050.3051813489494,772.5739200160724,900.8543155238849,1081.3294742152912
2026-01-26 18:00:00+00:00,1312.330693359375,1442.5735522460936,1624.0285693359374,744.2107,874.45355,1055.9086,759.1394767578253,889.382335644544,1070.8373527343879,780.9270396612172,911.169898547936,1092.6249156377798
2026-01-26 19:00:00+00:00,1258.56918046875,1392.6886262695311,1574.326748828125,728.6675,862.7869,1044.425,746.0505293261822,880.1699751269634,1061.8080976855572,768.1340621666335,902.2535079674147,1083.8916305260086
2026-01-26 20:00:00+00:00,1196.2550407226563,1332.7049918945313,1513.45956953125,705.47174,841.9217,1022.6763,735.0541927103424,871.5041438822174,1052.258721518936,762.8814684855402,899.3314196574152,1080.085997294134
2026-01-26 21:00:00+00:00,1149.2604744140626,1286.1400520507814,1465.5798103515626,665.1188,801.99835,981.4381,709.7290292823816,846.6086069191003,1026.0483652198816,773.0224531545005,909.9020307912192,1089.3417890920005
2026-01-26 22:00:00+00:00,1163.0825740234375,1301.02703203125,1479.2175227539062,679.0209,816.96533,995.1558,706.1828967720205,844.127354779833,1022.3178455024893,769.7516550010464,907.6961130088589,1085.8866037315152
2026-01-26 23:00:00+00:00,1053.5080021484375,1191.4286564453125,1368.1633366210938,660.5697,798.49036,975.22504,687.2840147115545,825.2046690084295,1001.9393491842108,730.8224609655908,868.7431152624658,1045.477795438247
2026-01-27 00:00:00+00:00,1054.9442544921876,1194.3704629882814,1368.7439981445314,653.25085,792.67706,967.0506,702.6702980260936,842.0965065221874,1016.4700416784374,731.702989463467,871.1291979595608,1045.5027331158108
2026-01-27 01:00:00+00:00,1086.1512727539061,1224.931729296875,1397.6875276367186,618.8746,757.655,930.4108,658.197356663771,796.9778132067397,969.7336115465835,680.3550217439828,819.1354782869515,991.8912766267953
2026-01-27 02:00:00+00:00,1060.476971875,1196.764325390625,1367.9737370117186,608.9512,745.2385,916.44794,644.9639055232276,781.2512590388526,952.4606706599463,683.2361639139733,819.5235174295983,990.7329290506921
2026-01-27 03:00:00+00:00,1089.3299365234375,1223.6477465820312,1393.882548828125,614.93494,749.25275,919.48755,646.5570577223887,780.8748677809824,951.1096700270762,702.4381999714917,836.7560100300855,1006.9908122761792
2026-01-27 04:00:00+00:00,1170.5811166015626,1302.973328515625,1472.3201302734376,596.8795,729.2717,898.6185,619.0924618630911,751.4846737771536,920.8314755349661,656.3375338838545,788.729745797917,958.0765475557295
2026-01-27 05:00:00+00:00,1259.9120280273437,1392.2654215820312,1561.721903515625,638.6337,770.9871,940.4436,657.1470031039634,789.5003966586509,958.9568785922446,683.5359310939007,815.8893246485882,985.3458065821819
2026-01-27 06:00:00+00:00,1313.6183317382813,1448.4936369140626,1620.4484708984376,668.34503,803.22034,975.1752,690.0671405706598,824.9424457464411,996.8972797308161,714.3807036726578,849.256008848439,1021.210842832814
2026-01-27 07:00:00+00:00,1387.8889314453124,1526.0487825195312,1701.2196809570312,693.59973,831.7596,1006.9305,724.1876949148003,862.3475459890191,1037.518444426519,765.5829585684437,903.7428096426625,1078.9137080801625
2026-01-27 08:00:00+00:00,1412.9851313476563,1552.3274775390626,1729.628625,698.05963,837.402,1014.7031,742.1043644651317,881.4467106565379,1058.7478581174753,795.0229839336292,934.3653301250355,1111.666477585973
2026-01-27 09:00:00+00:00,1396.84107421875,1537.1597998046875,1716.253671875,710.1636,850.4823,1029.5762,749.6189118209753,889.9376374069128,1069.0315094772252,824.1418213948302,964.4605469807677,1143.5544190510802
2026-01-27 10:00:00+00:00,1364.906484375,1505.92455078125,1686.5015771484375,717.5215,858.53955,1039.1166,761.4735903644363,902.4916567706863,1083.068683137874,825.6949631700842,966.7130295763342,1147.2900559435216
2026-01-27 11:00:00+00:00,1357.8206323242186,1497.3030541992186,1678.4865869140624,691.21063,830.69305,1011.8766,727.5829772088651,867.0653990838651,1048.248931798709,779.8594764358432,919.3418983108432,1100.525431025687
2026-01-27 12:00:00+00:00,1278.9217497070313,1416.7502409179688,1598.1735197265625,702.34845,840.17694,1021.6002,741.3015852887733,879.1300764997108,1060.5533553083044,793.2284779988441,931.0569692097816,1112.4802480183753
2026-01-27 13:00:00+00:00,1330.9664697265625,1468.8736352539063,1650.90189453125,711.1315,849.03864,1031.0669,760.7054514634722,898.6126169908159,1080.6408762681597,816.9819891616374,954.8891546889812,1136.917413966325
2026-01-27 14:00:00+00:00,1344.0625520507813,1483.5460115234375,1666.479483203125,704.99835,844.4818,1027.4153,760.740760193991,900.2242196666473,1083.1576913463348,822.1152554666918,961.598714939348,1144.5321866190357
2026-01-27 15:00:00+00:00,1347.8980306640624,1490.3286947265624,1674.4656576171874,718.09143,860.5221,1044.659,790.1405424543558,932.5712065168558,1116.7081694074807,877.6010781450866,1020.0317422075866,1204.1687050982116
2026-01-27 16:00:00+00:00,1316.8561799804688,1463.1822908203126,1647.972451953125,726.467,872.7931,1057.5833,813.4966050333201,959.8227158731638,1144.6128770059763,925.5548498940009,1071.8809607338446,1256.6711218666571
2026-01-27 17:00:00+00:00,1286.3677473632813,1436.3535872070313,1621.6768904296875,710.94855,860.9344,1046.2577,800.5727527131181,950.5585925568681,1135.8818957795243,911.4679509128371,1061.453790756587,1246.7770939792433
2026-01-27 18:00:00+00:00,1236.08088046875,1389.3641446289062,1574.772042578125,710.9175,864.20074,1049.6086,801.8518855802316,955.1351497403879,1140.5430476896065,915.6156183913379,1068.8988825514941,1254.3067805007129
2026-01-27 19:00:00+00:00,1197.5643774414061,1352.2289892578124,1536.7626806640624,697.4869,852.1515,1036.6852,781.9362833833113,936.6008951997176,1121.1345866059676,899.7936386331246,1054.4582504495309,1238.9919418557809
2026-01-27 20:00:00+00:00,1136.7335115234375,1287.8090120117188,1470.309561328125,634.4193,785.4948,967.99536,725.0795611657816,876.1550616540628,1058.655610970469,844.7941793074167,995.869679795698,1178.3702291121042
2026-01-27 21:00:00+00:00,1048.6272998046875,1198.594462890625,1378.580546875,669.7323,819.69946,999.68555,748.4202779096802,898.3874409956177,1078.3735249799927,870.890003576276,1020.8571666622134,1200.8432506465883
2026-01-27 22:00:00+00:00,1045.891280859375,1194.6411587890625,1372.4336392578125,647.5779,796.32776,974.12024,716.3603923792907,865.1102703089782,1042.9027507777282,828.7904999299527,977.5403778596402,1155.33285832839
2026-01-27 23:00:00+00:00,1017.1995605468751,1163.953466796875,1339.4628051757813,627.79956,774.55347,950.0628,700.6210122557545,847.3749185057545,1022.8842568846608,809.1037002103529,955.8576064603529,1131.3669448392593
2026-01-28 00:00:00+00:00,1014.338388671875,1162.3219091796875,1335.6021215820313,621.4109,769.3944,942.6746,711.2825188481166,859.2660393559291,1032.5462517582728,847.134005555364,995.1175260631765,1168.3977384655202
2026-01-28 01:00:00+00:00,1040.0223039062498,1188.1086686523436,1358.5948136718748,578.5415,726.62787,897.114,680.4732319419123,828.5595966880061,999.0457417075373,813.6717992611401,961.7581640072339,1132.244309026765
2026-01-28 02:00:00+00:00,1018.6452783203124,1166.2071069335936,1334.4374536132811,569.9728,717.5346,885.76495,675.2657682196119,822.8275968328932,991.0579435125807,801.8882554759554,949.4500840892366,1117.680430768924
2026-01-28 03:00:00+00:00,1038.2273625,1187.6605900390625,1354.67511640625,629.60156,779.0348,946.0493,760.0258804037195,909.459107942782,1076.4736343099694,904.7612296315922,1054.1944571706547,1221.2089835378422
2026-01-28 04:00:00+00:00,1126.6621916015624,1280.7461149414062,1447.3491422851562,696.5514,850.6353,1017.23834,821.2434754036663,975.32739874351,1141.93042608726,979.6351169494479,1133.7190402892916,1300.3220676330416
2026-01-28 05:00:00+00:00,1203.6105290039063,1365.3757267578126,1531.2875919921876,788.4097,950.1749,1116.0868,911.0661738703552,1072.8313716242615,1238.7432368586365,1076.4759976897462,1238.2411954436525,1404.1530606780275
2026-01-28 06:00:00+00:00,1277.2832991210937,1445.7587629882812,1611.66910234375,768.5141,936.98956,1102.8999,901.4061388018818,1069.8816026690693,1235.791942024538,1057.795422540989,1226.2708864081765,1392.1812257636452
2026-01-28 07:00:00+00:00,1359.141875,1532.9271533203125,1700.2434375,757.9844,931.76965,1099.0859,896.4196566684715,1070.204934988784,1237.5212191684716,1063.1313611655542,1236.9166394858667,1404.2329236655542
2026-01-28 08:00:00+00:00,1386.385573046875,1562.923170703125,1732.654371875,739.8074,916.345,1086.0762,842.658794667934,1019.196392324184,1188.927593496059,966.0342167080958,1142.5718143643458,1312.3030155362208
2026-01-28 09:00:00+00:00,1326.6051342773437,1504.498994140625,1676.27365234375,760.82513,938.719,1110.4937,838.0205716240962,1015.9144314873774,1187.6890896905024,918.8905242758424,1096.7843841391236,1268.5590423422486
2026-01-28 10:00:00+00:00,1303.2870255859375,1482.4418717773437,1655.604774609375,810.9437,990.0986,1163.2615,880.956606962466,1060.1114531538724,1233.2743559859036,956.1242587911132,1135.2791049825196,1308.4420078145508
2026-01-28 11:00:00+00:00,1329.478779296875,1510.2731518554688,1684.0252880859375,833.9363,1014.73065,1188.4828,901.1566420908879,1081.9510146494817,1255.7031508799505,977.3343177151557,1158.1286902737495,1331.8808265042182
2026-01-28 12:00:00+00:00,1296.8986955078126,1478.9548478515626,1653.2180314453126,818.6554,1000.71155,1174.9747,888.4817470842689,1070.537899428019,1244.801083021769,977.443024980699,1159.499177324449,1333.762360918199
2026-01-28 13:00:00+00:00,1264.4373591796875,1447.7887385742188,1622.513653125,799.30066,982.65204,1157.377,875.6861939453472,1059.0375733398785,1233.7624878906597,975.0025280647558,1158.353907459287,1333.0788220100683
2026-01-28 14:00:00+00:00,1221.04742265625,1404.735655078125,1579.854795703125,762.8657,946.55396,1121.6731,851.9320377505337,1035.6202701724087,1210.7394107974087,962.4252579029182,1146.1134903247932,1321.2326309497932
2026-01-28 15:00:00+00:00,1228.8910612304687,1414.4488004882812,1588.91480390625,808.45526,994.013,1168.479,931.4125296946828,1116.9702689524954,1291.4362723704642,1089.7104492639646,1275.2681885217771,1449.7341919397459
2026-01-28 16:00:00+00:00,1212.8251904296876,1398.6968334960939,1572.3571728515626,714.1952,900.06683,1073.7272,841.4538790269621,1027.3255220933684,1200.985861448837,1028.1396330639382,1214.0112761303444,1387.6716154858132
2026-01-28 17:00:00+00:00,1185.9529125976562,1371.2181713867187,1544.15841796875,674.1104,859.3757,1032.3159,803.8414409462416,989.1066997353041,1162.0469463173354,985.4915291000669,1170.7567878891296,1343.6970344711608
2026-01-28 18:00:00+00:00,1156.6269424804686,1340.55498203125,1511.9030044921874,673.69354,857.6216,1028.9696,790.6803071473988,974.6083466981801,1145.9563691591177,972.4748823795497,1156.402921930331,1327.7509443912686
2026-01-28 19:00:00+00:00,1133.0481005859374,1314.6967211914061,1484.4913989257811,649.4281,831.0767,1000.8714,761.20491496498,942.8535355704488,1112.6482133048237,922.0439650219079,1103.6925856273765,1273.4872633617515
2026-01-28 20:00:00+00:00,1051.3866439453125,1229.422898828125,1396.8339095703125,609.42004,787.4563,954.8673,707.0535543724959,885.0898092553084,1052.500819997496,855.9932531691989,1034.0295080520114,1201.4405187941989
2026-01-28 21:00:00+00:00,962.4570808593751,1137.5734138671876,1302.9916267578126,622.9529,798.0692,963.4874,705.1770065633079,880.2933395711204,1045.7115524617454,829.0937566325927,1004.2100896404052,1169.6283025310302
2026-01-28 22:00:00+00:00,955.9652799804687,1128.1803678710937,1291.50464765625,622.967,795.18207,958.50635,705.398235117394,877.613323008019,1040.9376027931753,821.4624769740414,993.6775648646664,1157.0018446498227
2026-01-28 23:00:00+00:00,977.6131193359374,1147.27730390625,1308.8191740234374,614.3773,784.0415,945.5834,688.9828133183908,858.6469978887033,1020.1888680058908,810.2672236202477,979.9314081905602,1141.4732783077477
2026-01-29 00:00:00+00:00,1026.887725390625,1195.4247737304688,1353.7981868164063,586.3635,754.9006,913.274,670.6261417019845,839.1631900418282,997.5366031277657,791.8613148780299,960.3983632178737,1118.7717763038113
2026-01-29 01:00:00+00:00,1034.3190689453124,1202.3749161132812,1357.768165625,571.06067,739.1165,894.50977,651.0046178976374,819.0604650656062,974.453714577325,768.4561942366174,936.5120414045862,1091.905290916305
2026-01-29 02:00:00+00:00,1022.4044205078125,1190.9845596679688,1344.1325088867188,579.671,748.25116,901.3991,652.9312308858339,821.5113700459901,974.6593192647401,754.8850677647874,923.4652069249437,1076.6131561436937
2026-01-29 03:00:00+00:00,1008.4898828125,1179.2446435546876,1331.2248681640626,678.3174,849.07214,1001.05237,745.0477774338345,915.802538176022,1067.7827627853972,846.4949574355668,1017.2497181777543,1169.2299427871294
2026-01-29 04:00:00+00:00,1049.5440265625,1224.4975177734375,1376.521321484375,761.2822,936.2357,1088.2595,838.1036077645856,1013.0570989755231,1165.0809026864606,958.4228427574665,1133.376333968404,1285.4001376793415
2026-01-29 05:00:00+00:00,1223.4067724609376,1403.7067602539064,1556.9800146484376,772.0668,952.36676,1105.64,850.6522536988498,1030.9522414918185,1184.2254958863498,975.4783406504037,1155.7783284433724,1309.0515828379037
2026-01-29 06:00:00+00:00,1244.3885888671875,1429.505166015625,1584.6908349609375,784.6161,969.73267,1124.9183,885.3891948198877,1070.5057719683252,1225.6914409136377,1053.637890958757,1238.7544681071945,1393.940137052507
2026-01-29 07:00:00+00:00,1300.5994140625,1490.0883666992188,1647.0270263671875,778.1494,967.63837,1124.577,872.0953774349236,1061.5843300716424,1218.5229897396111,1038.1373204735762,1227.626273110295,1384.5649327782637
2026-01-29 08:00:00+00:00,1271.0291967773437,1463.957724609375,1623.3406591796875,740.4892,933.4177,1092.8007,819.0869438029836,1012.0154716350148,1171.3984062053273,944.2270457330566,1137.1555735650877,1296.5385081354002
2026-01-29 09:00:00+00:00,1229.9250919921874,1425.477216015625,1588.59171796875,667.3993,862.9514,1026.0659,734.0373064100958,929.5894304335333,1092.7039323866584,851.6726902159934,1047.224814239431,1210.339316192556
2026-01-29 10:00:00+00:00,1216.992569140625,1413.6116487304687,1580.749405078125,659.70337,856.32245,1023.4602,712.7525006523853,909.371580242229,1076.5093365898854,793.7338068527673,990.3528864426111,1157.4906427902674
2026-01-29 11:00:00+00:00,1178.1823420898438,1373.791778125,1545.2478328125,623.40814,819.0176,990.47363,674.0562053386151,869.6656413737713,1041.1216960612712,746.3228734515772,941.9323094867334,1113.3883641742334
2026-01-29 12:00:00+00:00,1185.8972444335936,1379.704434375,1553.6128206054686,598.37054,792.17773,966.0861,653.483547035892,847.2907369772983,1021.199123207767,726.7743332598495,920.5815232012558,1094.4899094317245
2026-01-29 13:00:00+00:00,1186.0185408203124,1377.5574202148437,1552.56480546875,561.19934,752.7382,927.7456,611.8615719648847,803.4004513594159,978.4078366133222,704.7262185902275,896.2650979847588,1071.272483238665
2026-01-29 14:00:00+00:00,1179.6244140625,1368.9855590820312,1544.3412719726562,572.7119,762.07306,937.4288,652.3169265931269,841.6780716126582,1017.0337845032832,773.9114352341323,963.2725802536636,1138.6282931442886
2026-01-29 15:00:00+00:00,1177.1502294921875,1367.0347509765625,1541.5210791015625,685.1102,874.99475,1049.4811,780.0425895189207,969.9271110032957,1144.4134391282957,914.7175536751984,1104.6020751595734,1279.0884032845734
2026-01-29 16:00:00+00:00,1224.0263833984375,1414.9173135742187,1587.5670328125,738.9955,929.8864,1102.5361,841.4750889524515,1032.3660191282327,1205.015738366514,979.7744900958018,1170.665420271583,1343.3151395098641
2026-01-29 17:00:00+00:00,1211.7756966796874,1403.1867684570311,1572.7752083984374,748.5116,939.92267,1109.5111,853.56867247335,1044.9797442506938,1214.5681841921,997.8149647859312,1189.226036563275,1358.8144765046814
2026-01-29 18:00:00+00:00,1164.5992741210937,1355.3963322265624,1521.713348828125,747.186,937.98303,1104.3,852.4925405311913,1043.28959863666,1209.6066152382225,991.0864147622863,1181.883472867755,1348.2004894693175
2026-01-29 19:00:00+00:00,1134.5703466796874,1323.7165869140624,1487.01529296875,714.48035,903.6266,1066.9253,815.0809369997428,1004.2271772341178,1167.5258832888053,942.8756061984151,1132.0218464327902,1295.3205524874777
2026-01-29 20:00:00+00:00,1070.3369833007812,1257.0662923828124,1417.5639120117187,651.1429,837.8722,998.3698,745.4304938643855,932.1598029464168,1092.657422575323,859.270350841261,1045.9996599232923,1206.4972795521985
2026-01-29 21:00:00+00:00,1027.9167333984376,1211.263779296875,1369.1335913085939,586.40173,769.7488,927.6186,668.3785007229183,851.7255466213558,1009.5953586330745,762.9474835049487,946.2945294033862,1104.164341415105
2026-01-29 22:00:00+00:00,1037.1742927734376,1216.3945686523439,1372.4686653320314,529.4701,708.69037,864.76447,600.7089473837252,779.9292232626315,936.003319942319,679.4932703585622,858.7135462374684,1014.787642917156
2026-01-29 23:00:00+00:00,1067.176355859375,1242.2037606445313,1396.7961068359375,532.93726,707.96466,862.557,590.2698424921048,765.297247277261,919.8895934686673,656.4309697486531,831.4583745338093,986.0507207252156
2026-01-30 00:00:00+00:00,1068.74169921875,1241.1339721679688,1395.5548706054688,529.9292,702.3215,856.7424,566.1312895259409,738.5235624751597,892.9444609126597,601.5345157796343,773.926788728853,928.347687166353
2026-01-30 01:00:00+00:00,1122.48515703125,1293.5377083007813,1448.3434944335938,534.66846,705.721,860.5268,565.6288357306205,736.6813870001517,891.4871731329642,597.7532853318082,768.8058366013395,923.611622734152
2026-01-30 02:00:00+00:00,1079.0576791015624,1249.7020882812499,1405.1957406249999,543.8561,714.5005,869.99414,572.5052856675085,743.149694847196,898.643347190946,603.897214759687,774.5416239393745,930.0352762831245
2026-01-30 03:00:00+00:00,1073.7555599609375,1244.9220028320312,1401.8776302734375,557.93396,729.1004,886.056,591.0657985643143,762.232241435408,919.1878688768143,623.7744570551649,794.9408999262587,951.8965273676649
2026-01-30 04:00:00+00:00,1161.7261369140624,1335.6903703125,1494.3892228515624,630.34534,804.3096,963.0084,664.7694935666091,838.7337269650466,997.4325795041091,700.072379615097,874.0366130135345,1032.7354655525971
2026-01-30 05:00:00+00:00,1231.2740958984375,1410.9119743164063,1571.6710075195313,681.1283,860.7662,1021.5252,717.0387792042466,896.6766576222153,1057.4356908253403,755.3763484552223,935.0142268731911,1095.773260076316
2026-01-30 06:00:00+00:00,1294.2641910156249,1479.7814639648436,1643.1943667968749,746.5608,932.07806,1095.491,780.5525905440821,966.0698634933009,1129.4827663253322,825.2473848852968,1010.7646578345156,1174.1775606665467
2026-01-30 07:00:00+00:00,1320.6623591796874,1510.6709651367187,1677.6257380859374,790.30066,980.30927,1147.264,830.011664942803,1020.0202708998343,1186.975043849053,887.5990351903024,1077.6076411473337,1244.5624140965524
2026-01-30 08:00:00+00:00,1358.4772883789062,1551.2393733398437,1720.8709041015625,816.3531,1009.1152,1178.7467,858.3719920901661,1051.1340770511038,1220.7656078128225,909.4591004133375,1102.221185374275,1271.8527161359937
2026-01-30 09:00:00+00:00,1340.6438467773437,1534.65220859375,1705.523058203125,818.83295,1012.8413,1183.7122,837.6565221564257,1031.6648839728318,1202.5357335822068,863.138733588485,1057.1470954048914,1228.0179450142664
2026-01-30 10:00:00+00:00,1305.4711294921874,1499.9450674804687,1671.6405630859374,813.5477,1008.02167,1179.7172,827.0994681632391,1021.5734061515203,1193.268901756989,835.2719245580702,1029.7458625463514,1201.4413581518202
2026-01-30 11:00:00+00:00,1358.939912890625,1552.7336140625,1725.01339921875,796.4807,990.2744,1162.5542,805.804482320487,999.598183492362,1171.8779686486118,810.3005214793416,1004.0942226512166,1176.3740078074666
2026-01-30 12:00:00+00:00,1321.7645955078124,1513.7539143554686,1686.4932332031249,758.8429,950.8322,1123.5715,767.9198925368419,959.9092113844981,1132.6485302321544,770.0396200486545,962.0289388963107,1134.768257743967
2026-01-30 13:00:00+00:00,1303.3861709960938,1492.5402237304688,1665.64990390625,725.5903,914.7443,1087.854,737.5762041447165,926.7302568790915,1099.8399370548727,744.4115289245217,933.5655816588967,1106.675261834678
2026-01-30 14:00:00+00:00,1291.5741487304688,1477.879873828125,1650.8721833984375,703.19745,889.5032,1062.4955,722.3451826081237,908.6509077057799,1081.6432172760924,739.7596130359184,926.0653381335746,1099.0576477038871
2026-01-30 15:00:00+00:00,1314.2531501953126,1499.6990120117189,1673.0722419921876,719.86145,905.3073,1078.6805,748.9210831649712,934.3669449813774,1107.7401749618462,787.0110391109414,972.4569009273476,1145.8301309078165
2026-01-30 16:00:00+00:00,1307.78609296875,1493.43746015625,1666.8313810546874,731.9253,917.57666,1090.9706,770.0018693278267,955.6532365153267,1129.0471574137641,820.1082354086211,1005.7596025961211,1179.1535234945586
2026-01-30 17:00:00+00:00,1264.70002109375,1451.317941015625,1624.238839453125,726.2866,912.90454,1085.8254,766.4287085161727,953.0466284380477,1125.9675268755477,821.4681800814412,1008.0861000033162,1181.0069984408162
2026-01-30 18:00:00+00:00,1281.3517000000002,1467.9021150390627,1639.7621003906252,715.1875,901.7379,1073.5979,733.4066729660636,919.9570880051261,1091.8170733566888,764.0224094797591,950.5728245188216,1122.432809870384
2026-01-30 19:00:00+00:00,1257.8847924804686,1442.1872216796874,1613.2680322265624,606.7873,791.0897,962.17053,622.0901166935796,806.3925458927984,977.4733564396734,652.8186205069854,837.1210497062042,1008.2018602530792
2026-01-30 20:00:00+00:00,1179.9184895507813,1361.2703572265625,1530.6656819335938,579.6468,760.99866,930.394,596.6885493922273,778.0404170680085,947.4357417750398,636.2657394770353,817.6176071528165,987.0129318598478
2026-01-30 21:00:00+00:00,1133.5716479492187,1311.4817431640624,1478.8054125976562,552.25165,730.16174,897.4854,571.1556782262726,749.0657734411163,916.3894428747101,621.1206594026282,799.030754617472,966.3544240510657
2026-01-30 22:00:00+00:00,1130.7721170410155,1303.022025488281,1468.8876871093748,457.15372,629.4036,795.2693,481.7142859178374,653.964194365103,819.8298559861968,535.401411129275,707.6513195765406,873.5169811976343
2026-01-30 23:00:00+00:00,1069.8854280273438,1237.2136140625,1401.4359651367188,411.57123,578.8994,743.12177,446.2694617438384,613.5976477789947,777.8199988532134,503.7398347820766,671.0680208172329,835.2903718914516
