timestamp,supply_s1_p10,supply_s1_p50,supply_s1_p90,supply_s2_p10,supply_s2_p50,supply_s2_p90,supply_s3_p10,supply_s3_p50,supply_s3_p90,supply_s4_p10,supply_s4_p50,supply_s4_p90
2026-01-01 23:00:00+00:00,263.94827,397.25702,547.54443,261.2829,393.71173,543.37524,261.2829,393.71173,543.37524,261.2829,393.71173,543.37524
2026-01-02 00:00:00+00:00,261.55847,394.4326,544.7068,259.5916,391.73083,541.38873,260.27682,392.54816,542.1909,261.02365,393.45325,543.0869
2026-01-02 01:00:00+00:00,260.97168,393.7862,544.068,259.69916,391.87164,541.4664,261.32693,393.84525,543.42255,263.17682,396.07895,545.63165
2026-01-02 02:00:00+00:00,263.3408,396.7199,546.97174,262.55374,395.3537,544.8625,265.33725,398.72012,548.23846,268.86603,403.05432,552.8525
2026-01-02 03:00:00+00:00,267.42004,401.84204,552.4635,267.1906,400.99115,550.56573,272.01318,406.98468,556.9519,279.23535,416.00128,566.56995
2026-01-02 04:00:00+00:00,273.93076,409.88928,561.07385,274.45218,410.0674,560.12994,282.2836,419.7945,570.5931,293.35458,433.3546,585.1217
2026-01-02 05:00:00+00:00,287.60062,426.76062,578.82684,289.10068,428.14972,579.3609,299.3787,440.81506,593.25977,315.08917,460.001,614.51624
2026-01-02 06:00:00+00:00,304.0438,446.72382,600.4448,305.78375,448.64017,601.70764,319.68265,465.43475,620.08795,338.9191,488.20023,645.0696
2026-01-02 07:00:00+00:00,322.67874,469.24356,624.93066,324.1761,470.7265,625.5009,335.856,484.614,640.5881,360.50076,512.9656,672.7164
2026-01-02 08:00:00+00:00,342.12933,492.18677,649.3169,344.87875,494.99487,651.6623,356.58517,508.42642,667.01373,384.39883,539.8736,702.57666
2026-01-02 09:00:00+00:00,340.69684,490.5083,647.4953,343.846,493.83347,650.1805,361.11157,513.5983,672.7004,388.67548,544.6747,707.7832
2026-01-02 10:00:00+00:00,328.38867,475.98004,631.90155,331.81357,479.73938,634.8426,355.11212,506.80737,664.94385,384.2732,539.79364,702.2567
2026-01-02 11:00:00+00:00,307.94073,451.52,605.44305,311.1668,455.07858,608.2209,337.0825,486.05743,641.87427,366.41214,519.796,679.76465
2026-01-02 12:00:00+00:00,291.97183,432.33597,584.8106,293.6874,434.03326,585.60864,318.29376,463.77966,617.9771,345.242,495.7603,652.63293
2026-01-02 13:00:00+00:00,282.67703,420.9022,573.02606,283.5843,421.6994,572.5851,307.49634,450.78882,603.90656,337.8215,487.10544,643.46246
2026-01-02 14:00:00+00:00,275.5638,412.2113,563.9333,276.02982,412.30878,562.87994,300.07388,441.9536,594.3771,337.8079,487.13776,643.593
2026-01-02 15:00:00+00:00,269.96948,405.38208,556.71765,270.1578,405.05487,555.3493,293.64047,434.21127,586.24207,334.52438,483.3232,639.65533
2026-01-02 16:00:00+00:00,265.95212,400.4342,551.44775,266.00992,399.97568,549.9752,290.6153,430.56558,582.4156,336.52264,485.7523,642.4415
2026-01-02 17:00:00+00:00,264.11752,398.1496,548.9665,264.0878,397.60342,547.4333,291.19897,431.30612,583.2212,344.76346,495.4912,653.01953
2026-01-02 18:00:00+00:00,262.4766,396.11102,546.7649,262.0966,395.24158,545.1413,290.529,430.54053,582.48444,347.4252,498.67343,656.628
2026-01-02 19:00:00+00:00,262.72934,396.41852,547.01874,262.13,395.3061,545.1984,292.65857,433.16687,585.27716,359.0059,512.07074,671.4686
2026-01-02 20:00:00+00:00,264.64694,398.7557,549.3459,263.96335,397.51364,547.32056,297.9278,439.5586,591.9607,379.31726,534.997,697.3566
2026-01-02 21:00:00+00:00,267.57108,402.32153,552.99536,266.8463,401.02136,550.89355,304.67563,447.6619,600.8386,400.00674,558.0164,723.12085
2026-01-02 22:00:00+00:00,271.97256,407.64526,558.4838,271.41428,406.60428,556.6043,312.90286,457.6994,611.8365,418.13812,577.9056,745.23145
2026-01-02 23:00:00+00:00,277.9459,414.93036,565.66235,278.0813,414.8503,564.7811,322.88614,469.609,624.42615,430.54816,591.3004,759.9936
2026-01-03 00:00:00+00:00,282.78046,420.93164,571.66797,282.9835,420.90192,570.76245,329.96057,478.04276,633.39154,438.84293,600.183,769.96277
2026-01-03 01:00:00+00:00,284.99063,423.6834,574.44507,284.97433,423.35553,573.2806,331.98557,480.48383,636.0366,433.98502,594.86847,764.4022
2026-01-03 02:00:00+00:00,283.87378,422.34366,573.09906,283.44983,421.50235,571.34344,328.12073,475.96027,631.30084,421.03613,580.7501,749.1805
2026-01-03 03:00:00+00:00,281.9448,420.00714,570.79297,281.42062,419.0163,568.75214,322.36017,469.1563,624.1084,409.85645,568.47394,735.9114
2026-01-03 04:00:00+00:00,285.73584,424.64502,575.50867,284.71057,423.04852,573.0613,324.55466,471.75085,626.8589,411.6969,570.4719,738.0848
2026-01-03 05:00:00+00:00,298.60043,440.13553,591.8761,295.94644,436.78357,587.7717,339.91217,489.609,646.5396,429.66855,590.0503,759.39844
2026-01-03 06:00:00+00:00,316.3409,461.6124,615.04486,311.98688,456.39026,609.29834,359.21722,511.61865,671.2881,448.5553,610.4138,781.39923
2026-01-03 07:00:00+00:00,334.46155,483.05096,637.7837,328.89578,476.54224,630.9373,379.9317,534.96387,697.29095,469.23434,632.8836,806.55884
2026-01-03 08:00:00+00:00,344.38327,494.59412,650.0066,338.5592,487.80615,643.31085,390.6328,546.94116,710.35913,477.1458,641.6194,816.55676
2026-01-03 09:00:00+00:00,341.45862,491.16846,646.1019,335.7462,484.56955,639.48193,385.1386,540.8298,703.33887,469.31622,633.1042,806.46277
2026-01-03 10:00:00+00:00,329.5565,477.14478,631.26636,325.90338,472.91888,626.87024,371.65854,525.6693,686.35156,450.4793,612.4761,782.78394
2026-01-03 11:00:00+00:00,311.65497,455.81598,608.63385,310.50912,454.474,607.0093,349.6335,500.6604,658.2176,417.53558,576.7441,743.7444
2026-01-03 12:00:00+00:00,296.0576,437.1632,588.8348,296.39078,437.22678,588.14764,324.2138,471.0603,625.503,379.23212,534.33484,696.71246
2026-01-03 13:00:00+00:00,281.68643,419.638,570.9058,282.32205,420.1089,570.1235,303.79788,446.5133,599.01105,348.24844,499.30914,657.29956
2026-01-03 14:00:00+00:00,269.8502,405.0969,555.9479,270.1741,404.98837,554.55615,287.5584,426.70682,577.66064,323.06766,469.92322,625.1683
2026-01-03 15:00:00+00:00,260.34406,393.60196,544.24646,260.57385,393.3051,542.86884,274.12823,410.15576,560.4215,302.60568,445.2206,598.36774
2026-01-03 16:00:00+00:00,252.77454,384.9897,536.462,253.09653,384.92657,535.2677,263.7491,397.39642,547.2603,286.25693,425.39676,577.14355
2026-01-03 17:00:00+00:00,247.04697,378.89145,531.4357,247.34698,378.77487,530.0881,255.35602,387.62814,538.0657,272.4912,408.43622,559.4431
2026-01-03 18:00:00+00:00,243.96606,375.66922,528.784,244.0261,375.27734,527.30536,249.78217,381.5574,532.70734,264.96133,399.31415,549.9141
2026-01-03 19:00:00+00:00,242.2952,373.9414,527.2699,241.65231,372.8231,525.3796,246.06094,377.6202,529.5201,260.33438,393.75165,544.3447
2026-01-03 20:00:00+00:00,240.45618,372.01868,525.5492,239.35062,370.4888,523.4131,242.76831,374.08685,526.5941,256.09918,388.80945,539.72406
2026-01-03 21:00:00+00:00,239.26453,370.73093,524.29816,237.59802,368.71484,521.8999,240.90018,372.13,524.9058,252.75998,385.13864,536.3804
2026-01-03 22:00:00+00:00,238.34726,369.72745,523.30817,236.39648,367.50546,520.8708,240.48538,371.6656,524.42706,251.5409,383.7621,535.0481
2026-01-03 23:00:00+00:00,240.25781,371.59372,524.67816,237.96466,369.01233,521.94415,243.29703,374.58066,526.7213,254.0047,386.3932,537.2312
2026-01-04 00:00:00+00:00,246.23175,377.69702,529.5666,243.82968,374.9679,526.7572,249.87228,381.527,532.36,260.65622,393.8203,543.8852
2026-01-04 01:00:00+00:00,251.3649,383.10226,533.93,249.19073,380.5824,531.2189,255.97662,388.10132,538.08093,268.25378,402.9048,553.02844
2026-01-04 02:00:00+00:00,255.44086,387.5173,537.8214,253.76987,385.49982,535.46027,261.26733,394.14154,543.6928,275.35495,411.62628,561.9712
2026-01-04 03:00:00+00:00,259.46707,392.04858,541.96423,258.04883,390.14905,539.61053,266.6212,400.5453,550.07837,282.6829,420.6315,571.51056
2026-01-04 04:00:00+00:00,264.78458,398.44354,548.2407,263.0556,396.13797,545.477,272.7112,408.15723,558.0125,289.35562,428.7881,580.1631
2026-01-04 05:00:00+00:00,271.55148,406.72385,557.0025,269.48877,404.027,553.61707,277.6274,414.30225,564.4785,293.61993,433.98004,585.7112
2026-01-04 06:00:00+00:00,279.36856,416.44696,567.2457,276.7917,413.2132,563.34515,282.3261,420.13583,570.7634,297.11914,438.23862,590.37415
2026-01-04 07:00:00+00:00,284.55167,422.87982,574.0635,281.72723,419.36847,569.8896,285.1593,423.63748,574.55853,299.17093,440.73053,593.1017
2026-01-04 08:00:00+00:00,287.86212,426.9809,578.4635,285.23892,423.7296,574.6189,287.5238,426.563,577.7204,299.7324,441.44135,593.8457
2026-01-04 09:00:00+00:00,287.8356,426.98224,578.6339,285.43427,424.01068,574.9908,287.13666,426.1218,577.29944,296.7698,437.91016,589.9901
2026-01-04 10:00:00+00:00,283.85367,422.1159,573.7855,282.05484,419.87463,570.79266,283.02145,421.08862,572.08984,289.76865,429.4361,581.0376
2026-01-04 11:00:00+00:00,278.68173,415.69934,567.22284,277.21417,413.8738,564.65753,277.8017,414.62003,565.46173,281.79025,419.636,570.7919
2026-01-04 12:00:00+00:00,272.05844,407.63214,558.74365,270.5153,405.55396,556.04517,270.80594,405.9211,556.4493,273.1687,408.8744,559.62555
2026-01-04 13:00:00+00:00,263.4693,397.0558,547.5745,262.02835,395.1706,545.2213,262.16586,395.34454,545.4022,264.02307,397.6532,547.8025
2026-01-04 14:00:00+00:00,256.4631,388.88943,539.93616,254.95416,387.0928,537.72437,255.10318,387.26086,537.88245,257.44205,389.8529,540.26263
2026-01-04 15:00:00+00:00,250.5841,382.47626,534.38043,248.77905,380.37836,531.91113,248.95407,380.56796,532.0726,251.66736,383.51855,534.62695
2026-01-04 16:00:00+00:00,246.24661,377.83276,530.5501,244.15091,375.42392,527.8407,244.2756,375.5526,527.9547,246.73575,378.22763,530.23
2026-01-04 17:00:00+00:00,242.46832,373.95117,527.22705,240.10818,371.29034,524.3274,240.58151,371.7777,524.7524,242.89072,374.16107,526.85065
2026-01-04 18:00:00+00:00,238.92267,370.27393,524.0402,236.35324,367.45654,521.09656,236.79636,367.89728,521.4561,239.12997,370.30957,523.5672
2026-01-04 19:00:00+00:00,236.38895,367.6454,521.76355,233.70267,364.7998,518.9397,234.40894,365.50568,519.51654,236.75003,367.8433,521.4362
2026-01-04 20:00:00+00:00,236.35757,367.5102,521.4063,233.95303,364.93982,518.8138,234.8692,365.853,519.5576,237.20425,368.17813,521.4604
2026-01-04 21:00:00+00:00,235.32861,366.4335,520.43335,232.73013,363.68723,517.7469,233.50531,364.46396,518.3843,235.92032,366.87448,520.359
2026-01-04 22:00:00+00:00,235.29861,366.36908,520.3176,232.3692,363.31223,517.42786,233.4484,364.39203,518.3112,235.9165,366.85455,520.3286
2026-01-04 23:00:00+00:00,238.15085,369.10535,522.29584,235.27075,366.10834,519.4847,236.9053,367.72562,520.79346,239.93481,370.78177,523.3723
2026-01-05 00:00:00+00:00,247.41696,378.4738,529.89264,245.3287,376.13986,527.50433,246.81976,377.7492,528.8595,250.18542,381.3568,531.88544
2026-01-05 01:00:00+00:00,258.2431,389.97137,539.5297,256.92053,388.49323,537.94464,258.52628,390.33118,539.7183,262.18948,394.79196,544.1693
2026-01-05 02:00:00+00:00,268.91708,402.80615,552.20624,268.57098,402.4265,551.44055,271.05765,405.58447,554.7738,275.81448,411.58688,561.0981
2026-01-05 03:00:00+00:00,278.83774,415.17825,564.92236,279.5351,416.0495,565.4231,282.43118,419.64954,569.18494,287.91382,426.3981,576.44336
2026-01-05 04:00:00+00:00,288.11087,426.55865,576.52246,290.3373,429.20438,579.12885,293.9558,433.59888,583.9603,300.26114,441.4293,592.77954
2026-01-05 05:00:00+00:00,296.6331,436.77542,587.08105,299.91608,440.87903,591.8881,304.6838,446.70258,598.2933,311.58557,455.08408,607.4941
2026-01-05 06:00:00+00:00,304.95642,446.73987,597.7025,308.26196,450.94772,602.69916,312.26566,455.80157,608.02454,318.5971,463.43555,616.3748
2026-01-05 07:00:00+00:00,319.27377,463.91428,616.0036,322.45593,467.8991,620.74445,325.58002,471.63757,624.82477,332.4137,479.6504,633.93427
2026-01-05 08:00:00+00:00,336.65158,484.4736,637.75916,341.58435,490.14862,645.3146,345.4284,494.58316,650.40247,352.98492,503.26215,660.32385
2026-01-05 09:00:00+00:00,357.57547,508.4734,664.45544,363.57336,515.2382,673.2821,367.42593,519.6156,678.25214,374.2177,527.3056,686.9625
2026-01-05 10:00:00+00:00,376.31708,529.6764,687.90656,383.2459,537.4014,697.71844,386.18875,540.70557,701.4431,391.59113,546.7545,708.2472
2026-01-05 11:00:00+00:00,382.13568,536.2193,695.1228,390.5257,545.53296,706.6679,392.78946,548.0639,709.5139,398.01196,553.88556,716.03864
2026-01-05 12:00:00+00:00,378.55704,532.21954,690.596,387.73132,542.43,703.132,389.55557,544.4732,705.43195,393.302,548.66144,710.13885
2026-01-05 13:00:00+00:00,376.78088,530.24585,688.2749,386.6019,541.19116,701.6238,388.0497,542.8142,703.45166,392.04688,547.28394,708.4692
2026-01-05 14:00:00+00:00,373.81793,526.9544,684.4264,384.05344,538.38226,698.3245,385.4411,539.9395,700.07764,391.5036,546.72015,707.6764
2026-01-05 15:00:00+00:00,366.8276,519.1087,675.5637,377.4044,530.9595,689.9946,380.8112,534.7908,694.29974,392.15005,547.4837,708.5211
2026-01-05 16:00:00+00:00,356.33292,507.23697,662.2733,367.31918,519.60693,677.3881,372.1828,525.1091,683.59625,387.7334,542.58875,703.24274
2026-01-05 17:00:00+00:00,337.31183,485.2215,638.62866,346.60928,496.05026,651.10077,351.2448,501.36975,657.1647,365.3471,517.45245,675.4335
2026-01-05 18:00:00+00:00,319.0727,463.68945,616.01105,327.11243,473.333,626.3902,330.416,477.26538,630.64667,340.0083,488.55835,643.0825
2026-01-05 19:00:00+00:00,310.51904,453.56934,605.5006,319.23074,463.99597,616.48926,322.0028,467.32312,620.11304,330.75854,477.77167,631.45337
2026-01-05 20:00:00+00:00,305.14584,447.26898,599.07684,314.65964,458.57898,610.75415,317.748,462.29993,614.81226,326.20227,472.4303,625.8362
2026-01-05 21:00:00+00:00,300.44202,441.84534,593.68445,311.0721,454.33447,606.3095,314.50018,458.47675,610.8344,323.0827,468.7879,622.0748
2026-01-05 22:00:00+00:00,295.9219,436.461,587.99255,306.73914,449.1785,600.9013,310.33304,453.5393,605.67957,318.80243,463.75464,616.8472
2026-01-05 23:00:00+00:00,299.9427,441.25702,593.2643,311.16974,454.5381,606.66125,315.15387,459.34784,611.9131,323.92636,469.87286,623.37744
2026-01-06 00:00:00+00:00,322.3985,468.29205,622.4557,335.44073,483.0327,637.8993,343.14816,491.93292,648.1052,356.84598,507.6391,666.0439
2026-01-06 01:00:00+00:00,352.2029,502.62497,660.63,365.11404,516.79785,675.9576,375.06787,528.057,688.6992,392.7282,547.8597,710.97925
2026-01-06 02:00:00+00:00,387.9235,542.73535,705.36444,399.93585,555.6845,719.16095,411.38934,568.3586,733.2969,433.54065,592.6253,760.1639
2026-01-06 03:00:00+00:00,429.04895,587.93317,755.1693,441.50613,601.1931,769.2946,455.59088,616.5527,786.65295,478.83142,642.01355,816.2542
2026-01-06 04:00:00+00:00,468.20404,630.5991,803.16754,479.4864,642.6337,816.5671,496.55035,661.1187,838.09924,520.84894,686.97314,867.859
2026-01-06 05:00:00+00:00,499.50085,664.49695,842.57275,515.1469,680.76965,860.5233,535.3378,701.95245,884.66345,559.1618,726.4771,913.41705
2026-01-06 06:00:00+00:00,525.5513,692.01935,874.0015,545.0974,711.8613,895.88446,562.9306,730.1404,917.5182,583.86725,752.7436,944.1224
2026-01-06 07:00:00+00:00,553.0532,720.4336,906.7167,572.35925,739.6924,928.5515,588.3028,757.536,949.1156,609.5416,781.8055,975.59
2026-01-06 08:00:00+00:00,577.4299,746.2513,936.494,594.69305,764.8988,956.802,612.6322,785.265,978.9374,632.9289,810.9811,1007.6125
2026-01-06 09:00:00+00:00,611.7881,785.2428,978.46716,627.84625,803.40045,998.37585,644.96576,826.6969,1025.4213,664.0257,854.42706,1059.1204
2026-01-06 10:00:00+00:00,636.8582,816.63513,1013.1841,651.3063,835.4741,1035.6837,669.2556,861.7753,1067.7092,683.67615,883.4932,1094.3042
2026-01-06 11:00:00+00:00,642.2749,824.206,1021.8014,657.22186,844.353,1046.2683,672.7342,867.3463,1074.3013,684.0757,884.57904,1095.45
2026-01-06 12:00:00+00:00,634.2407,813.84753,1009.57983,647.7889,831.2976,1030.3414,661.7858,851.82324,1055.355,671.0946,865.8255,1072.4496
2026-01-06 13:00:00+00:00,615.64764,790.23486,982.9831,630.1969,808.0066,1003.1819,641.11816,822.8779,1020.37476,649.2106,834.409,1034.2175
2026-01-06 14:00:00+00:00,605.22546,778.8262,970.7459,619.0117,793.70337,987.10486,630.91437,809.5579,1005.0248,639.90424,821.7362,1019.06067
2026-01-06 15:00:00+00:00,612.5038,787.0316,979.4592,625.34436,802.036,996.3168,637.0225,817.71924,1014.225,647.6961,832.41113,1031.6033
2026-01-06 16:00:00+00:00,621.21045,797.7945,991.4618,633.7275,813.07355,1008.736,645.2706,828.88715,1027.2969,661.67706,852.8358,1056.4312
2026-01-06 17:00:00+00:00,629.2094,808.6703,1004.0173,641.3081,823.22534,1020.5294,654.5603,842.0608,1043.1759,675.05743,872.40125,1080.2131
2026-01-06 18:00:00+00:00,641.2196,824.536,1022.44226,652.9507,839.33234,1039.7993,667.0833,860.39734,1065.5547,687.65985,891.7915,1104.1613
2026-01-06 19:00:00+00:00,647.0998,832.19635,1031.456,658.8516,848.0593,1050.5543,672.70404,868.64294,1075.6658,691.921,898.409,1112.3877
2026-01-06 20:00:00+00:00,643.7045,827.687,1026.3452,654.82184,842.25934,1043.6624,668.2927,862.3048,1068.148,687.576,891.6498,1104.228
2026-01-06 21:00:00+00:00,635.7699,817.1215,1014.27405,644.9242,828.31604,1026.978,659.16595,849.01044,1052.1422,680.38116,880.6721,1090.8883
2026-01-06 22:00:00+00:00,638.8476,820.926,1018.84143,646.58923,830.50665,1029.7108,662.1608,853.2412,1057.4138,685.25336,887.75104,1099.7024
2026-01-06 23:00:00+00:00,657.8207,846.7261,1049.7816,663.2974,854.2994,1058.6356,679.1818,877.97266,1087.6008,701.00635,911.8517,1129.3239
2026-01-07 00:00:00+00:00,674.07385,869.7004,1077.4729,674.653,870.8036,1078.627,691.0027,895.8286,1109.4929,720.8696,942.12036,1166.1542
2026-01-07 01:00:00+00:00,679.3456,877.3476,1086.7122,675.90717,872.91284,1081.1393,694.0376,900.874,1115.6248,729.28503,955.2621,1181.9872
2026-01-07 02:00:00+00:00,699.51434,907.5277,1123.554,693.3405,899.29205,1113.4108,712.59296,929.2602,1150.1481,745.81464,980.485,1212.2764
2026-01-07 03:00:00+00:00,727.23846,949.2731,1174.1174,720.3877,940.3119,1163.2498,739.10803,969.0985,1198.1462,767.05975,1012.32715,1250.197
2026-01-07 04:00:00+00:00,747.9238,980.8856,1212.1768,743.3924,974.9761,1204.9944,759.8943,1000.516,1235.7797,782.515,1035.7002,1277.823
2026-01-07 05:00:00+00:00,755.9579,993.8222,1227.5562,754.1146,991.4774,1224.6875,769.9587,1015.7784,1253.7965,789.4609,1046.6398,1290.7122
2026-01-07 06:00:00+00:00,757.0055,996.4696,1230.4851,756.6237,995.951,1229.8334,773.7461,1022.233,1261.2614,794.77405,1055.4558,1301.0059
2026-01-07 07:00:00+00:00,761.62964,1004.09827,1239.335,762.6034,1005.31055,1240.7683,779.71295,1031.8604,1272.5258,801.3236,1066.0455,1313.3855
2026-01-07 08:00:00+00:00,767.59424,1013.50775,1250.2692,768.8796,1015.15015,1252.231,786.4988,1042.9017,1285.5226,806.7547,1075.3611,1324.3699
2026-01-07 09:00:00+00:00,776.4664,1027.2916,1266.3693,777.7859,1029.1869,1268.7573,795.64996,1057.2683,1302.3433,813.14185,1086.3147,1337.3461
2026-01-07 10:00:00+00:00,776.0961,1027.0894,1265.9224,777.8195,1029.6143,1269.1312,794.88336,1056.4945,1301.2842,811.20715,1083.5613,1333.8904
2026-01-07 11:00:00+00:00,765.26276,1011.0381,1246.6492,767.83203,1014.64954,1251.1714,784.4716,1041.0165,1282.8552,802.1398,1069.0032,1316.2391
2026-01-07 12:00:00+00:00,745.8288,982.33167,1212.2239,748.7798,986.5394,1217.5989,767.458,1015.21497,1251.9873,786.4584,1045.3391,1288.1527
2026-01-07 13:00:00+00:00,727.067,953.9169,1177.8145,730.1601,958.3759,1183.6025,749.06396,987.8534,1219.3365,770.42194,1020.71875,1258.7155
2026-01-07 14:00:00+00:00,712.9464,932.7445,1152.2045,715.83014,937.05505,1157.9153,735.1457,966.7887,1193.9777,757.9,1001.9889,1236.4485
2026-01-07 15:00:00+00:00,706.3466,922.70416,1140.0049,709.1571,927.0257,1145.7869,729.33356,957.90674,1183.2596,753.2856,995.0491,1228.2017
2026-01-07 16:00:00+00:00,700.06885,913.1367,1128.3531,702.4167,916.9702,1133.5787,725.0834,951.7273,1175.8667,751.25995,992.13995,1224.7698
2026-01-07 17:00:00+00:00,696.17755,907.1001,1121.0322,697.96027,910.2718,1125.4633,722.17255,947.4907,1170.8243,750.3738,990.929,1223.3899
2026-01-07 18:00:00+00:00,690.8105,898.8096,1110.9884,692.42303,901.76746,1115.1743,716.81396,939.473,1161.2535,746.04877,984.458,1215.7385
2026-01-07 19:00:00+00:00,677.32544,877.93506,1085.4487,678.45776,880.22156,1088.8322,702.9747,918.61115,1136.0674,733.31537,965.18823,1192.6332
2026-01-07 20:00:00+00:00,662.0763,854.39,1056.7274,662.1621,855.31726,1058.4684,687.5161,894.82623,1107.127,717.8467,941.9145,1164.7151
2026-01-07 21:00:00+00:00,649.43677,835.6465,1034.1841,648.2686,834.84375,1033.8092,674.77637,874.7092,1082.5507,705.04724,922.27026,1141.0942
2026-01-07 22:00:00+00:00,637.8795,819.4706,1015.2952,635.3495,817.0306,1013.0513,658.97516,851.03955,1053.9121,690.85767,900.26904,1114.4236
2026-01-07 23:00:00+00:00,638.3294,819.6881,1015.73706,634.84393,816.09625,1012.1752,655.8476,846.0793,1048.0416,686.551,893.12213,1105.796
2026-01-08 00:00:00+00:00,624.3208,801.00397,994.4624,619.9807,796.6011,990.2915,639.40936,822.7601,1020.16626,669.11945,866.3269,1072.9714
2026-01-08 01:00:00+00:00,617.15063,792.0092,984.61,613.43555,788.22,981.0704,630.1642,810.3213,1005.99426,656.9475,848.2598,1051.054
2026-01-08 02:00:00+00:00,614.6283,789.2403,981.7803,611.64355,786.2106,979.0626,624.8219,803.218,998.13525,647.9932,834.77124,1034.6157
2026-01-08 03:00:00+00:00,610.3056,784.5682,976.85266,607.7161,781.9347,974.56433,617.82025,794.02576,987.8421,637.9989,821.0934,1018.53766
2026-01-08 04:00:00+00:00,609.608,784.015,976.2239,608.0235,782.41016,975.05835,615.2864,790.599,983.8776,631.1686,811.9015,1007.9705
2026-01-08 05:00:00+00:00,618.3658,794.00726,986.7422,618.25116,793.9794,987.3251,623.11993,800.60046,994.84644,634.81,816.3909,1012.7968
2026-01-08 06:00:00+00:00,641.4911,823.9351,1020.43726,643.13586,826.7253,1024.3936,646.76697,831.88367,1030.5159,655.8665,845.3621,1046.8274
2026-01-08 07:00:00+00:00,669.4755,864.3861,1068.8821,673.5339,870.7498,1077.3131,676.7618,875.9066,1083.6873,684.0889,887.61206,1098.1677
2026-01-08 08:00:00+00:00,691.12854,898.1846,1110.158,695.39856,904.9593,1119.1182,697.49207,908.27954,1123.1947,702.80206,916.63904,1133.4379
2026-01-08 09:00:00+00:00,716.9398,937.5664,1157.9126,721.6284,944.81604,1167.3447,722.76746,946.60205,1169.5095,726.04065,951.6798,1175.6545
2026-01-08 10:00:00+00:00,721.62384,945.05695,1166.8466,726.9934,953.119,1177.2349,727.6013,954.08093,1178.3977,729.4788,957.0137,1181.9395
2026-01-08 11:00:00+00:00,710.3879,928.70337,1146.9258,716.0953,937.2733,1157.985,716.4209,937.8015,1158.6272,717.4753,939.486,1160.6743
2026-01-08 12:00:00+00:00,702.2521,916.52234,1131.9309,707.2174,924.2582,1142.0007,707.38696,924.53986,1142.3448,708.00757,925.54663,1143.5741
2026-01-08 13:00:00+00:00,708.53125,925.72546,1142.9752,712.107,931.72974,1150.893,712.2777,932.00195,1151.2247,712.96216,933.0758,1152.5323
2026-01-08 14:00:00+00:00,720.1742,942.9928,1163.8042,723.1929,948.28125,1170.8015,723.71216,949.06555,1171.7509,725.1065,951.17316,1174.301
2026-01-08 15:00:00+00:00,715.93176,936.8246,1156.3292,718.37244,941.42804,1162.4948,719.20966,942.693,1164.0293,721.5255,946.188,1168.266
2026-01-08 16:00:00+00:00,711.3131,929.9754,1148.1438,713.8569,934.7252,1154.5032,714.85565,936.2433,1156.349,717.8237,940.74347,1161.815
2026-01-08 17:00:00+00:00,695.73535,906.5044,1119.7236,698.2555,911.27875,1126.1652,699.3351,912.9464,1128.2086,702.5362,917.88025,1134.2478
2026-01-08 18:00:00+00:00,679.5431,881.59503,1089.3196,682.0445,886.3897,1095.8339,683.1283,888.0912,1097.9346,686.5884,893.5058,1104.6135
2026-01-08 19:00:00+00:00,659.119,850.2792,1051.1196,661.6045,854.9381,1057.4375,662.91455,856.8778,1059.8037,667.48413,863.8019,1068.2646
2026-01-08 20:00:00+00:00,635.7217,817.1167,1011.83887,637.24164,820.12177,1015.9566,638.41095,821.70984,1017.7877,643.0518,828.3021,1025.6472
2026-01-08 21:00:00+00:00,607.22406,781.7418,972.7467,607.9043,782.7162,974.3446,609.40735,784.4022,976.1636,615.7283,791.7839,984.2208
2026-01-08 22:00:00+00:00,581.04047,751.8316,940.573,580.978,752.0361,941.36194,583.115,754.49646,944.0707,589.94965,762.33777,952.6743
2026-01-08 23:00:00+00:00,568.3903,736.9553,924.4081,568.11505,736.8779,924.93463,571.26935,740.55426,929.0206,578.4792,748.9304,938.2948
2026-01-09 00:00:00+00:00,534.8998,702.17694,883.4364,533.25165,700.447,882.18286,537.2755,704.6456,887.2068,544.70306,712.3772,896.4887
2026-01-09 01:00:00+00:00,507.594,673.5693,850.95483,504.75763,670.53595,848.23334,510.14252,676.25574,854.8009,519.59686,686.2343,866.2152
2026-01-09 02:00:00+00:00,495.49765,660.6747,836.21466,492.0301,656.92194,832.6699,498.60492,663.9812,840.83527,508.09253,674.09705,852.49
2026-01-09 03:00:00+00:00,493.75656,658.8261,834.0222,489.40598,654.12195,829.3898,497.47226,662.7991,839.43915,507.8968,673.923,852.2605
2026-01-09 04:00:00+00:00,511.1108,677.44305,855.0742,506.12085,672.1315,849.8092,515.47644,682.048,861.1801,528.28503,695.4915,876.51843
2026-01-09 05:00:00+00:00,544.43604,712.3977,895.1355,540.836,708.5602,891.40515,549.6317,717.68616,902.32733,562.448,730.89453,918.04785
2026-01-09 06:00:00+00:00,579.1941,749.4261,938.17084,576.48047,746.2689,935.45984,585.1717,756.3123,946.5341,598.2444,771.2474,962.8657
2026-01-09 07:00:00+00:00,615.839,791.0157,982.9088,613.6568,788.52783,980.9989,621.5955,797.8319,991.1431,633.45166,813.83795,1009.54706
2026-01-09 08:00:00+00:00,654.6225,841.81824,1041.1055,653.3668,840.79395,1040.7072,660.77826,851.84106,1054.2136,671.9016,868.68085,1074.8561
2026-01-09 09:00:00+00:00,684.22345,887.3163,1096.7117,683.3872,886.67633,1096.7057,689.633,896.4772,1108.7864,699.157,911.31946,1127.011
2026-01-09 10:00:00+00:00,698.08264,909.10693,1123.21,697.28864,908.63586,1123.4119,702.48114,916.70435,1133.2916,711.5078,930.6085,1150.2557
2026-01-09 11:00:00+00:00,700.05817,912.52795,1127.2415,699.08466,911.87915,1127.219,703.3716,918.5427,1135.3721,710.4492,929.48364,1148.7191
2026-01-09 12:00:00+00:00,706.3162,922.1973,1138.966,705.1048,921.31287,1138.649,708.32434,926.3085,1144.7439,714.27356,935.475,1155.9006
2026-01-09 13:00:00+00:00,713.81006,933.61743,1152.8221,712.3386,932.49097,1152.2018,715.14154,936.80536,1157.4462,719.85516,944.03906,1166.2213
2026-01-09 14:00:00+00:00,714.2463,934.481,1153.8628,712.3636,932.8878,1152.6584,715.51764,937.71136,1158.5208,720.1166,944.7404,1167.045
2026-01-09 15:00:00+00:00,712.8718,932.6373,1151.6815,711.1526,931.31903,1150.801,715.8282,938.42456,1159.4377,721.9363,947.6832,1170.6588
2026-01-09 16:00:00+00:00,700.312,914.051,1129.1385,699.0046,913.30566,1128.9495,705.51886,923.28723,1141.1494,715.32263,938.18823,1159.2856
2026-01-09 17:00:00+00:00,675.6665,876.5684,1083.3182,674.5268,876.01196,1083.3562,684.19904,891.1123,1102.0134,698.3683,913.00275,1128.906
2026-01-09 18:00:00+00:00,646.18585,832.5325,1029.7628,644.4242,831.3746,1029.1627,656.36426,848.637,1050.004,673.53595,875.0231,1082.5316
2026-01-09 19:00:00+00:00,619.0662,795.7545,987.4705,616.52716,793.8319,986.3036,631.3893,813.58044,1008.7626,648.98486,838.0717,1037.5585
2026-01-09 20:00:00+00:00,584.67017,756.3701,945.03455,581.5093,753.0756,942.0973,597.76965,771.6361,962.38916,620.92664,800.193,994.1138
2026-01-09 21:00:00+00:00,562.80054,731.44104,917.24805,559.0168,727.6145,913.6315,576.5173,747.16766,936.0016,601.65985,775.89185,967.4194
2026-01-09 22:00:00+00:00,553.145,721.44446,905.4845,547.9532,716.17444,900.1456,567.7891,736.8692,924.8356,595.7528,769.051,960.2728
2026-01-09 23:00:00+00:00,555.2326,723.50366,907.842,547.78925,716.014,899.887,571.2052,740.6872,929.2007,603.8201,778.0338,970.12244
2026-01-10 00:00:00+00:00,572.6099,741.3711,929.00183,561.9046,730.53064,917.0526,588.7112,760.6308,951.27325,627.4488,807.74677,1003.4398
2026-01-10 01:00:00+00:00,590.39703,761.38464,951.7085,576.7154,746.63525,935.94086,608.24896,782.5901,975.21204,650.9832,839.792,1041.0321
2026-01-10 02:00:00+00:00,607.2087,780.27637,972.4066,591.86523,763.8649,954.9118,629.3325,809.6912,1005.69934,677.4956,879.1528,1089.4142
2026-01-10 03:00:00+00:00,633.43756,812.84033,1008.81616,617.6196,793.6431,987.4369,658.865,850.52277,1054.0974,710.39075,929.6387,1151.3008
2026-01-10 04:00:00+00:00,664.78033,856.72925,1061.1489,647.95776,833.82306,1033.509,693.80963,903.3705,1118.9751,747.00214,984.9262,1217.9706
2026-01-10 05:00:00+00:00,694.1909,901.89014,1116.5964,680.70703,882.4705,1092.8914,725.37067,951.44165,1177.2228,776.6067,1029.5986,1271.0028
2026-01-10 06:00:00+00:00,723.16595,946.6633,1170.9265,711.93054,930.64886,1151.5964,754.23236,995.3545,1229.8254,799.15674,1064.5681,1312.2856
2026-01-10 07:00:00+00:00,741.3662,975.02106,1204.9833,732.63995,962.1672,1189.4263,771.9668,1022.3535,1261.7397,810.8133,1084.1024,1335.5437
2026-01-10 08:00:00+00:00,751.71747,991.47955,1224.5449,745.88074,982.731,1214.1077,782.85364,1039.4539,1281.9797,818.47675,1096.9713,1350.7395
2026-01-10 09:00:00+00:00,733.56976,965.25745,1192.8848,729.21497,958.32074,1184.6344,772.39996,1024.2938,1263.8961,814.07886,1090.8247,1343.4514
2026-01-10 10:00:00+00:00,712.408,934.63403,1156.0276,709.0475,928.68805,1148.8564,759.87964,1006.1984,1242.4568,809.4572,1084.0552,1335.4323
2026-01-10 11:00:00+00:00,694.9895,908.9995,1124.9756,693.10767,904.71967,1119.6926,750.36456,992.3366,1225.9539,806.7363,1080.1129,1330.8047
2026-01-10 12:00:00+00:00,683.08203,891.1171,1103.1322,682.3655,888.3417,1099.6619,742.0175,979.9912,1211.196,801.48804,1071.8817,1320.9375
2026-01-10 13:00:00+00:00,672.48926,874.7859,1083.0193,672.0872,872.517,1080.2029,733.46277,967.17017,1195.7798,796.2559,1063.6317,1311.0527
2026-01-10 14:00:00+00:00,665.61914,863.8893,1069.4777,664.6622,861.2159,1066.2644,727.9636,959.1266,1186.1335,794.1478,1060.6183,1307.5433
2026-01-10 15:00:00+00:00,663.9487,860.78516,1065.4194,661.8705,857.21106,1061.3271,727.46515,958.5564,1185.4249,795.5282,1062.9576,1310.32
2026-01-10 16:00:00+00:00,657.3834,850.65497,1052.928,654.04504,845.8765,1047.5356,722.2074,950.91296,1176.2556,793.83136,1060.51,1307.4342
2026-01-10 17:00:00+00:00,647.93164,836.7969,1036.1873,644.18036,831.9269,1030.8589,714.95074,940.18945,1163.3864,791.4077,1057.0225,1303.4067
2026-01-10 18:00:00+00:00,641.8202,828.001,1025.8787,637.41986,822.361,1019.65234,710.2886,933.05133,1154.8824,789.73944,1054.4529,1300.5044
2026-01-10 19:00:00+00:00,626.5523,807.08435,1001.6805,619.5695,798.92377,993.13025,697.3337,913.50085,1131.2086,783.4228,1045.0082,1289.4352
2026-01-10 20:00:00+00:00,619.078,797.0779,990.6367,610.31995,786.70135,979.4769,691.7551,904.83215,1120.7305,781.35004,1041.7701,1285.7002
2026-01-10 21:00:00+00:00,616.22546,793.0964,986.3556,606.4143,781.4643,973.7324,690.8549,903.1893,1118.8604,782.2934,1043.0177,1287.3152
2026-01-10 22:00:00+00:00,609.2885,784.0381,976.49896,598.8769,772.88354,964.72156,686.4284,896.1211,1110.383,780.9491,1040.7708,1284.8125
2026-01-10 23:00:00+00:00,604.3931,778.41003,970.7827,593.28705,766.46826,958.06793,682.8592,890.3176,1103.4578,779.3524,1038.0974,1281.8055
2026-01-11 00:00:00+00:00,619.95746,797.40295,992.1643,607.9747,782.99585,976.2765,695.47534,909.2135,1126.8108,786.7794,1049.0198,1294.936
2026-01-11 01:00:00+00:00,641.9164,825.8594,1024.5928,629.5987,811.00635,1007.90515,713.2357,935.78357,1159.2302,795.9923,1062.7214,1311.1929
2026-01-11 02:00:00+00:00,669.4729,865.0321,1072.0017,654.45953,844.8173,1047.6023,733.53204,965.8612,1195.4375,805.53455,1077.9729,1329.4751
2026-01-11 03:00:00+00:00,692.35223,899.63745,1114.5039,678.38574,880.1812,1090.8079,749.5689,990.1969,1224.6775,812.496,1089.2528,1342.8782
2026-01-11 04:00:00+00:00,709.42725,926.0263,1146.6038,695.8199,907.3512,1124.0657,762.1647,1009.1929,1247.249,818.0795,1098.3477,1353.5405
2026-01-11 05:00:00+00:00,718.6212,940.49146,1163.9203,705.55035,922.70715,1142.6252,768.0709,1018.38074,1257.9657,819.94415,1101.8159,1357.545
2026-01-11 06:00:00+00:00,722.1034,946.2394,1170.6572,709.91486,929.739,1151.021,770.8615,1022.9254,1263.1903,820.7852,1103.6423,1359.6544
2026-01-11 07:00:00+00:00,725.9355,952.35944,1177.7756,714.8566,937.505,1160.2672,773.6865,1027.4148,1268.3154,821.2103,1104.7228,1360.8542
2026-01-11 08:00:00+00:00,715.78766,937.64355,1159.7588,706.00507,924.5181,1144.3628,767.07654,1017.8344,1256.8579,817.6115,1098.8474,1353.6031
2026-01-11 09:00:00+00:00,705.42065,922.34,1140.9781,697.1451,911.2612,1128.083,759.507,1006.77057,1243.5964,813.51514,1092.4504,1345.9092
2026-01-11 10:00:00+00:00,692.9666,903.5915,1118.001,685.9979,894.2889,1107.2592,748.87915,991.03796,1224.7476,807.8325,1083.4476,1335.1655
2026-01-11 11:00:00+00:00,678.21594,881.20276,1090.4469,672.3523,873.3661,1081.4717,735.651,971.23486,1200.8738,801.8303,1073.8918,1323.7019
2026-01-11 12:00:00+00:00,661.7037,856.224,1059.7336,655.0905,847.92816,1050.3981,715.9027,941.9634,1165.5583,789.753,1055.047,1301.1289
2026-01-11 13:00:00+00:00,649.8001,838.89453,1038.6464,643.472,831.6005,1030.7876,699.69037,917.6593,1135.9985,775.9011,1034.1857,1276.3132
2026-01-11 14:00:00+00:00,639.9512,825.2465,1022.50916,633.7061,818.16516,1015.0675,685.4943,895.933,1109.4504,761.3089,1012.09045,1250.0413
2026-01-11 15:00:00+00:00,621.01636,800.276,994.12854,615.425,794.3823,988.49786,667.91205,868.4961,1075.7433,745.49896,988.3689,1221.8137
2026-01-11 16:00:00+00:00,595.3661,770.1798,961.4004,591.04517,765.4964,956.9861,643.023,832.2862,1032.0903,726.6924,959.8342,1187.5522
2026-01-11 17:00:00+00:00,585.5449,758.888,949.2748,582.918,755.9823,946.7932,630.13934,814.44464,1011.7195,717.14655,945.0178,1169.8762
2026-01-11 18:00:00+00:00,570.12976,740.9983,929.7817,567.393,737.9564,927.12476,605.2383,781.7307,975.1095,694.04364,909.7556,1127.155
2026-01-11 19:00:00+00:00,558.50726,727.71326,914.9004,554.81415,723.81915,911.162,585.1855,758.61694,950.1313,673.3209,877.3275,1087.4486
2026-01-11 20:00:00+00:00,550.2606,718.9176,904.5603,546.0341,714.5519,900.2878,570.9459,742.0338,932.153,653.79645,848.2261,1052.1886
2026-01-11 21:00:00+00:00,539.8918,708.0412,891.76794,535.1234,703.083,886.7657,556.62,725.6324,913.9335,637.37604,824.66736,1024.4106
2026-01-11 22:00:00+00:00,528.04407,695.5239,876.9514,522.46643,689.7518,871.0572,544.098,712.3523,898.2212,622.4798,805.10956,1002.82495
2026-01-11 23:00:00+00:00,515.67267,682.52094,862.0923,510.3828,676.9499,856.5059,534.10004,701.75653,885.7137,610.51514,789.10486,985.1088
2026-01-12 00:00:00+00:00,523.4399,690.50006,871.43976,520.97437,687.9097,869.2141,541.1564,708.9089,894.27734,613.60614,792.43854,988.9602
2026-01-12 01:00:00+00:00,538.4896,706.0019,889.81116,536.9729,704.4163,888.7258,554.9126,723.13086,911.23047,625.35504,807.229,1005.5577
2026-01-12 02:00:00+00:00,555.2983,723.347,910.4707,553.685,721.7366,909.3728,575.1358,745.33276,936.7664,642.1314,828.5345,1029.3018
2026-01-12 03:00:00+00:00,571.1487,740.07263,930.2793,570.0504,739.1532,929.82886,593.9916,766.7818,960.2169,658.271,851.232,1056.6204
2026-01-12 04:00:00+00:00,578.58594,748.6687,939.72754,577.9806,748.28766,939.85785,600.5622,774.1793,968.1786,663.1012,858.17883,1064.9866
2026-01-12 05:00:00+00:00,583.2517,754.13605,945.67114,584.28217,755.491,947.7107,602.81635,776.68317,970.8157,662.6729,857.40344,1063.945
2026-01-12 06:00:00+00:00,581.44434,752.31323,943.5799,583.70886,754.96423,947.06165,598.5231,771.96246,965.6282,653.7164,844.28625,1047.8325
2026-01-12 07:00:00+00:00,583.6134,755.0344,946.39966,586.77783,758.6333,950.9275,599.24207,772.91,966.4982,645.5636,832.4783,1033.2731
2026-01-12 08:00:00+00:00,589.82806,762.38416,954.18933,593.6414,766.6561,959.4382,605.0156,779.59,973.47394,642.64844,828.49585,1028.332
2026-01-12 09:00:00+00:00,592.23834,765.3586,957.2079,597.2753,770.9116,963.8469,609.4126,784.6332,978.68994,638.59155,823.0542,1021.8474
2026-01-12 10:00:00+00:00,589.5007,762.44086,953.83984,595.50366,769.05194,961.64453,607.0828,782.1659,975.8511,629.6702,811.47345,1008.6965
2026-01-12 11:00:00+00:00,591.24774,764.56696,955.94006,598.37244,772.42316,965.0825,609.27527,784.7355,978.39124,628.38855,809.6573,1006.3617
2026-01-12 12:00:00+00:00,594.1628,767.9512,959.4507,602.78564,777.47577,970.36865,613.93555,790.09265,983.98975,635.3251,818.49255,1015.9878
2026-01-12 13:00:00+00:00,595.03705,768.90295,960.407,604.964,779.92224,972.90875,617.38824,794.6324,989.0141,640.70264,825.626,1024.1176
2026-01-12 14:00:00+00:00,599.7763,774.1605,965.95483,610.45905,785.99255,979.2771,623.91205,803.0836,998.3581,646.92737,834.23193,1034.2056
2026-01-12 15:00:00+00:00,597.8063,771.9064,963.34265,608.37946,783.67303,976.61084,622.04553,800.72705,995.5641,646.8761,834.30664,1034.18
2026-01-12 16:00:00+00:00,590.49365,763.6888,954.3595,601.61694,776.10516,968.41846,614.69995,791.2405,984.8878,640.7221,825.8513,1024.121
2026-01-12 17:00:00+00:00,573.07947,743.8509,932.6277,584.59985,756.85565,947.52985,596.0858,769.98895,961.87146,619.7012,798.5409,993.3701
2026-01-12 18:00:00+00:00,550.89496,719.37964,904.8716,562.1456,731.0206,919.25806,573.1187,743.7367,933.3007,593.9511,767.7245,959.62384
2026-01-12 19:00:00+00:00,547.6107,715.9686,900.7684,557.6712,726.1775,913.51086,569.1541,739.1155,928.2047,588.7306,761.76086,953.1444
2026-01-12 20:00:00+00:00,542.84424,710.89575,894.7477,551.68085,719.8811,906.0725,563.6748,732.5822,921.1492,582.78766,754.7351,945.59985
2026-01-12 21:00:00+00:00,536.92505,704.53235,887.2163,543.91534,711.7174,896.44934,556.493,724.72205,911.97644,574.9344,745.3856,935.51624
2026-01-12 22:00:00+00:00,530.1383,697.28436,878.7545,535.9192,703.24097,886.4347,548.6693,716.4846,902.3124,566.8623,735.7589,925.1066
2026-01-12 23:00:00+00:00,523.046,689.80914,870.2862,527.973,694.9167,876.7173,540.4289,707.8411,892.09705,558.80115,726.88794,914.8909
2026-01-13 00:00:00+00:00,531.5667,698.577,880.2693,534.7138,701.77454,884.6595,545.1069,712.5721,897.5968,563.0553,731.1608,919.82166
2026-01-13 01:00:00+00:00,545.81,713.17096,897.4178,547.2844,714.6755,899.84955,556.2518,723.93896,910.9399,573.1547,742.178,932.36646
2026-01-13 02:00:00+00:00,568.22644,736.09845,924.37665,568.7885,736.75287,925.80676,577.10205,746.23566,936.69086,592.65753,764.2159,956.4691
2026-01-13 03:00:00+00:00,588.46893,758.7362,949.78735,588.6797,759.22656,950.8012,597.1397,768.9235,961.4075,611.6715,785.4052,979.2741
2026-01-13 04:00:00+00:00,604.30756,776.6616,969.15393,605.2072,777.86145,970.9457,614.5323,788.362,982.28076,629.8479,808.41284,1004.84326
2026-01-13 05:00:00+00:00,623.4723,798.3687,992.3165,625.5708,802.0985,997.2825,636.1558,816.1968,1013.27234,652.8846,839.6504,1041.2081
2026-01-13 06:00:00+00:00,658.4584,845.8075,1047.5138,662.3748,852.505,1056.283,672.76605,867.94934,1075.1133,688.7199,892.49524,1105.2986
2026-01-13 07:00:00+00:00,706.5321,918.23413,1135.688,710.908,925.7889,1145.4509,718.4466,937.46045,1159.6718,730.956,956.66174,1182.9402
2026-01-13 08:00:00+00:00,740.85187,970.4239,1198.5319,745.2214,977.9719,1208.1672,750.91943,986.8402,1218.8776,760.06793,1000.985,1235.8762
2026-01-13 09:00:00+00:00,760.61066,1000.7501,1234.5981,764.53235,1007.55554,1243.2095,768.8054,1014.17633,1251.1282,775.6554,1024.9214,1263.9641
2026-01-13 10:00:00+00:00,769.37866,1014.4523,1250.6505,772.45166,1020.1682,1257.9349,775.3446,1024.7927,1263.495,780.3491,1032.8564,1273.2192
2026-01-13 11:00:00+00:00,774.04834,1021.9763,1259.4232,776.5929,1027.1025,1266.0728,778.51636,1030.224,1269.8369,782.42676,1036.508,1277.3961
2026-01-13 12:00:00+00:00,774.4739,1023.01,1260.5388,776.8978,1028.0029,1267.0205,778.4615,1030.5332,1270.0712,781.66266,1035.6763,1276.259
2026-01-13 13:00:00+00:00,771.93616,1019.39435,1256.1089,774.14777,1024.1569,1262.3075,775.6631,1026.5984,1265.2576,778.77203,1031.5812,1271.266
2026-01-13 14:00:00+00:00,765.14606,1009.46606,1244.3068,767.547,1014.4354,1250.6869,769.0304,1016.751,1253.4521,772.59753,1022.34265,1260.1565
2026-01-13 15:00:00+00:00,754.0473,993.1557,1224.9196,757.02386,998.9292,1232.2888,758.4343,1001.0965,1234.8865,762.66364,1007.52673,1242.5862
2026-01-13 16:00:00+00:00,735.2141,964.88245,1190.9524,738.5188,971.26514,1199.1538,739.9993,973.5746,1201.9541,745.13965,981.51355,1211.5608
2026-01-13 17:00:00+00:00,721.2259,943.7977,1165.5239,724.60645,950.26636,1173.8259,726.2738,952.8042,1176.8958,732.19037,961.853,1187.8582
2026-01-13 18:00:00+00:00,710.76953,927.7763,1146.2316,713.8302,933.8789,1154.1401,715.5494,936.5194,1157.3527,721.3952,945.45795,1168.205
2026-01-13 19:00:00+00:00,705.51544,919.2648,1136.0269,707.7643,924.347,1142.7175,709.45337,926.957,1145.9033,714.9435,935.4157,1156.2083
2026-01-13 20:00:00+00:00,701.56805,912.7639,1128.269,702.8368,916.5121,1133.3479,704.3496,918.8656,1136.2281,709.3392,926.6048,1145.6837
2026-01-13 21:00:00+00:00,690.02136,894.6385,1106.3094,690.47406,897.26843,1110.0477,691.95166,899.5921,1112.9093,696.35626,906.5152,1121.4221
2026-01-13 22:00:00+00:00,670.88904,865.141,1070.3376,670.5067,866.3919,1072.3857,672.3487,869.11597,1075.7003,676.6727,875.7634,1083.8787
2026-01-13 23:00:00+00:00,651.01263,836.05774,1035.2053,649.9295,836.09906,1035.7649,651.97003,839.14594,1039.4998,656.38715,845.78033,1047.6293
2026-01-14 00:00:00+00:00,631.3851,809.2529,1003.8023,628.298,806.79034,1001.76965,630.1921,809.297,1004.59314,634.40936,814.94336,1011.01917
2026-01-14 01:00:00+00:00,625.3686,801.0973,994.5957,620.95514,796.8414,990.6108,622.69366,799.1605,993.2362,627.37195,805.373,1000.25287
2026-01-14 02:00:00+00:00,628.73444,805.161,999.0938,623.48663,799.7656,993.85565,624.81866,801.548,995.8728,629.3376,807.54456,1002.64026
2026-01-14 03:00:00+00:00,636.70667,815.6008,1011.06793,631.54944,810.0447,1005.349,633.63556,812.8701,1008.6161,639.48773,820.793,1017.7943
2026-01-14 04:00:00+00:00,647.60657,830.3548,1028.3306,643.61865,826.1163,1023.95557,646.97375,830.69104,1029.3628,655.9127,843.626,1045.0902
2026-01-14 05:00:00+00:00,672.42413,866.4419,1071.9337,669.45825,863.23456,1068.6567,674.2024,870.2123,1077.1483,683.24005,884.2706,1094.5225
2026-01-14 06:00:00+00:00,714.6106,931.43665,1151.2003,713.5898,930.8183,1151.0277,717.6189,936.99225,1158.5431,726.8472,951.04565,1175.5886
2026-01-14 07:00:00+00:00,759.72675,1000.048,1233.4581,760.07996,1001.3511,1235.5662,763.2423,1006.15405,1241.3112,770.55725,1017.376,1254.7073
2026-01-14 08:00:00+00:00,781.1366,1033.4636,1273.0637,782.2473,1035.7877,1276.3864,784.7462,1039.7242,1281.1084,790.4228,1048.6185,1291.7361
2026-01-14 09:00:00+00:00,790.11945,1047.8961,1290.0801,791.6367,1050.7158,1293.9635,793.6504,1053.8563,1297.6973,797.86816,1060.5831,1305.7493
2026-01-14 10:00:00+00:00,796.1134,1057.6233,1301.4565,797.86365,1060.7739,1305.7324,799.1383,1062.8363,1308.2051,801.90283,1067.3022,1313.5461
2026-01-14 11:00:00+00:00,794.39233,1055.4685,1298.7391,796.32587,1058.8947,1303.3545,797.13074,1060.2141,1304.938,798.8193,1062.9861,1308.2595
2026-01-14 12:00:00+00:00,789.4737,1048.4717,1290.3545,791.43646,1051.9349,1294.9807,792.0293,1052.8816,1296.106,793.0582,1054.5463,1298.0824
2026-01-14 13:00:00+00:00,779.80896,1034.0476,1273.1632,781.877,1037.7229,1278.0785,782.2791,1038.3774,1278.8633,782.85864,1039.3442,1280.0212
2026-01-14 14:00:00+00:00,772.00183,1022.07166,1258.8152,774.2406,1026.0276,1264.0983,774.62476,1026.6506,1264.8501,774.94434,1027.1981,1265.5103
2026-01-14 15:00:00+00:00,761.09045,1005.51404,1239.168,763.88135,1010.0901,1245.1543,764.508,1011.0621,1246.3181,765.02295,1011.8776,1247.2944
2026-01-14 16:00:00+00:00,747.6393,985.43164,1215.3164,749.8116,989.2002,1220.3228,750.65857,990.4935,1221.8796,751.455,991.7153,1223.3499
2026-01-14 17:00:00+00:00,743.1537,978.36975,1207.0302,744.8199,981.41125,1211.1213,745.80206,982.9181,1212.9407,746.83887,984.508,1214.8596
2026-01-14 18:00:00+00:00,741.2638,975.18286,1203.3693,743.1467,978.5147,1207.8367,744.3489,980.3612,1210.0687,745.7194,982.4618,1212.606
2026-01-14 19:00:00+00:00,725.91547,951.8372,1175.3969,728.4396,955.95996,1180.8634,730.25104,958.6838,1184.1505,732.49536,962.16504,1188.3905
2026-01-14 20:00:00+00:00,688.9326,896.01953,1107.8604,692.01385,900.8339,1114.2717,694.3817,904.5167,1118.8003,698.20746,910.43494,1126.0667
2026-01-14 21:00:00+00:00,643.9106,828.8983,1026.2935,646.3167,832.2808,1030.7905,649.18524,836.5054,1035.9323,655.8794,846.4424,1048.1045
2026-01-14 22:00:00+00:00,589.1302,761.19885,951.2565,591.3299,763.3251,954.09344,594.6244,767.0802,958.1926,603.09753,776.6665,968.6091
2026-01-14 23:00:00+00:00,545.72266,713.1744,897.5821,548.0206,715.245,900.42896,551.4727,718.80176,904.67096,560.2078,727.8309,915.4358
2026-01-15 00:00:00+00:00,492.8642,657.6575,833.5797,495.6706,660.3622,837.2403,498.7108,663.61847,841.00995,507.1161,672.5753,851.33746
2026-01-15 01:00:00+00:00,458.21155,619.9528,789.7348,461.8222,623.58813,794.50305,464.34644,626.3774,797.8013,471.38956,634.12445,806.9316
2026-01-15 02:00:00+00:00,442.615,602.80615,769.8959,446.98175,607.3065,775.7083,450.24243,610.85803,779.72046,458.54065,619.98553,790.31995
2026-01-15 03:00:00+00:00,441.07642,601.17206,768.0594,446.48102,606.77997,775.1376,451.22852,611.95074,780.975,462.38824,624.2358,795.27594
2026-01-15 04:00:00+00:00,448.00342,608.7975,776.4016,454.2174,615.2439,784.46356,460.68036,622.3934,792.8672,474.82135,637.9648,811.1999
2026-01-15 05:00:00+00:00,470.67273,633.9708,805.5587,478.67035,642.2105,815.76733,489.15723,653.5934,829.0333,507.06604,672.794,851.2377
2026-01-15 06:00:00+00:00,505.0957,671.32605,848.2853,514.89734,681.20386,860.2856,529.91986,696.9774,878.2561,548.4789,716.26843,901.2837
2026-01-15 07:00:00+00:00,540.2635,708.4845,891.21747,550.9611,718.9438,903.9757,567.31824,735.9452,924.2301,588.4745,760.1426,951.4469
2026-01-15 08:00:00+00:00,562.983,732.3014,919.2561,574.06146,743.6639,932.8224,594.76807,767.469,959.00806,618.73676,794.7024,988.54114
2026-01-15 09:00:00+00:00,580.03516,751.9985,940.90405,590.8549,763.19543,953.9541,614.3771,789.74976,982.7538,638.8133,821.67993,1018.9612
2026-01-15 10:00:00+00:00,601.8613,776.7355,967.5712,612.2357,787.3,979.7344,637.525,819.6604,1016.27435,661.236,853.8039,1057.312
2026-01-15 11:00:00+00:00,611.4408,787.4124,978.86926,621.6266,798.24133,991.4194,647.7079,833.9352,1033.0098,673.09625,871.83606,1079.2052
2026-01-15 12:00:00+00:00,607.3305,782.77014,973.82715,616.826,792.4354,984.9335,645.4154,831.0228,1029.5133,672.8311,871.8067,1079.1686
2026-01-15 13:00:00+00:00,600.0383,774.618,964.97705,609.4253,784.2571,976.11475,640.34576,824.2002,1021.40045,669.6905,867.2804,1073.5994
2026-01-15 14:00:00+00:00,593.2511,767.0202,956.70496,602.7642,776.8598,968.1196,638.5376,821.9495,1018.771,672.8348,872.5204,1080.1523
2026-01-15 15:00:00+00:00,580.66296,752.7737,941.1411,589.8747,762.4235,952.4479,632.18744,813.7699,1009.3703,673.71277,874.3861,1082.5493
2026-01-15 16:00:00+00:00,579.55396,751.4454,939.7297,588.3327,760.6623,950.5685,636.2383,819.2838,1015.7968,685.4691,892.89465,1105.494
2026-01-15 17:00:00+00:00,574.4271,745.56995,933.30524,582.45593,754.05707,943.37634,635.4504,818.5435,1015.0307,692.11786,903.65356,1118.796
2026-01-15 18:00:00+00:00,562.1148,731.47455,917.6467,569.33777,739.0431,926.8872,624.3147,804.12354,998.6683,684.9437,893.12823,1105.9547
2026-01-15 19:00:00+00:00,544.26624,712.8036,895.55927,550.0487,718.46375,902.8494,604.74945,779.80023,971.7656,670.55444,871.03033,1078.8279
2026-01-15 20:00:00+00:00,529.41864,697.2093,876.9267,533.2301,700.9772,882.06036,586.92413,759.6038,949.98785,655.8151,849.29456,1052.4388
2026-01-15 21:00:00+00:00,520.1639,687.4015,865.42957,522.0105,689.2232,868.18365,576.4991,747.4389,936.79895,648.2763,837.931,1038.7394
2026-01-15 22:00:00+00:00,511.69922,678.36694,855.2689,511.59058,678.19476,855.7448,569.28754,738.8858,927.5043,646.42377,835.0243,1035.4252
2026-01-15 23:00:00+00:00,505.9579,672.1686,848.3005,503.66138,669.72656,846.14136,565.3697,734.38855,922.3599,647.07446,835.70294,1036.3601
2026-01-16 00:00:00+00:00,491.32892,656.483,830.39435,487.16705,652.0357,825.9127,554.2007,722.6218,908.5028,641.08136,827.44415,1026.7434
2026-01-16 01:00:00+00:00,487.97107,652.8593,826.2517,482.54657,647.04315,820.20264,553.47723,721.86084,907.6304,643.59375,830.7947,1030.8284
2026-01-16 02:00:00+00:00,492.65057,657.91846,832.0917,486.1475,650.964,824.7623,559.47217,728.07367,914.9918,652.34406,843.3839,1046.1459
2026-01-16 03:00:00+00:00,502.84265,668.88275,844.62854,495.62756,661.23035,836.54724,570.428,739.77155,928.8816,663.968,860.38275,1066.7986
2026-01-16 04:00:00+00:00,520.454,687.60486,865.8767,513.43066,680.2427,858.2182,588.1111,760.058,951.2211,680.1414,884.4369,1096.2646
2026-01-16 05:00:00+00:00,543.5052,711.68256,893.7532,538.03503,705.96277,887.741,611.8628,786.94214,980.1097,696.7822,910.2383,1127.6846
2026-01-16 06:00:00+00:00,581.25507,751.81616,940.6129,577.0255,747.09265,936.1102,645.66516,831.44446,1030.4923,720.05115,945.5438,1170.1421
2026-01-16 07:00:00+00:00,621.5644,797.44604,989.78143,619.2031,794.7864,987.5139,678.7487,880.4283,1089.9331,740.24713,975.8231,1206.2439
2026-01-16 08:00:00+00:00,646.7801,831.1867,1028.5288,646.16925,830.95905,1028.9973,699.44885,912.6987,1129.2222,752.6393,994.682,1228.541
2026-01-16 09:00:00+00:00,664.7595,857.6836,1060.2725,665.4854,859.203,1062.8988,712.2217,932.4877,1153.0842,760.2595,1006.26855,1242.1497
2026-01-16 10:00:00+00:00,668.3107,863.9552,1067.9315,669.949,866.7538,1072.1483,713.1383,934.2966,1155.1505,757.6186,1002.62964,1237.6594
2026-01-16 11:00:00+00:00,662.082,854.94214,1056.7233,664.7535,859.15686,1062.667,705.9208,923.7892,1142.2957,747.7548,988.1427,1220.1993
2026-01-16 12:00:00+00:00,649.07513,836.42883,1034.3673,651.54456,840.048,1039.3976,687.91595,896.5137,1108.9327,727.7896,958.0396,1183.8639
2026-01-16 13:00:00+00:00,631.61066,812.5593,1006.3545,634.36096,816.58185,1011.8258,666.22125,863.02966,1067.6315,705.72015,925.0626,1144.0001
2026-01-16 14:00:00+00:00,610.6894,786.7546,977.4925,613.38873,789.429,981.1081,644.5976,831.6928,1029.7544,685.7029,894.47644,1106.6663
2026-01-16 15:00:00+00:00,600.3342,775.2683,965.13995,602.63464,777.6127,968.4041,635.4848,819.1267,1014.9811,675.31635,878.4413,1086.8865
2026-01-16 16:00:00+00:00,592.3182,766.16235,955.32465,594.298,768.23376,958.29456,628.73474,809.96106,1004.45654,668.4529,867.6283,1073.5784
2026-01-16 17:00:00+00:00,575.77637,747.1812,934.7339,577.8419,749.3904,937.8883,614.4152,791.1932,983.47473,655.6221,848.3302,1050.1586
2026-01-16 18:00:00+00:00,555.89185,725.0294,909.67053,557.90125,726.9305,912.6405,592.6188,766.38995,956.87756,637.30695,822.3775,1019.41077
2026-01-16 19:00:00+00:00,529.48047,697.5686,877.29675,531.04425,699.0372,879.7716,564.665,734.2795,921.92755,609.5164,785.9608,978.58215
2026-01-16 20:00:00+00:00,512.3928,679.56885,856.40894,512.87213,679.97986,857.6272,548.4559,717.11005,901.80273,594.14105,768.3032,959.7067
2026-01-16 21:00:00+00:00,500.8201,667.1532,842.4744,500.2989,666.53906,842.5113,539.52905,707.7803,890.87103,587.0932,760.1329,951.11346
2026-01-16 22:00:00+00:00,487.3594,652.59534,825.9628,486.0274,651.1271,824.98157,529.7843,697.5089,878.7701,578.8075,750.5578,940.9137
2026-01-16 23:00:00+00:00,476.4273,640.61835,812.31683,474.80667,638.82806,810.95264,520.2615,687.5411,867.29065,570.9032,741.28314,930.9844
2026-01-17 00:00:00+00:00,464.8412,627.85266,797.7187,460.9277,623.5153,793.39844,502.53247,668.73584,846.17395,555.3103,724.0079,911.3904
2026-01-17 01:00:00+00:00,455.55365,617.563,785.8298,448.81543,610.1751,778.1738,489.1374,654.3746,829.89966,544.6823,712.9402,898.514
2026-01-17 02:00:00+00:00,451.0669,612.62036,780.217,441.9884,602.74835,770.01184,482.85962,647.5902,822.19543,538.5371,706.5202,891.02295
2026-01-17 03:00:00+00:00,457.28802,619.4752,788.2673,447.97852,609.27106,777.48816,487.97424,653.093,828.6586,543.09686,711.23883,896.7015
2026-01-17 04:00:00+00:00,467.96802,631.31757,802.1807,460.1812,622.6247,792.87396,499.41052,665.34796,842.8143,552.04626,720.54596,907.7842
2026-01-17 05:00:00+00:00,484.54492,649.549,823.1995,476.74048,640.92035,814.0938,518.0107,685.1666,865.27216,569.15717,739.1172,929.4204
2026-01-17 06:00:00+00:00,524.3561,692.0299,871.8076,516.8994,684.0705,863.4199,557.4129,726.2278,913.6735,609.06396,784.87085,979.11743
2026-01-17 07:00:00+00:00,561.973,731.20483,918.05835,555.74146,724.5471,911.0216,598.8501,772.9334,965.6322,650.9879,840.6311,1042.4307
2026-01-17 08:00:00+00:00,590.05194,763.1903,953.6888,583.73444,755.7119,946.3886,627.6001,808.2667,1004.3179,677.10815,879.84766,1090.074
2026-01-17 09:00:00+00:00,610.01025,785.80237,977.84705,604.0323,778.86053,971.2438,644.01984,830.55194,1029.7019,688.07635,897.34875,1111.3462
2026-01-17 10:00:00+00:00,618.94006,795.9787,988.5645,614.0423,790.21313,983.26416,651.9343,841.99536,1043.1791,691.2963,902.6669,1117.7104
2026-01-17 11:00:00+00:00,613.9792,790.5593,982.5811,610.01984,785.79443,978.3502,648.6263,837.65735,1037.8646,686.1747,895.1752,1108.4254
2026-01-17 12:00:00+00:00,601.28503,776.51416,967.4061,597.92303,772.3326,963.7683,638.8006,824.2739,1022.0218,674.56244,877.48944,1086.635
2026-01-17 13:00:00+00:00,582.3395,755.13995,944.151,579.1424,751.08344,940.59094,621.427,801.6018,996.3262,656.7357,850.9335,1054.1215
2026-01-17 14:00:00+00:00,570.6852,741.7144,929.4081,567.8273,738.0237,926.2086,613.5916,791.3763,984.8617,654.4805,847.62915,1050.176
2026-01-17 15:00:00+00:00,569.2524,739.9318,927.4759,566.2609,736.18756,924.18164,618.3378,797.56616,991.8574,670.0022,870.73206,1078.5376
2026-01-17 16:00:00+00:00,577.87354,749.6535,938.2124,574.7072,745.8399,934.8367,632.44586,815.89923,1012.5265,691.55817,904.11194,1119.7291
2026-01-17 17:00:00+00:00,582.7149,755.04706,944.09094,578.27454,749.99207,939.32306,639.99805,826.3706,1024.6564,708.03644,929.5802,1150.7961
2026-01-17 18:00:00+00:00,580.4992,752.28894,941.1278,574.8678,746.0072,934.96924,640.91394,827.7758,1026.3994,715.57275,941.2395,1165.043
2026-01-17 19:00:00+00:00,572.77905,743.18646,931.2626,566.53204,736.2511,924.2799,638.8969,824.98596,1023.2344,718.7448,946.1859,1171.2217
2026-01-17 20:00:00+00:00,562.9743,732.07184,918.48914,556.23175,725.178,911.28,633.7975,818.1359,1015.55304,717.9729,945.0857,1170.1365
2026-01-17 21:00:00+00:00,555.5954,724.3295,909.465,547.7484,716.31195,900.91986,628.0339,810.6514,1007.4116,717.1382,943.7877,1168.7853
2026-01-17 22:00:00+00:00,552.10254,720.6055,905.1411,542.75824,711.0614,894.7816,625.5521,807.37573,1003.9736,720.2367,948.29974,1174.4292
2026-01-17 23:00:00+00:00,560.0096,728.602,914.5338,548.77747,717.24164,902.07874,633.3228,817.22296,1015.0178,730.1368,962.83923,1191.9813
2026-01-18 00:00:00+00:00,583.6998,754.0738,944.1271,571.07935,740.45123,929.62866,652.52313,843.2643,1045.8524,743.467,982.50616,1215.7421
2026-01-18 01:00:00+00:00,603.0567,775.6946,967.80774,590.4321,762.2427,953.7661,669.2297,867.44904,1075.5444,752.86743,996.2213,1232.3226
2026-01-18 02:00:00+00:00,612.7594,786.4195,979.4237,599.0848,771.9423,964.3648,676.1747,877.68585,1088.1624,756.27405,1001.2107,1238.3167
2026-01-18 03:00:00+00:00,625.77405,802.74023,997.5334,611.1916,785.8094,979.3947,686.2947,893.02466,1106.9537,761.58936,1009.04504,1247.5869
2026-01-18 04:00:00+00:00,632.659,811.98114,1007.88605,618.2487,795.1801,989.83966,690.3653,899.48047,1114.7236,760.9431,1008.17865,1246.3865
2026-01-18 05:00:00+00:00,638.9503,820.64166,1017.7431,624.9151,804.02515,999.65,691.23334,901.0558,1116.5017,756.18396,1001.213,1237.9011
2026-01-18 06:00:00+00:00,650.92535,837.19824,1037.149,638.176,821.5548,1019.3685,698.4774,912.3318,1130.1135,756.37646,1001.49664,1238.0201
2026-01-18 07:00:00+00:00,665.792,859.273,1063.8689,653.9248,843.4898,1045.3402,709.6259,929.29596,1150.6235,761.2033,1008.52374,1246.2253
2026-01-18 08:00:00+00:00,666.9979,861.6796,1066.6505,658.0708,849.8864,1053.0269,712.10266,933.3235,1155.3899,760.98676,1008.31976,1245.8491
2026-01-18 09:00:00+00:00,660.5321,852.8207,1055.7322,653.4411,843.48553,1045.1068,706.00433,924.51373,1144.5638,753.1942,996.9835,1232.1708
2026-01-18 10:00:00+00:00,649.84155,837.54724,1036.9552,644.9695,831.6399,1030.7297,696.82574,910.87036,1127.8131,743.19403,982.14655,1214.2178
2026-01-18 11:00:00+00:00,633.5793,815.6195,1011.1601,629.02234,810.4384,1006.11395,678.74396,883.3535,1093.9707,726.76056,957.6068,1184.5869
2026-01-18 12:00:00+00:00,606.74164,782.02795,973.5925,602.8243,777.56335,969.5358,647.5821,836.97156,1037.2173,696.32794,911.9514,1129.24
2026-01-18 13:00:00+00:00,579.514,751.406,940.4075,576.7455,748.08563,937.54016,619.4747,799.515,994.4129,665.8221,864.9966,1071.5895
2026-01-18 14:00:00+00:00,557.42566,726.5046,912.61536,555.54675,724.39575,910.918,596.26794,770.784,962.59106,642.60736,831.2367,1030.7716
2026-01-18 15:00:00+00:00,544.02344,712.75757,896.4614,542.95715,711.4448,895.6798,582.1846,754.8762,945.43414,629.3726,813.40546,1010.50745
2026-01-18 16:00:00+00:00,534.21625,702.5932,884.4599,533.63824,701.7761,884.25653,570.67065,741.67633,931.07007,616.3253,796.3708,991.53503
2026-01-18 17:00:00+00:00,521.03503,688.6792,868.02716,520.6404,688.103,868.1011,554.7192,723.7163,910.9334,599.41266,774.76306,967.5471
2026-01-18 18:00:00+00:00,511.91595,679.07385,856.996,511.97986,678.9836,857.62366,544.22064,712.69366,897.9416,585.6752,759.0829,950.7275
2026-01-18 19:00:00+00:00,505.90445,672.6306,849.79504,505.4331,671.98926,849.80164,536.7776,704.90247,888.72974,575.96826,747.809,938.5218
2026-01-18 20:00:00+00:00,496.18402,662.1786,837.95593,494.64798,660.4176,836.69617,526.63806,694.2072,876.0168,563.7965,733.65967,923.0897
2026-01-18 21:00:00+00:00,486.073,651.19495,825.46423,483.3711,648.1897,822.77545,515.0869,682.0979,861.92584,550.44196,719.0402,906.1679
2026-01-18 22:00:00+00:00,477.68942,641.9994,814.98883,473.86594,637.77924,810.8861,503.62503,669.89276,848.20386,537.94464,705.9148,890.65326
2026-01-18 23:00:00+00:00,472.73578,636.47797,808.7764,467.99384,631.2589,803.501,495.15967,660.76495,837.94696,527.1514,694.51483,877.1414
2026-01-19 00:00:00+00:00,494.49173,659.8628,836.02075,491.29056,656.422,832.83203,515.35724,682.07336,862.40875,540.9474,708.78625,894.1033
2026-01-19 01:00:00+00:00,519.2384,685.99,865.962,517.1961,683.8489,864.2645,536.6984,704.1938,888.2027,557.0788,725.414,913.7155
2026-01-19 02:00:00+00:00,543.4612,711.0925,895.27295,541.78845,709.37006,894.0753,557.3593,725.53864,913.4883,577.538,748.0737,939.3828
2026-01-19 03:00:00+00:00,564.1407,732.32715,920.3572,562.15594,730.3564,918.90173,577.0694,747.15753,938.19226,597.9584,771.1604,964.48145
2026-01-19 04:00:00+00:00,581.5481,751.6795,942.3676,579.4336,749.6527,940.75366,593.35223,765.6799,958.33044,615.8554,792.1747,987.36884
2026-01-19 05:00:00+00:00,598.4942,770.9481,963.281,597.2392,769.85706,962.6999,610.33203,784.6692,978.7267,633.1777,814.59045,1012.36664
2026-01-19 06:00:00+00:00,609.4439,783.40186,976.6019,608.9686,783.1184,976.89355,621.0839,798.4275,993.9652,641.47046,825.54755,1024.6516
2026-01-19 07:00:00+00:00,614.4199,789.1682,982.60767,615.61664,791.0267,985.3528,626.17126,805.12134,1001.28455,643.5333,828.38354,1027.7993
2026-01-19 08:00:00+00:00,612.15216,786.9149,979.9973,615.001,790.3755,984.4374,624.93756,803.6414,999.4376,641.6989,826.01184,1024.8293
2026-01-19 09:00:00+00:00,605.2143,779.3978,971.7691,609.8147,784.39874,977.78625,619.55865,796.72864,991.5442,636.0155,818.5243,1016.06494
2026-01-19 10:00:00+00:00,595.1744,768.25336,959.6229,602.62494,776.3207,969.0192,612.05035,786.93207,980.46564,625.4451,804.7789,1000.6365
2026-01-19 11:00:00+00:00,586.8439,758.86163,949.30615,595.36096,768.14685,960.03955,604.19617,778.1703,970.91736,614.47943,790.3496,984.251
2026-01-19 12:00:00+00:00,580.61066,751.73816,941.3803,589.48413,761.51306,952.6782,596.66284,769.72125,961.6334,604.2785,778.3877,971.0319
2026-01-19 13:00:00+00:00,571.86975,741.7125,930.1975,580.56256,751.45044,941.5295,586.3574,758.14453,948.8865,591.9476,764.5848,955.93286
2026-01-19 14:00:00+00:00,560.60376,729.16406,915.8911,569.4424,738.717,927.43536,574.24365,744.3291,933.6569,579.3639,750.2893,940.2395
2026-01-19 15:00:00+00:00,543.3036,711.4009,894.9193,552.54333,720.6971,906.551,557.38074,725.6875,912.51,563.47754,732.10986,920.19543
2026-01-19 16:00:00+00:00,522.8885,690.0768,869.5882,533.0139,700.4093,882.5047,538.1241,705.75464,888.9468,546.0285,713.96326,898.7756
2026-01-19 17:00:00+00:00,508.26505,674.65247,852.14514,519.2299,686.00244,865.78345,525.7794,692.8496,873.6745,536.3326,703.85925,886.81445
2026-01-19 18:00:00+00:00,504.5823,670.73254,847.7112,514.99927,681.5491,860.7791,523.4724,690.4559,870.933,537.0001,704.5522,887.6686
2026-01-19 19:00:00+00:00,500.68774,666.52216,843.01843,510.2824,676.5222,855.1662,521.1507,687.9816,868.25525,537.65063,705.1768,888.4814
2026-01-19 20:00:00+00:00,494.95816,660.2915,836.07367,503.78168,669.53485,847.3533,516.1772,682.6691,862.4103,534.6384,701.9225,884.6913
2026-01-19 21:00:00+00:00,485.78998,650.29224,824.7366,493.3197,658.2517,834.58,505.5664,671.34717,849.69495,525.28284,692.14087,873.4651
2026-01-19 22:00:00+00:00,477.66852,641.33984,814.55444,484.02002,648.1075,823.0461,495.44714,660.432,837.3618,514.40424,680.6064,860.57983
2026-01-19 23:00:00+00:00,476.2625,639.6621,812.7606,481.5141,645.2671,819.90686,492.50674,657.15356,833.7415,509.18048,674.96344,854.303
2026-01-20 00:00:00+00:00,489.71573,654.0739,829.50757,493.75543,658.3214,835.04236,504.61932,669.94836,848.4839,520.83405,687.098,868.152
2026-01-20 01:00:00+00:00,506.5052,671.9324,850.0416,510.13553,675.67206,854.9573,521.2436,687.3961,868.38196,537.6101,704.44385,887.86646
2026-01-20 02:00:00+00:00,525.00867,691.36005,872.193,529.4303,695.8311,877.89734,541.6589,708.4846,892.41943,555.8425,723.11786,909.87573
2026-01-20 03:00:00+00:00,541.75616,708.6798,891.9017,547.1721,714.058,898.86743,559.112,726.3568,913.5347,571.3209,739.04816,928.71643
2026-01-20 04:00:00+00:00,554.3755,721.70807,907.3828,561.45264,728.68604,916.1947,572.6815,740.38745,930.1874,584.3636,753.91235,945.2848
2026-01-20 05:00:00+00:00,565.3131,732.9913,920.7377,574.53326,742.33636,932.3506,585.2161,754.7384,946.0592,596.3461,767.5338,960.0867
2026-01-20 06:00:00+00:00,578.33105,747.48956,937.27844,591.2933,761.5231,953.3385,599.7526,771.2074,963.91895,610.5731,783.46423,977.20776
2026-01-20 07:00:00+00:00,591.81714,763.1515,954.2572,607.05054,779.3748,972.537,614.31305,787.5645,981.3796,625.4333,801.87555,997.42883
2026-01-20 08:00:00+00:00,602.51874,775.4374,967.3882,619.27344,793.31195,987.38513,625.76483,802.0126,997.2434,635.6095,815.11316,1012.0417
2026-01-20 09:00:00+00:00,613.8718,788.31824,981.0211,631.1142,808.85925,1004.56,635.5061,814.82745,1011.3944,642.16455,823.96277,1022.0072
2026-01-20 10:00:00+00:00,625.5887,802.4584,996.15485,641.4375,822.80493,1020.27313,644.1364,826.5848,1024.7476,648.34186,832.5768,1031.9097
2026-01-20 11:00:00+00:00,634.4736,814.40814,1009.65106,649.7298,834.3436,1033.7185,651.93726,837.60815,1037.6962,654.61163,841.6482,1042.6342
2026-01-20 12:00:00+00:00,636.8451,817.6458,1013.1818,651.72064,837.35376,1037.1525,652.9344,839.2264,1039.4517,654.3162,841.37854,1042.0936
2026-01-20 13:00:00+00:00,631.24304,810.33765,1004.69116,645.19574,828.4617,1026.3701,645.7523,829.25977,1027.3131,646.34894,830.1276,1028.3384
2026-01-20 14:00:00+00:00,614.9319,789.9885,981.92645,629.2464,807.3684,1002.0185,629.56573,807.8192,1002.5326,629.891,808.28827,1003.0696
2026-01-20 15:00:00+00:00,596.03265,768.86945,959.1946,609.69543,783.3585,975.5194,609.993,783.698,975.88635,610.23645,783.97894,976.1903
2026-01-20 16:00:00+00:00,578.9082,749.4287,937.96564,591.556,763.05286,953.5587,591.8685,763.41315,953.95337,592.2799,763.88666,954.472
2026-01-20 17:00:00+00:00,567.85034,736.6547,923.92786,579.908,749.7613,939.08167,580.1259,750.0159,939.36316,580.58276,750.54596,939.9483
2026-01-20 18:00:00+00:00,558.2146,726.33386,912.1229,569.39404,737.5856,925.7506,569.59174,737.81836,926.0098,569.9056,738.18744,926.4206
2026-01-20 19:00:00+00:00,547.5708,715.33417,899.2024,558.0191,725.6484,911.90356,558.34705,725.9837,912.3015,558.62946,726.2723,912.6454
2026-01-20 20:00:00+00:00,535.1399,702.2975,883.7565,544.1642,711.31525,895.05145,544.928,712.1082,895.99884,545.3752,712.5722,896.5545
2026-01-20 21:00:00+00:00,522.686,689.20917,869.00806,530.4569,697.0552,878.5806,531.8537,698.5098,880.2274,532.85706,699.5537,881.40845
2026-01-20 22:00:00+00:00,518.27234,684.4743,863.7674,524.00696,690.2794,871.03754,525.7909,692.14734,873.16125,526.56085,692.95264,874.07733
2026-01-20 23:00:00+00:00,520.72095,686.9536,866.67004,524.6425,690.90784,871.82025,526.6826,693.0428,874.2478,527.573,693.97345,875.30566
2026-01-21 00:00:00+00:00,526.13434,692.57043,872.96356,526.7887,693.1386,874.2757,528.58075,695.01117,876.4047,529.20123,695.6589,877.14154
2026-01-21 01:00:00+00:00,536.6968,703.5533,885.2345,535.1218,701.82,883.9519,537.3045,704.085,886.5133,537.8745,704.67426,887.1883
2026-01-21 02:00:00+00:00,547.73096,714.99475,898.4928,545.41095,712.46765,896.19354,547.3065,714.4348,898.5519,547.974,715.12646,899.38
2026-01-21 03:00:00+00:00,558.5153,726.13,911.5552,555.53326,722.956,908.517,557.04486,724.50757,910.3677,557.9398,725.4251,911.4573
2026-01-21 04:00:00+00:00,573.86206,742.06726,930.31226,572.03107,739.9303,928.42114,573.2531,741.28,930.0729,574.352,742.5239,931.52026
2026-01-21 05:00:00+00:00,592.9904,764.22174,954.44104,593.33026,764.3171,955.21277,594.98016,766.2033,957.27637,596.1689,767.55914,958.75793
2026-01-21 06:00:00+00:00,613.6831,787.8799,979.7191,616.1232,790.1325,982.82007,617.44086,791.6073,984.40533,619.0614,793.412,986.3424
2026-01-21 07:00:00+00:00,630.7497,808.6765,1002.62244,635.8971,814.9212,1010.3564,636.824,816.18695,1011.8179,637.9987,817.77924,1013.6543
2026-01-21 08:00:00+00:00,647.9272,832.47864,1030.2756,654.6435,840.9305,1040.8585,655.52356,842.2559,1042.4829,657.1517,844.68304,1045.4552
2026-01-21 09:00:00+00:00,672.64764,869.0895,1074.3516,681.20166,880.80133,1089.2856,681.68286,881.5741,1090.2424,682.6664,883.1369,1092.1763
2026-01-21 10:00:00+00:00,674.2902,872.3424,1078.1421,683.9547,885.68225,1095.1512,684.228,886.12463,1095.6981,684.81445,887.06335,1096.8583
2026-01-21 11:00:00+00:00,667.7565,862.8137,1066.3433,678.0493,877.0052,1084.3528,678.19684,877.2481,1084.6539,678.52313,877.77905,1085.3119
2026-01-21 12:00:00+00:00,656.05725,845.33435,1044.9243,666.4045,859.5374,1062.9409,666.4909,859.6725,1063.106,666.6862,859.97363,1063.4735
2026-01-21 13:00:00+00:00,643.3726,827.5963,1023.7323,650.9681,837.171,1035.671,651.0114,837.24054,1035.7566,651.11096,837.3982,1035.9502
2026-01-21 14:00:00+00:00,630.90576,810.417,1003.63525,637.9928,819.32983,1014.5945,638.01117,819.3573,1014.62634,638.05414,819.4203,1014.69934
2026-01-21 15:00:00+00:00,617.33655,793.4911,984.5741,623.0802,799.6467,992.02136,623.089,799.6603,992.037,623.1101,799.6919,992.07355
2026-01-21 16:00:00+00:00,611.40405,786.7665,977.4149,615.29297,790.5617,982.1448,615.29675,790.5663,982.1498,615.3062,790.5775,982.16187
2026-01-21 17:00:00+00:00,608.143,782.9792,973.4232,611.48254,786.21704,977.56537,611.48413,786.21906,977.5676,611.4882,786.22406,977.573
2026-01-21 18:00:00+00:00,596.91895,770.3274,959.8872,600.114,773.43774,963.93536,600.1147,773.43866,963.93634,600.1164,773.4408,963.9387
2026-01-21 19:00:00+00:00,578.00745,748.6924,936.4811,581.0253,751.64014,940.41187,581.0256,751.64044,940.41235,581.07367,751.6958,940.4733
2026-01-21 20:00:00+00:00,554.3965,722.58167,907.1196,556.8525,724.79553,910.3133,556.89044,724.8344,910.35925,557.0699,725.018,910.5762
2026-01-21 21:00:00+00:00,537.3169,704.7531,886.1127,538.7624,705.9731,888.16394,538.86676,706.0821,888.29443,539.3286,706.56433,888.87195
2026-01-21 22:00:00+00:00,517.39636,683.7719,862.2673,517.3513,683.5122,862.7002,517.6295,683.8054,863.0346,518.24677,684.45544,863.7764
2026-01-21 23:00:00+00:00,511.8668,677.82825,855.7134,511.14978,676.8695,855.3353,511.45673,677.19464,855.708,512.45294,678.2495,856.91626
2026-01-22 00:00:00+00:00,490.44818,654.97534,829.56067,489.95703,654.256,829.4447,490.9284,655.30365,830.6593,492.77158,657.28925,832.9605
2026-01-22 01:00:00+00:00,478.36728,641.9306,814.4154,478.4645,641.84094,815.0311,480.4074,643.9572,817.50146,484.0133,647.87537,822.0684
2026-01-22 02:00:00+00:00,474.67953,637.9696,809.70496,475.45386,638.6051,811.17615,479.6567,643.1917,816.5365,487.0122,651.17786,825.83923
2026-01-22 03:00:00+00:00,475.86523,639.33887,811.1724,477.0227,640.38226,813.12164,484.3716,648.3815,822.4563,496.21942,661.1698,837.297
2026-01-22 04:00:00+00:00,487.2642,651.8373,825.43146,488.97113,653.45,828.03546,499.1109,664.36115,840.67535,515.8264,682.14166,861.10944
2026-01-22 05:00:00+00:00,525.1254,692.31366,871.22754,528.27606,695.37537,875.4435,539.73987,707.2718,889.50977,557.5628,725.7073,911.5199
2026-01-22 06:00:00+00:00,563.40344,732.1149,917.8646,567.6333,736.167,923.2467,579.9607,750.0892,939.3478,601.3347,774.53375,966.1327
2026-01-22 07:00:00+00:00,597.064,770.32,960.19666,602.2708,775.7511,966.7957,616.7389,791.98474,984.3286,640.4635,822.494,1019.01544
2026-01-22 08:00:00+00:00,622.20044,798.76733,990.6747,628.01965,805.5847,999.0195,643.2364,826.30347,1023.0582,669.4964,864.9253,1069.8496
2026-01-22 09:00:00+00:00,626.6607,804.2386,996.5076,633.0622,812.73706,1007.0709,649.49677,835.58386,1033.9003,676.4867,876.5791,1084.087
2026-01-22 10:00:00+00:00,620.54865,797.4293,988.77344,627.1838,805.2799,998.3567,642.9867,827.03876,1023.6655,667.3324,863.05554,1067.3031
2026-01-22 11:00:00+00:00,614.9215,791.2501,981.9469,621.8896,798.35803,990.3018,636.96497,818.9407,1014.14526,660.2116,852.49615,1054.3779
2026-01-22 12:00:00+00:00,601.65234,776.45874,966.0729,608.3927,783.3702,974.2717,624.6783,802.5835,995.3384,648.2777,835.39343,1033.7695
2026-01-22 13:00:00+00:00,594.58514,768.3923,957.39264,600.99536,774.98755,965.27264,618.19214,794.28357,986.0886,643.21234,828.2589,1025.3978
2026-01-22 14:00:00+00:00,587.88904,760.7414,949.0738,593.63684,766.7172,956.28986,616.9277,792.92554,984.6555,647.38916,834.21606,1032.5527
2026-01-22 15:00:00+00:00,585.0394,757.4103,945.4753,590.2483,762.87103,952.12134,620.4297,797.0785,989.2365,656.5729,847.6033,1048.8008
2026-01-22 16:00:00+00:00,578.6136,749.9163,937.42834,583.21747,754.7642,943.3939,617.75653,793.81714,985.8135,658.32556,850.4817,1052.5454
2026-01-22 17:00:00+00:00,568.5937,738.2733,924.7717,573.0035,742.93866,930.52747,608.90674,783.9556,975.40576,653.7942,844.1669,1045.0854
2026-01-22 18:00:00+00:00,552.8328,721.58545,905.3908,557.32526,725.9242,910.84863,592.7244,765.71704,955.85864,642.10956,827.81885,1025.7192
2026-01-22 19:00:00+00:00,539.1901,707.4075,888.769,543.6717,711.7883,894.22644,578.3999,749.2059,937.99524,632.99054,815.3353,1011.30145
2026-01-22 20:00:00+00:00,517.12976,684.2548,861.7459,521.073,688.1785,866.5532,556.7837,725.257,910.73676,613.5228,790.00226,983.04626
2026-01-22 21:00:00+00:00,495.2263,660.8841,835.3182,497.78723,663.4379,838.5314,537.64764,705.42316,887.3888,594.2745,767.6639,958.9591
2026-01-22 22:00:00+00:00,487.92676,652.9224,826.4558,489.9397,654.9181,828.90845,532.7383,700.2018,881.25165,588.9812,761.4543,952.43665
2026-01-22 23:00:00+00:00,485.26535,649.93994,823.0886,486.39563,651.016,824.5452,530.39026,697.72626,878.47363,585.287,757.0697,947.8154
2026-01-23 00:00:00+00:00,463.33124,625.9616,795.2315,463.4479,625.95404,795.57153,506.46997,672.61646,849.96564,562.26636,730.9259,918.74475
2026-01-23 01:00:00+00:00,446.88727,607.8457,774.18414,445.78186,606.57153,773.3575,487.65247,652.49023,826.9591,544.21436,712.1632,896.60657
2026-01-23 02:00:00+00:00,442.12015,602.6909,768.47955,441.09232,601.4824,767.7768,481.56342,645.9004,819.39075,537.1776,704.8363,887.8879
2026-01-23 03:00:00+00:00,445.00873,605.8965,772.134,443.71564,604.3888,771.0646,481.73004,646.10956,819.6081,535.93555,703.5625,886.32263
2026-01-23 04:00:00+00:00,457.52795,619.7154,787.94714,456.7837,618.7126,787.222,492.94342,658.27765,833.5845,545.70844,713.7816,898.4048
2026-01-23 05:00:00+00:00,481.416,646.0535,818.5933,481.36676,645.7541,818.6468,518.40466,685.41907,864.4937,569.31946,738.5302,927.6299
2026-01-23 06:00:00+00:00,517.7766,685.05914,863.00464,517.8306,684.88556,863.303,552.5646,720.97504,906.03046,602.02466,775.8716,968.4204
2026-01-23 07:00:00+00:00,552.8213,721.57153,905.7737,553.93994,722.4363,907.2041,586.7559,758.25055,948.75684,636.4586,818.94836,1016.15784
2026-01-23 08:00:00+00:00,567.22424,736.5031,923.34265,569.30194,738.3136,925.9324,602.0527,775.7062,967.5477,649.8901,837.51544,1037.7463
2026-01-23 09:00:00+00:00,567.27527,736.77136,923.80383,570.4089,739.6228,927.5819,601.31604,775.0507,966.714,646.75916,833.5094,1032.8512
2026-01-23 10:00:00+00:00,563.45135,732.834,919.2114,567.46405,736.51855,923.86774,597.1542,770.55194,961.74915,641.483,826.4881,1024.4414
2026-01-23 11:00:00+00:00,560.9181,730.2503,916.13306,565.9602,734.9882,922.01196,594.3809,767.5355,958.3835,638.5753,822.7242,1020.0065
2026-01-23 12:00:00+00:00,554.03094,723.23535,907.8706,559.6735,728.5271,914.37897,586.2093,758.408,948.36926,629.8629,811.3441,1006.8833
2026-01-23 13:00:00+00:00,539.58374,708.3783,890.40985,545.74646,714.25287,897.59155,570.9335,740.9692,929.2188,612.4566,788.82275,981.6046
2026-01-23 14:00:00+00:00,530.07635,698.4461,878.62,536.39075,704.5315,886.0652,562.9888,732.1144,919.0381,604.20667,779.1896,971.1594
2026-01-23 15:00:00+00:00,522.9786,690.95276,869.6727,529.42786,697.22107,877.35443,558.77136,727.6872,913.8405,601.42236,776.05725,967.86414
2026-01-23 16:00:00+00:00,511.703,679.1088,855.89014,518.40405,685.73096,863.9613,550.4677,719.10187,903.80743,593.0967,766.6589,957.8138
2026-01-23 17:00:00+00:00,492.28955,658.399,832.49615,499.47266,665.6138,841.2013,532.88916,700.8006,882.20844,573.89667,744.7011,933.9504
2026-01-23 18:00:00+00:00,474.77832,639.39233,810.8386,482.3021,647.05774,820.0044,514.21106,681.2282,859.4839,553.92,722.604,908.68884
2026-01-23 19:00:00+00:00,452.81982,615.12634,782.7936,460.46756,623.05743,792.23193,489.95953,655.2973,829.9995,530.51013,698.1732,879.7463
2026-01-23 20:00:00+00:00,429.90512,589.81836,754.3828,437.9358,598.1959,763.92834,466.57837,629.75366,800.5437,504.04974,670.3337,847.8011
2026-01-23 21:00:00+00:00,417.47073,576.21136,740.0408,425.57855,584.6736,749.3623,454.5257,616.3494,785.0759,489.1276,654.2488,829.5049
2026-01-23 22:00:00+00:00,407.28967,564.9862,728.1788,415.7423,573.85767,737.883,443.1335,603.7881,771.09125,475.72504,639.58185,812.71466
2026-01-23 23:00:00+00:00,395.99152,552.4527,714.607,403.59906,560.459,723.38324,427.56744,586.8082,752.6186,460.22504,622.4654,792.8399
2026-01-24 00:00:00+00:00,391.05374,546.9727,708.7485,395.38818,551.4037,713.6558,416.1314,574.34155,739.2153,447.33255,608.36505,776.9168
2026-01-24 01:00:00+00:00,395.88116,552.34265,714.7735,397.1413,553.3938,716.0374,415.9244,574.15424,739.1648,445.0172,605.87225,774.23627
2026-01-24 02:00:00+00:00,405.7221,563.22473,726.8273,404.79578,561.8857,725.54083,422.49677,581.36584,747.1769,449.20593,610.45,779.44434
2026-01-24 03:00:00+00:00,416.71637,575.2888,740.1527,413.95905,571.9768,736.7486,430.88226,590.50336,757.2512,454.96906,616.7126,786.5326
2026-01-24 04:00:00+00:00,433.33096,593.429,760.0662,430.34985,589.88007,756.38727,446.0986,607.0367,775.4839,466.1223,628.9548,800.7124
2026-01-24 05:00:00+00:00,459.38,621.99,792.2605,458.00598,620.00415,789.89716,470.5829,633.8601,806.17944,487.844,652.67566,828.2057
2026-01-24 06:00:00+00:00,485.38635,650.54803,825.45526,485.05347,649.64105,824.3452,496.63864,662.14154,838.8792,512.65356,679.2094,858.55853
2026-01-24 07:00:00+00:00,507.10974,673.92725,852.0709,506.61435,672.86945,850.8904,517.4715,684.3674,864.08826,532.466,699.9819,882.32117
2026-01-24 08:00:00+00:00,524.44135,692.2133,872.9976,524.22534,691.53845,871.9817,534.191,701.8462,884.1502,546.8845,715.03174,899.9502
2026-01-24 09:00:00+00:00,533.2313,701.5425,883.9838,534.59125,702.31903,884.45215,542.9192,711.003,894.8992,554.56824,723.02435,909.27295
2026-01-24 10:00:00+00:00,535.8315,704.36,887.24915,537.9078,705.8602,888.61475,545.38983,713.64197,897.96954,555.661,724.224,910.6115
2026-01-24 11:00:00+00:00,531.62396,700.04175,882.029,534.3631,702.2201,884.2211,540.922,709.0701,892.4801,550.09186,718.5604,903.854
2026-01-24 12:00:00+00:00,521.525,689.45776,869.3146,524.09937,691.60297,871.70166,531.22876,698.9864,880.4258,539.02875,707.15173,890.2886
2026-01-24 13:00:00+00:00,507.05853,674.299,851.5247,509.5376,676.3448,854.112,517.38934,684.6421,863.6121,525.9738,693.5785,874.1813
2026-01-24 14:00:00+00:00,489.00748,655.0235,829.51245,491.84882,657.46783,832.53,502.52066,668.9044,845.7378,514.2924,681.39606,860.0722
2026-01-24 15:00:00+00:00,467.6724,631.83954,802.81946,471.44586,635.302,806.94995,486.25787,651.43353,825.77386,503.3067,669.73865,846.9342
2026-01-24 16:00:00+00:00,446.45306,608.3475,775.4183,450.30194,611.96063,779.70917,467.54248,631.04364,802.17755,490.23993,655.7571,831.0117
2026-01-24 17:00:00+00:00,428.43497,588.56726,753.3292,432.5055,592.4887,757.94995,452.185,614.0503,782.3836,478.99762,643.57434,817.0667
2026-01-24 18:00:00+00:00,405.71454,563.70135,726.4097,410.44165,568.35974,731.7567,429.3258,589.0597,754.6525,460.98053,623.762,794.1423
2026-01-24 19:00:00+00:00,385.43762,541.1684,701.6252,389.2543,544.89954,706.0467,405.1572,562.57355,725.78973,439.201,599.822,766.93335
2026-01-24 20:00:00+00:00,373.63467,527.87354,687.0847,376.61743,530.72473,690.5879,390.42468,546.2024,707.98505,421.74884,580.8061,746.47974
2026-01-24 21:00:00+00:00,362.84415,515.63983,673.78735,365.0735,517.6701,676.3072,377.24585,531.424,691.854,404.86835,562.223,726.351
2026-01-24 22:00:00+00:00,352.98926,504.4351,661.701,355.95026,507.2635,664.9521,367.2057,520.06067,679.4796,390.63797,546.3912,709.1439
2026-01-24 23:00:00+00:00,347.28348,497.91333,654.8148,350.43393,500.92407,658.05927,361.3619,513.39465,672.251,381.36853,535.98846,697.802
2026-01-25 00:00:00+00:00,365.18948,518.1781,678.0564,370.67422,523.7542,683.9625,381.4803,535.92126,697.69147,399.8192,556.3781,720.6441
2026-01-25 01:00:00+00:00,388.74533,544.4903,707.6828,395.99323,551.9467,715.54486,406.0459,563.0898,727.99164,423.39728,582.16113,749.1768
2026-01-25 02:00:00+00:00,409.27417,567.12396,732.9435,418.5702,576.72736,743.0514,427.2874,586.2639,753.613,443.80054,604.2004,773.39465
2026-01-25 03:00:00+00:00,422.48514,581.53735,749.01514,434.26355,593.74274,761.87823,441.92126,602.0455,771.0183,456.38794,617.7882,788.79254
2026-01-25 04:00:00+00:00,439.31952,599.79016,768.8482,450.1604,611.00946,780.9746,456.79578,618.2104,789.0921,469.36475,631.9699,805.074
2026-01-25 05:00:00+00:00,458.31622,620.5517,791.9145,466.96793,629.42114,801.7331,472.79514,635.8258,809.27386,484.4583,648.5412,824.1633
2026-01-25 06:00:00+00:00,476.04187,640.128,814.33185,482.68808,646.7516,821.66113,489.05304,653.64594,829.6945,500.31555,665.7493,843.7281
2026-01-25 07:00:00+00:00,497.96353,663.8698,841.3459,503.24695,668.9626,847.0336,510.724,676.9125,856.17505,522.44525,689.2712,870.31177
2026-01-25 08:00:00+00:00,518.0016,685.2046,865.2644,522.24817,689.1558,869.79987,530.5375,697.78705,879.80054,541.2492,708.8458,892.8767
2026-01-25 09:00:00+00:00,533.7058,701.7068,884.30023,537.568,705.15717,888.14966,544.7942,712.6806,897.1825,554.2017,722.3828,908.77185
2026-01-25 10:00:00+00:00,541.33215,709.76587,893.6094,544.1106,712.10864,896.3069,550.4761,718.6872,904.17554,557.8015,726.22815,913.18146
2026-01-25 11:00:00+00:00,542.8775,711.44104,895.42535,545.1566,713.2904,897.613,550.263,718.5627,903.92413,555.5724,724.0137,910.4396
2026-01-25 12:00:00+00:00,538.43036,706.87476,889.8401,540.8042,708.84033,892.2789,545.2418,713.4448,897.8094,549.59717,717.9406,903.2021
2026-01-25 13:00:00+00:00,523.59766,691.34863,871.203,525.96594,693.41907,874.0105,530.50354,698.1129,879.55536,534.64514,702.4592,884.8162
2026-01-25 14:00:00+00:00,501.35455,667.93665,844.2051,504.34943,670.6904,847.96826,508.60776,675.2156,853.1737,513.285,680.1663,858.8527
2026-01-25 15:00:00+00:00,478.74384,643.6166,816.34393,483.18164,647.93994,821.8995,487.67133,652.79987,827.55664,493.67615,659.26886,835.058
2026-01-25 16:00:00+00:00,460.40814,623.51294,793.2144,466.50916,629.6705,800.8137,472.1114,635.8232,808.0393,480.54507,645.0252,818.7943
2026-01-25 17:00:00+00:00,450.27655,612.22235,780.1899,456.92813,619.01984,788.45605,463.5464,626.34973,797.11053,473.88696,637.7115,810.45245
2026-01-25 18:00:00+00:00,452.73553,614.9,783.5211,459.18286,621.46783,791.42676,466.82782,629.9144,801.3852,479.62332,643.9179,817.7884
2026-01-25 19:00:00+00:00,455.17087,617.523,786.8439,461.2077,623.64417,794.13025,469.44543,632.72687,804.82745,484.4757,649.1217,823.99396
2026-01-25 20:00:00+00:00,457.57477,620.09,790.1761,463.26227,625.8356,796.8755,472.27594,635.75195,808.53955,489.06305,654.0027,829.83484
2026-01-25 21:00:00+00:00,461.55853,624.36163,795.5067,467.43,630.29895,802.33575,476.97095,640.7536,814.604,495.65076,660.96106,838.109
2026-01-25 22:00:00+00:00,460.86035,623.47754,794.4789,465.1275,627.70355,799.4553,474.72168,638.23816,811.83746,494.72943,659.9119,837.0762
2026-01-25 23:00:00+00:00,463.39618,626.15283,797.5938,465.67618,628.2461,800.22327,474.6455,638.09314,811.80115,495.31763,660.48193,837.87494
2026-01-26 00:00:00+00:00,493.4748,658.67633,835.25024,495.8438,660.9095,838.1575,506.17944,671.95184,850.9007,529.91455,696.93744,879.4311
2026-01-26 01:00:00+00:00,526.5392,693.5252,874.94183,529.64014,696.51935,878.7515,540.6063,707.84216,891.84705,561.7245,729.63055,917.7562
2026-01-26 02:00:00+00:00,549.07166,716.6966,901.77136,552.747,720.228,906.3341,561.9251,729.6998,917.6322,581.6315,751.4167,942.69086
2026-01-26 03:00:00+00:00,565.60254,733.6302,921.67706,569.58386,737.46985,926.6931,579.1465,748.3572,939.1508,598.98517,771.11914,964.0939
2026-01-26 04:00:00+00:00,578.6867,748.0804,938.13043,583.48584,753.26776,944.43274,594.1351,765.4825,957.8227,614.45636,789.3932,984.0631
2026-01-26 05:00:00+00:00,589.89655,761.0306,952.2532,596.03,767.6038,960.00867,607.5346,780.6258,974.14075,629.5086,809.12256,1006.1666
2026-01-26 06:00:00+00:00,602.4597,775.4254,967.8306,610.51184,783.94,977.5567,623.10474,800.39233,996.1015,645.48724,830.34534,1030.3989
2026-01-26 07:00:00+00:00,614.7221,789.3252,982.6057,623.1657,800.3905,995.8412,636.6265,818.23474,1016.0371,661.71594,853.9724,1058.9601
2026-01-26 08:00:00+00:00,638.3417,820.37396,1017.53674,646.35614,831.093,1030.7817,661.4025,853.07275,1057.5338,687.05756,891.7571,1104.9446
2026-01-26 09:00:00+00:00,655.71454,844.81934,1046.4811,665.5899,859.14233,1064.6106,679.8993,880.5345,1090.7863,700.9433,913.5722,1131.4609
2026-01-26 10:00:00+00:00,665.0958,858.8213,1063.3275,674.56934,872.5797,1080.7417,687.0342,892.12274,1104.888,703.7341,918.3081,1137.0396
2026-01-26 11:00:00+00:00,664.9632,858.85565,1063.2007,674.5766,872.88257,1080.9607,686.32697,891.41754,1103.8752,699.663,912.4142,1129.6816
2026-01-26 12:00:00+00:00,652.37787,840.74316,1041.0355,663.2355,856.58124,1061.0619,675.73895,875.25226,1083.8601,688.5744,895.5949,1108.9915
2026-01-26 13:00:00+00:00,627.933,807.60864,1002.0851,637.837,820.7382,1017.8911,649.33075,836.8323,1037.0239,664.4077,859.3331,1064.5276
2026-01-26 14:00:00+00:00,598.86804,772.6764,963.6534,609.9373,784.4497,976.9907,626.93396,806.88336,1002.32776,644.65265,830.71765,1029.8091
2026-01-26 15:00:00+00:00,581.7691,753.37274,942.6775,593.0499,765.56866,956.6302,615.709,792.2766,985.9585,640.57385,825.29645,1023.52075
2026-01-26 16:00:00+00:00,582.708,754.42816,943.87054,593.76215,766.3763,957.50934,622.40735,800.9077,995.642,653.004,842.93896,1044.7698
2026-01-26 17:00:00+00:00,590.25366,762.9565,953.2289,600.461,773.949,965.7156,633.4377,815.30475,1011.856,669.0053,866.43756,1073.3846
2026-01-26 18:00:00+00:00,595.98444,769.3357,960.2394,605.5526,779.6266,971.89325,638.87195,822.6448,1020.42224,675.837,876.94403,1086.369
2026-01-26 19:00:00+00:00,592.804,765.6654,956.4096,601.9133,775.5106,967.5704,638.0388,821.64966,1019.3679,677.5371,879.73596,1089.9431
2026-01-26 20:00:00+00:00,588.0951,760.167,950.56274,596.2457,769.07196,960.7434,634.60675,817.1824,1014.37964,676.84894,878.7396,1088.8525
2026-01-26 21:00:00+00:00,581.0832,751.97833,941.7771,587.16943,758.74243,949.5912,624.57227,804.2092,999.9304,667.1903,864.50073,1071.4774
2026-01-26 22:00:00+00:00,583.02655,753.9699,944.0495,587.4179,758.92255,949.84595,625.03033,804.679,1000.5127,666.6089,863.52484,1070.3442
2026-01-26 23:00:00+00:00,586.5036,757.70526,948.17554,590.1245,761.82635,953.09973,629.22406,809.94934,1006.51,673.8712,873.9699,1083.1992
2026-01-27 00:00:00+00:00,593.24426,765.1047,956.3422,597.3617,769.69946,961.7241,637.5803,820.4045,1018.35596,681.8295,885.4176,1097.3291
2026-01-27 01:00:00+00:00,598.27356,770.6094,962.34863,602.6998,775.4729,968.0134,639.7901,822.9487,1021.27637,679.2906,881.04785,1091.9062
2026-01-27 02:00:00+00:00,603.56085,776.5078,968.7716,608.5736,781.93506,974.97925,642.2613,825.9873,1024.8066,676.7409,876.8638,1086.6805
2026-01-27 03:00:00+00:00,607.3723,780.81714,973.5177,614.42065,788.334,981.84283,644.84924,829.1821,1028.5148,675.9259,875.2167,1084.5781
2026-01-27 04:00:00+00:00,616.1911,790.68274,984.03076,624.8419,801.6383,996.6654,648.62164,834.17786,1034.3932,673.7333,871.59436,1080.0237
2026-01-27 05:00:00+00:00,633.2567,812.73315,1008.57495,641.8196,823.8933,1021.81573,659.597,849.759,1053.0902,678.17206,877.6497,1087.0999
2026-01-27 06:00:00+00:00,668.5467,862.16425,1067.1647,679.47156,878.0273,1086.9437,690.23413,895.31226,1108.3093,703.2991,916.00226,1133.7378
2026-01-27 07:00:00+00:00,695.4211,903.6577,1117.6415,706.68353,920.2614,1138.4333,715.9392,934.7267,1156.0828,728.12177,953.50415,1178.8615
2026-01-27 08:00:00+00:00,712.22705,929.82874,1149.2037,723.87714,946.7269,1170.2351,731.61566,958.6156,1184.6116,741.442,974.06024,1203.3763
2026-01-27 09:00:00+00:00,721.6733,944.54895,1166.7649,733.56116,961.71924,1188.1008,738.99866,970.3175,1198.5518,746.1521,981.546,1212.1458
2026-01-27 10:00:00+00:00,727.00867,952.8832,1176.5525,738.69885,969.9798,1197.8674,742.16614,975.4768,1204.5312,746.89404,982.92883,1213.5415
2026-01-27 11:00:00+00:00,722.9176,947.12244,1169.456,734.92706,964.59656,1191.2085,736.9532,967.8568,1195.1708,739.8171,972.4419,1200.7346
2026-01-27 12:00:00+00:00,711.0813,929.635,1148.2236,723.52185,947.7097,1170.7446,724.717,949.6113,1173.0483,726.4446,952.3471,1176.3599
2026-01-27 13:00:00+00:00,696.00323,906.937,1120.5803,708.9875,925.9877,1144.4497,709.6273,927.03467,1145.728,710.56555,928.563,1147.5935
2026-01-27 14:00:00+00:00,677.821,879.19165,1086.5703,691.3209,899.2166,1111.8319,691.6515,899.7755,1112.5204,692.19507,900.6821,1113.6366
2026-01-27 15:00:00+00:00,657.55963,848.5378,1049.2317,671.9812,869.5347,1075.5127,672.22253,869.9338,1076.0015,672.8289,870.9025,1077.186
2026-01-27 16:00:00+00:00,649.6625,837.0357,1035.4014,662.9105,856.0061,1059.1079,664.14136,857.8236,1061.3247,665.95654,860.50305,1064.5912
2026-01-27 17:00:00+00:00,652.69385,841.02936,1040.2218,665.2087,859.2915,1063.148,667.12604,862.1997,1066.7031,671.50995,868.9247,1074.9264
2026-01-27 18:00:00+00:00,655.3811,844.7833,1044.9656,666.5338,861.23114,1065.646,669.4255,865.6667,1071.0708,674.9794,874.22284,1081.5433
2026-01-27 19:00:00+00:00,657.67755,847.9426,1049.0074,667.433,862.5405,1067.4093,671.33466,868.49304,1074.681,677.3167,877.8274,1086.1757
2026-01-27 20:00:00+00:00,654.9031,843.5665,1043.897,663.1649,856.22205,1059.9423,669.36084,865.32947,1071.0363,676.3435,876.10645,1084.2592
2026-01-27 21:00:00+00:00,650.96,837.3932,1036.6809,658.1171,848.56885,1050.9116,667.42865,862.30066,1067.6669,678.6504,879.26807,1088.4585
2026-01-27 22:00:00+00:00,644.3277,827.86334,1025.5842,649.4338,835.5886,1035.3147,659.31036,850.29425,1053.3232,674.85736,873.20465,1081.2341
2026-01-27 23:00:00+00:00,644.37274,827.61646,1025.415,647.84125,833.1113,1032.4092,657.57947,847.56616,1050.0962,673.349,870.90704,1078.5552
2026-01-28 00:00:00+00:00,639.6734,820.9758,1017.5292,640.3763,822.89087,1020.3092,651.1752,838.01556,1038.3928,665.036,858.715,1063.7098
2026-01-28 01:00:00+00:00,638.1494,818.6815,1014.77783,637.10767,818.24,1014.8263,648.18695,833.4441,1032.7634,659.66583,850.5769,1053.7227
2026-01-28 02:00:00+00:00,637.215,817.1525,1012.92456,634.7089,814.78784,1010.7909,645.73755,829.8563,1028.4441,656.8549,846.1535,1048.2622
2026-01-28 03:00:00+00:00,637.9875,818.0585,1013.9021,634.96277,814.9317,1010.8922,645.35925,829.1593,1027.559,658.4615,848.295,1050.8169
2026-01-28 04:00:00+00:00,642.822,824.77905,1021.7898,641.3286,823.30035,1020.5288,650.4731,836.0835,1035.7592,663.6396,855.714,1059.7745
2026-01-28 05:00:00+00:00,650.8215,836.0416,1035.0516,651.7127,837.5067,1037.303,660.14246,850.1737,1052.8197,671.55035,867.16626,1073.5503
2026-01-28 06:00:00+00:00,673.7234,869.8747,1075.9143,676.3715,873.72577,1081.1252,682.9078,884.1384,1094.0256,691.33826,897.4883,1110.5073
2026-01-28 07:00:00+00:00,693.1956,900.55225,1113.3042,697.12427,906.19824,1120.755,703.81024,916.6236,1133.542,712.4221,929.96545,1149.8422
2026-01-28 08:00:00+00:00,706.3389,921.19147,1138.2391,711.2899,928.2068,1147.3635,719.3024,940.4824,1162.3035,729.1169,955.4109,1180.3838
2026-01-28 09:00:00+00:00,712.89276,931.70776,1150.824,718.31525,939.305,1160.634,727.041,952.56903,1176.709,738.92896,970.9081,1198.9751
2026-01-28 10:00:00+00:00,717.3026,938.80444,1159.2893,722.7987,946.427,1169.0742,732.0575,960.56165,1186.2041,744.8163,980.3109,1210.1621
2026-01-28 11:00:00+00:00,715.1401,935.89026,1155.7045,720.7022,943.6102,1165.6045,730.098,957.8966,1182.8999,742.77856,977.5932,1206.8184
2026-01-28 12:00:00+00:00,705.5395,921.7074,1138.4779,710.47516,928.6383,1147.4326,720.27686,943.63696,1165.6699,733.4946,963.8834,1190.2136
2026-01-28 13:00:00+00:00,694.5873,905.2596,1118.3981,699.1161,911.7008,1126.7905,710.20294,928.7987,1147.6902,724.1173,950.05396,1173.5017
2026-01-28 14:00:00+00:00,686.16364,892.46344,1102.708,690.6245,898.8177,1111.0084,703.3242,918.5109,1135.1692,718.0352,941.09406,1162.6825
2026-01-28 15:00:00+00:00,678.3755,880.7304,1088.3594,682.9171,887.0712,1096.5977,698.2954,911.0122,1126.056,715.7871,937.88635,1158.853
2026-01-28 16:00:00+00:00,674.0306,874.1279,1080.4197,678.5646,880.2841,1088.3372,697.27045,909.45386,1124.2732,718.8914,942.5947,1164.6932
2026-01-28 17:00:00+00:00,672.77264,872.21466,1078.2759,677.196,878.0736,1085.7369,698.4617,911.2582,1126.6196,722.9229,948.6853,1172.2023
2026-01-28 18:00:00+00:00,670.3386,868.41736,1073.783,674.32385,873.5822,1080.3132,697.4316,909.73676,1124.8939,723.9664,950.37213,1174.3787
2026-01-28 19:00:00+00:00,665.719,861.1799,1065.1621,669.2634,865.6378,1070.699,693.1488,903.1527,1117.0123,721.5402,946.8071,1170.2626
2026-01-28 20:00:00+00:00,655.0725,845.526,1046.5552,658.7771,849.9769,1051.9495,684.75757,890.0088,1101.1785,714.4404,936.0543,1157.5767
2026-01-28 21:00:00+00:00,640.7354,825.1456,1022.4846,642.7627,827.0083,1024.5084,669.01263,865.62476,1071.3885,700.66125,915.1779,1132.4312
2026-01-28 22:00:00+00:00,635.54517,817.95984,1014.432,636.9796,819.07776,1015.46545,660.8321,853.5089,1056.8892,693.52313,903.9839,1118.9478
2026-01-28 23:00:00+00:00,633.6589,815.0149,1011.2157,634.1502,815.0857,1011.0864,656.94855,847.5113,1049.7947,689.5339,897.4089,1111.0713
2026-01-29 00:00:00+00:00,617.3387,793.60114,987.21277,617.83905,793.7587,987.17566,642.88293,827.4084,1025.7136,678.564,880.3187,1090.1996
2026-01-29 01:00:00+00:00,605.91437,779.95026,972.3846,607.2372,781.1875,973.59094,635.75385,817.74884,1014.6317,672.70825,871.3683,1079.3356
2026-01-29 02:00:00+00:00,598.0448,771.0586,962.88135,600.00793,772.97375,964.8259,631.0022,811.34644,1007.43225,668.0231,864.4101,1070.9769
2026-01-29 03:00:00+00:00,599.56665,772.7151,964.67004,601.66504,774.7873,966.7855,636.0986,817.9329,1014.9466,674.5818,873.87683,1082.5349
2026-01-29 04:00:00+00:00,616.6081,792.0552,985.5155,619.46014,795.01135,988.55054,654.1921,842.6599,1044.1334,693.3477,902.4423,1117.5647
2026-01-29 05:00:00+00:00,650.5563,837.1233,1037.134,654.07043,841.29297,1041.9485,689.16406,894.7938,1107.6929,725.1968,950.6261,1175.8909
2026-01-29 06:00:00+00:00,694.5029,903.2352,1117.7551,698.5478,908.3005,1123.7285,729.16815,955.4259,1181.12,759.63196,1002.5303,1237.9915
2026-01-29 07:00:00+00:00,722.68176,946.3895,1169.833,727.7607,952.7916,1177.4243,755.1411,995.1225,1228.6389,781.05,1035.2786,1276.7109
2026-01-29 08:00:00+00:00,735.79724,966.849,1194.2294,741.6015,974.3662,1203.2794,765.6685,1011.30566,1247.6886,787.54,1045.7415,1288.9347
2026-01-29 09:00:00+00:00,739.4929,973.2638,1201.8622,745.7439,981.19336,1211.3423,766.4044,1012.8891,1249.3882,784.9447,1042.2096,1284.532
2026-01-29 10:00:00+00:00,740.47504,975.20667,1204.1194,746.4749,982.7478,1213.0867,764.41925,1010.29517,1246.1564,780.51843,1035.7078,1276.6213
2026-01-29 11:00:00+00:00,742.14404,977.8629,1207.2251,747.7412,984.9292,1215.6208,763.65344,1009.34106,1244.916,778.0867,1032.0668,1272.1626
2026-01-29 12:00:00+00:00,743.305,979.584,1209.2812,748.44275,986.1096,1217.0315,763.31793,1008.89606,1244.3694,777.4761,1031.0989,1270.9897
2026-01-29 13:00:00+00:00,741.2027,976.5545,1205.6344,745.96783,982.6044,1212.8015,760.9568,1005.56335,1240.3811,776.12427,1029.1343,1268.6252
2026-01-29 14:00:00+00:00,734.5748,966.7661,1193.851,739.08307,972.4418,1200.5442,755.5209,997.70654,1231.0096,772.90375,1024.3591,1262.8975
2026-01-29 15:00:00+00:00,723.20435,949.97815,1173.6577,727.58484,955.2484,1179.747,748.1621,986.9755,1218.1885,770.2944,1020.63403,1258.4792
2026-01-29 16:00:00+00:00,716.4388,940.0104,1161.7744,721.0464,945.475,1168.062,745.41394,982.856,1213.351,772.13416,1023.5601,1262.1238
2026-01-29 17:00:00+00:00,696.99896,910.98694,1126.7656,702.45856,917.5113,1134.3188,731.80396,962.29553,1188.7231,763.76434,1011.19116,1247.6348
2026-01-29 18:00:00+00:00,675.25525,877.7357,1086.2429,681.27423,884.9329,1094.5975,713.2274,934.5224,1155.4109,750.66565,991.84814,1224.7725
2026-01-29 19:00:00+00:00,654.6215,846.78015,1048.7034,662.0984,855.5062,1058.6954,695.77515,907.8506,1123.1936,735.9771,969.5773,1198.2355
2026-01-29 20:00:00+00:00,635.2852,819.61395,1016.787,642.52136,827.0438,1024.5831,676.5835,877.838,1086.5669,717.699,941.905,1165.1323
2026-01-29 21:00:00+00:00,619.0673,798.14905,992.8956,626.42004,805.47876,1000.0116,656.99634,848.51,1050.9147,698.3201,912.2445,1129.281
2026-01-29 22:00:00+00:00,610.0166,785.975,979.48224,616.7716,792.6405,985.8242,645.5574,831.4911,1030.4635,685.25946,891.6191,1104.1772
2026-01-29 23:00:00+00:00,606.6561,781.2626,974.45197,613.5269,788.0928,980.9249,640.722,824.5558,1022.4933,679.0349,881.2201,1091.5317
2026-01-30 00:00:00+00:00,593.3799,766.1199,958.3374,600.63837,773.4968,965.48596,629.06726,809.0916,1005.13116,667.8186,864.3932,1071.1311
2026-01-30 01:00:00+00:00,581.0585,752.0925,943.2684,589.0288,760.2221,951.28015,617.639,794.1786,988.6575,656.8466,848.1836,1051.5962
2026-01-30 02:00:00+00:00,575.79584,746.0272,936.8157,584.58057,754.99585,945.71985,612.3661,787.1104,980.8444,649.9827,837.9818,1039.3002
2026-01-30 03:00:00+00:00,585.62103,757.25244,949.2595,593.9988,765.6731,957.4121,620.18976,797.18164,992.1848,656.40356,847.007,1050.2677
2026-01-30 04:00:00+00:00,627.29846,808.39557,1005.79724,632.7096,812.6521,1009.0962,657.15405,846.89136,1049.7185,691.9292,899.7626,1114.6722
2026-01-30 05:00:00+00:00,682.73804,886.9124,1099.2933,686.353,889.74994,1101.8004,707.51825,922.8127,1142.3821,736.81036,967.7224,1196.8254
2026-01-30 06:00:00+00:00,721.3225,945.9995,1170.7666,724.12,947.8776,1172.2686,743.9806,978.42285,1209.2339,770.70276,1019.2501,1258.1604
2026-01-30 07:00:00+00:00,745.48663,982.96484,1214.7373,748.04193,984.81494,1216.4294,766.1686,1012.40295,1249.492,789.6231,1048.9397,1293.1276
2026-01-30 08:00:00+00:00,757.0331,1000.94995,1235.8318,759.81757,1003.1923,1238.0845,775.5763,1027.3734,1266.9553,796.3505,1059.848,1305.6948
2026-01-30 09:00:00+00:00,758.88873,1004.4042,1239.7307,762.2658,1007.38916,1242.897,776.45624,1029.3114,1269.0918,795.9236,1059.7273,1305.3586
2026-01-30 10:00:00+00:00,749.91565,991.7647,1224.5679,753.83887,995.36755,1228.4836,767.63947,1016.39233,1253.6294,786.04315,1045.2407,1288.1389
2026-01-30 11:00:00+00:00,738.439,975.08453,1204.5253,742.86127,979.27295,1209.1377,756.1775,999.6925,1233.6929,774.2205,1027.397,1266.7705
2026-01-30 12:00:00+00:00,719.6787,947.3584,1171.1232,724.94635,952.5054,1176.8562,738.9359,974.026,1202.9084,757.417,1002.4286,1237.0945
2026-01-30 13:00:00+00:00,695.80054,911.6891,1127.8896,701.90094,918.0477,1135.1864,716.88745,941.0537,1163.1943,738.2021,973.6542,1202.6357
2026-01-30 14:00:00+00:00,666.3261,866.4996,1072.4834,673.08685,873.8308,1081.0422,691.56165,902.76886,1116.7417,718.4114,944.0194,1167.0592
2026-01-30 15:00:00+00:00,641.96204,831.2533,1030.2059,647.4082,835.91425,1035.0259,672.2541,872.9558,1080.2336,704.40393,922.9999,1141.7719
2026-01-30 16:00:00+00:00,634.3688,820.626,1018.15375,640.2932,825.66486,1023.05725,668.28467,866.37714,1072.2762,703.6436,921.5591,1140.2084
2026-01-30 17:00:00+00:00,635.1298,821.4276,1019.38416,641.8453,827.3213,1025.1458,672.5361,872.4749,1079.9966,709.6433,930.2142,1150.9153
2026-01-30 18:00:00+00:00,640.2355,828.1843,1027.4425,646.8831,833.9424,1033.0957,679.47015,882.8296,1092.901,716.7927,940.64233,1163.6776
2026-01-30 19:00:00+00:00,642.1134,830.6522,1030.5955,649.054,836.6526,1036.3953,682.39764,887.0267,1098.1914,719.01086,943.7118,1167.5125
2026-01-30 20:00:00+00:00,637.55005,824.24603,1023.3484,645.0902,830.8512,1029.6309,678.18915,880.1477,1089.855,713.6172,935.3334,1157.5239
2026-01-30 21:00:00+00:00,622.7777,805.0517,1002.1636,632.24615,813.5783,1009.8711,663.627,858.312,1063.302,698.513,912.06165,1129.3977
2026-01-30 22:00:00+00:00,599.1907,774.1715,967.7162,610.0559,784.56696,977.6329,640.18396,824.673,1023.0428,674.31213,874.8056,1083.8994
2026-01-30 23:00:00+00:00,573.58466,744.5846,935.61316,585.50476,756.6685,947.6937,612.61633,788.5794,982.74963,642.9514,828.9407,1028.3365
2026-01-31 00:00:00+00:00,556.8223,725.4402,914.68176,567.83325,736.26086,925.4896,589.761,761.61523,953.52234,613.94305,791.0968,986.19385
2026-01-31 01:00:00+00:00,549.8195,718.0965,906.1006,559.60535,727.6091,915.45996,576.73474,746.56335,937.29407,595.4953,768.19366,961.0062
2026-01-31 02:00:00+00:00,551.66705,720.01666,908.4386,560.27527,728.2909,916.3795,574.22516,743.563,934.1502,589.49634,761.25305,953.6114
2026-01-31 03:00:00+00:00,565.0165,734.51886,925.25745,572.2014,741.0459,931.43353,585.04333,755.95685,947.8856,598.4709,771.34875,964.6926
2026-01-31 04:00:00+00:00,591.69965,765.11304,958.7673,597.7776,770.34985,963.5054,610.1207,784.6771,979.1407,622.83704,801.72156,998.45734
2026-01-31 05:00:00+00:00,635.7651,821.47485,1021.49493,639.98517,823.3499,1022.30676,651.5974,839.5002,1041.3889,664.4353,858.48553,1064.5322
2026-01-31 06:00:00+00:00,676.7767,880.16956,1091.5426,680.58307,881.7969,1092.5249,690.7875,897.7969,1112.2476,701.8118,915.0189,1133.3794
2026-01-31 07:00:00+00:00,710.5404,932.29944,1154.873,713.74554,933.13086,1154.932,723.24835,947.6714,1172.5669,734.6103,964.9159,1193.3806
2026-01-31 08:00:00+00:00,735.3294,969.8346,1199.8057,738.3595,970.594,1199.8364,746.99023,983.9325,1215.9521,757.22003,999.5813,1234.7653
2026-01-31 09:00:00+00:00,749.57776,991.7162,1225.905,752.7422,992.7324,1226.2059,759.4775,1003.0349,1238.5702,767.613,1015.4135,1253.354
2026-01-31 10:00:00+00:00,755.8449,1001.3092,1237.172,758.80945,1002.16016,1237.2811,763.88306,1009.9059,1246.5477,769.4437,1018.48846,1256.7773
2026-01-31 11:00:00+00:00,753.5344,998.0193,1233.0676,756.65564,999.2269,1233.6748,760.48944,1005.11975,1240.7388,764.28644,1010.968,1247.729
2026-01-31 12:00:00+00:00,743.21906,982.62146,1214.4451,746.274,983.88275,1215.2505,749.45905,988.83203,1221.2096,751.9767,992.7848,1225.9583
2026-01-31 13:00:00+00:00,723.84576,953.6853,1179.5981,727.19836,955.224,1180.7272,730.47614,960.2168,1186.747,732.63544,963.5628,1190.7817
2026-01-31 14:00:00+00:00,699.33154,917.0729,1135.3708,703.0386,918.9392,1136.8741,707.1274,925.2565,1144.5889,710.1609,929.9452,1150.304
2026-01-31 15:00:00+00:00,679.7445,887.2903,1099.0806,683.9808,889.72205,1101.2314,689.80115,898.8082,1112.4266,695.6989,907.947,1123.6548
2026-01-31 16:00:00+00:00,666.9102,867.6384,1075.0686,671.412,870.38745,1077.5569,679.6767,883.2008,1093.4016,689.11176,897.89514,1111.525
2026-01-31 17:00:00+00:00,660.5046,858.5245,1064.2424,665.55023,861.7937,1067.1948,676.2244,877.8579,1086.9524,688.6111,897.1938,1110.8181
2026-01-31 18:00:00+00:00,653.0113,847.684,1051.3087,658.71747,851.8429,1055.3137,668.85284,866.8174,1073.5602,681.44977,886.14417,1097.4209
2026-01-31 19:00:00+00:00,642.20795,832.19586,1032.8994,647.8181,835.80304,1036.0302,656.3622,848.57117,1051.6573,669.2474,867.642,1074.9086
2026-01-31 20:00:00+00:00,613.4575,794.691,991.0431,620.03235,799.3394,994.8685,627.4667,809.19824,1005.9806,640.3618,826.23303,1025.2229
2026-01-31 21:00:00+00:00,581.23016,754.17566,946.0388,587.5881,759.6746,951.2479,594.7174,767.81665,960.1334,609.85236,786.48267,980.91077
2026-01-31 22:00:00+00:00,549.48126,717.99854,906.1139,556.9206,725.0198,912.78,564.36304,732.8457,922.0973,581.5643,752.7178,944.0202
2026-01-31 23:00:00+00:00,519.41223,686.61053,868.80396,525.5606,692.54254,874.5462,535.68945,702.9869,886.82465,553.944,721.9462,909.47314
