timestamp,supply_s0_p10,supply_s0_p50,supply_s0_p90,supply_s0iso_p10,supply_s0iso_p50,supply_s0iso_p90,supply_s1_p10,supply_s1_p50,supply_s1_p90,supply_s2_p10,supply_s2_p50,supply_s2_p90,supply_s3_p10,supply_s3_p50,supply_s3_p90
2025-12-31 23:00:00+00:00,1008.88864,1113.55077,1270.8346999999999,203.91954,308.58167,465.8656,204.61324,310.47714,468.82623,204.61324,310.47714,468.82623,204.61324,310.47714,468.82623
2026-01-01 00:00:00+00:00,1020.13966,1125.31648,1284.79002,215.17056,320.34738,479.82092,215.45326,321.81717,482.8286,214.09802,320.68274,482.18414,212.61105,319.42642,481.44943
2026-01-01 01:00:00+00:00,1040.87777,1149.34644,1309.78562,208.31447,316.78314,477.22232,209.09276,317.26767,479.6669,204.87119,314.4561,477.34363,198.87932,311.2926,474.79355
2026-01-01 02:00:00+00:00,1003.8013400000001,1116.85893,1278.30058,221.36224,334.41983,495.86148,222.38101,334.52167,497.87604,212.68213,329.32983,493.32242,198.8208,321.23352,486.3921
2026-01-01 03:00:00+00:00,991.8007600000001,1111.6373,1273.7943,230.97656,350.8131,512.9701,232.89001,351.12988,515.5052,213.65213,339.92523,505.68878,189.87643,326.091,490.72052
2026-01-01 04:00:00+00:00,964.0165999999999,1094.296,1257.3179,274.3341,404.6135,567.6354,278.10388,405.8467,571.5882,252.41034,390.92737,555.16144,218.17346,369.23724,533.43414
2026-01-01 05:00:00+00:00,898.6131,1040.45067,1204.8097400000001,286.4922,428.32977,592.68884,295.24512,433.23495,597.60925,263.43304,413.2901,577.6373,226.64879,388.037,549.44775
2026-01-01 06:00:00+00:00,896.914,1049.90084,1214.2302,305.7331,458.71994,623.0493,316.5348,465.22104,629.55945,282.7486,442.5489,604.6163,249.75632,419.2754,575.9612
2026-01-01 07:00:00+00:00,949.7780300000001,1112.3963800000001,1273.84004,325.47473,488.09308,649.53674,336.51666,495.01514,656.82666,311.14246,477.33734,635.9038,283.1652,458.0849,610.2489
2026-01-01 08:00:00+00:00,964.85353,1131.7847,1291.4569000000001,233.88603,400.8172,560.4894,244.78241,407.58484,567.7831,223.75421,392.8504,549.7511,196.95378,374.7845,524.81995
2026-01-01 09:00:00+00:00,930.25545,1097.09936,1256.7874,213.05795,379.90186,539.5899,224.50446,387.08878,547.2503,197.47351,367.98633,523.7293,171.6804,350.79874,499.7578
2026-01-01 10:00:00+00:00,937.5343999999999,1102.86918,1262.8970399999998,188.6019,353.93668,513.96454,201.00179,361.55658,521.6344,162.63779,334.24902,488.73413,136.46448,316.79608,464.09903
2026-01-01 11:00:00+00:00,958.92764,1122.48336,1281.92517,192.91434,356.47006,515.91187,206.00209,364.2845,523.4926,156.27264,329.15103,481.6455,130.21576,312.14136,456.72708
2026-01-01 12:00:00+00:00,991.0616600000001,1153.5863000000002,1311.8413,230.13086,392.6555,550.9105,243.19974,400.5278,558.27606,189.03203,362.93124,513.4045,163.38724,345.83176,489.0179
2026-01-01 13:00:00+00:00,1018.29997,1180.8342,1337.54304,232.60837,395.1426,551.85144,245.27922,402.95038,559.1565,188.31123,364.3395,511.91446,163.00467,346.9068,487.60568
2026-01-01 14:00:00+00:00,1005.1587499999999,1168.3982999999998,1323.10125,239.65955,402.8991,557.60205,252.30661,411.01562,565.33307,194.27083,372.5052,517.2597,168.93292,355.03195,492.007
2026-01-01 15:00:00+00:00,993.5281600000001,1159.2110200000002,1310.9367000000002,258.97406,424.65692,576.3826,270.77484,431.43082,582.84656,216.10349,395.6789,538.7346,191.86911,380.25568,514.04816
2026-01-01 16:00:00+00:00,1004.861,1174.4772,1321.961,275.991,445.6072,593.091,287.12976,450.88596,598.728,236.53589,419.45215,559.0016,216.50888,406.64328,536.89905
2026-01-01 17:00:00+00:00,985.2791,1157.56236,1302.2436400000001,270.435,442.71826,587.39954,280.26147,447.46558,591.9096,234.43054,419.92056,555.6933,218.5014,409.8029,536.90564
2026-01-01 18:00:00+00:00,968.93918,1143.96533,1287.003,311.90918,486.93533,629.973,319.89658,490.3544,632.8106,280.81195,468.9763,601.06213,268.73038,461.05978,585.2321
2026-01-01 19:00:00+00:00,982.1912500000001,1161.05303,1300.5579500000001,325.13715,503.99893,643.50385,331.3314,507.14886,646.58276,299.74777,489.98877,618.67816,290.62515,483.84393,605.4668
2026-01-01 20:00:00+00:00,861.86473,1043.60902,1179.31483,322.95383,504.69812,640.40393,327.8725,507.3086,643.4126,301.81244,493.63043,619.1377,294.6665,488.86533,608.61676
2026-01-01 21:00:00+00:00,787.1180800000001,971.2090000000001,1103.7739700000002,333.96478,518.0557,650.62067,338.08466,520.67206,653.6641,316.33527,509.1941,632.1123,310.46167,505.42963,623.55804
2026-01-01 22:00:00+00:00,809.60563,995.53605,1125.8564000000001,304.02063,489.95105,620.2714,307.73083,492.3128,623.1396,288.6064,482.21567,603.62854,283.4768,479.05215,596.1324
2026-01-01 23:00:00+00:00,833.8065300000001,1017.40174,1150.54743,301.83063,485.42584,618.57153,305.99762,487.93164,621.4606,282.4656,476.05377,598.75287,276.54398,472.37796,589.72296
2026-01-02 00:00:00+00:00,819.16482,1000.0998,1136.89996,272.35812,453.2931,590.09326,276.50006,455.48126,592.5729,247.7294,440.97083,566.04047,240.75876,436.52402,554.68225
2026-01-02 01:00:00+00:00,817.18789,996.04952,1135.0709000000002,224.35199,403.21362,542.235,228.46738,405.33698,544.2565,195.9491,388.5947,515.2409,187.93796,383.64044,502.71558
2026-01-02 02:00:00+00:00,826.25772,1002.22844,1143.66716,202.68602,378.65674,520.09546,206.61278,380.65036,521.54614,169.7124,361.53394,490.1402,160.45499,355.93817,476.14435
2026-01-02 03:00:00+00:00,901.12177,1073.22698,1217.24017,208.86427,380.96948,524.98267,213.14197,383.57886,527.50885,170.38242,360.75366,492.25073,158.82684,353.8963,475.8713
2026-01-02 04:00:00+00:00,854.9532200000001,1023.9117000000001,1171.237,266.98822,435.9467,583.272,271.95715,437.85498,585.30817,220.72177,408.70123,543.7662,205.25125,399.82538,524.3149
2026-01-02 05:00:00+00:00,945.9780599999999,1110.75437,1263.4838,296.69806,461.47437,614.2038,301.54706,463.94687,616.2521,242.7486,429.06036,567.2861,223.66092,417.7191,544.54913
2026-01-02 06:00:00+00:00,1061.64632,1223.3060500000001,1379.4436,320.22882,481.88855,638.0261,323.36783,484.21338,640.2501,259.25443,443.48956,585.0051,236.0127,429.40878,558.8828
2026-01-02 07:00:00+00:00,1096.2639,1256.81135,1415.31904,329.5806,490.12805,648.63574,330.58618,490.95743,649.7617,263.68198,445.92004,590.1143,236.86642,429.43237,561.04095
2026-01-02 08:00:00+00:00,1100.56178,1260.10756,1419.7665000000002,297.60678,457.15256,616.8115,297.46524,457.13284,617.2317,228.15796,409.40955,555.1615,198.90442,391.1798,524.30786
2026-01-02 09:00:00+00:00,1104.0129200000001,1259.16074,1419.90327,286.13712,441.28494,602.02747,285.97516,441.28024,602.8218,208.73944,387.66974,536.6919,174.27829,365.85358,501.03662
2026-01-02 10:00:00+00:00,1110.30326,1258.1812,1419.4693,276.16406,424.042,585.3301,275.9043,424.0867,586.2977,187.0479,363.34607,515.8539,145.68466,335.93927,474.10052
2026-01-02 11:00:00+00:00,1121.6506,1261.51684,1422.4038,280.0665,419.93274,580.8197,281.36636,420.94125,582.28503,185.31723,357.53943,513.56036,133.89737,322.0079,463.19147
2026-01-02 12:00:00+00:00,1115.10684,1247.8280300000001,1408.4804,267.31104,400.03223,560.6846,269.46167,401.8093,564.168,181.52972,346.65884,506.20746,113.25159,298.3073,442.89438
2026-01-02 13:00:00+00:00,1156.73048,1282.77156,1443.0393,261.44638,387.48746,547.7552,264.42065,390.34805,552.93176,180.61815,339.15106,499.87076,101.646255,283.72943,431.5816
2026-01-02 14:00:00+00:00,1229.98322,1352.90537,1512.7202,255.21652,378.13867,537.9535,258.1128,381.12854,543.54364,179.59485,333.85757,494.59744,96.38937,276.2103,425.93893
2026-01-02 15:00:00+00:00,1190.61412,1315.90154,1475.2351600000002,238.10162,363.38904,522.72266,240.52435,365.4693,527.26306,166.13226,320.38605,480.6723,87.05075,265.8247,415.25262
2026-01-02 16:00:00+00:00,1168.55235,1299.23137,1459.4276,225.47485,356.15387,516.3501,229.73059,358.3446,519.01465,160.33679,316.20743,475.69983,88.74072,266.8511,415.5053
2026-01-02 17:00:00+00:00,1113.02504,1252.44403,1412.3759,186.71004,326.12903,486.0609,192.62971,329.6256,488.98862,133.62558,292.42712,450.30896,72.53398,250.67194,397.6917
2026-01-02 18:00:00+00:00,1026.87418,1172.5936,1332.6523499999998,145.87088,291.5903,451.64905,153.13673,296.04507,455.40894,106.2643,265.8162,422.89505,49.351074,227.4931,373.47824
2026-01-02 19:00:00+00:00,994.7986400000001,1145.24505,1305.4639000000002,121.70114,272.14755,432.3664,129.76352,277.3293,436.858,92.19542,252.71454,409.47714,38.285507,216.84366,362.20834
2026-01-02 20:00:00+00:00,958.6899500000001,1110.50016,1270.29423,106.78165,258.59186,418.38593,112.25836,262.3167,421.72168,82.05705,242.40479,399.26202,28.768417,207.1037,352.58102
2026-01-02 21:00:00+00:00,901.04884,1052.18045,1212.3569,99.51634,250.64795,410.8244,103.434616,253.55339,413.2666,75.60812,235.05344,392.2854,24.36708,201.4306,347.87546
2026-01-02 22:00:00+00:00,915.119,1064.36552,1225.027,96.9431,246.18962,406.8511,99.09621,247.89095,408.18723,68.30791,227.38928,384.98795,19.060562,195.10966,342.4588
2026-01-02 23:00:00+00:00,875.9762499999999,1015.95731,1178.13003,115.24875,255.22981,417.40253,116.66173,256.32535,418.19287,76.83943,230.82584,391.31268,21.27504,193.12988,344.61224
2026-01-03 00:00:00+00:00,927.85865,1053.49076,1214.26935,157.49445,283.12656,443.90515,156.73874,282.703,444.0317,111.23729,255.12605,419.09308,48.366943,213.37521,372.32816
2026-01-03 01:00:00+00:00,1022.28725,1137.11708,1297.73174,182.88315,297.71298,458.32764,179.43939,296.34445,457.90845,133.11955,268.42548,432.55548,64.67198,224.96924,387.12515
2026-01-03 02:00:00+00:00,1029.68161,1138.6629,1300.08093,183.93161,292.9129,454.33093,180.87689,291.66608,454.0962,135.47855,264.0267,427.96686,64.133896,220.35007,384.6291
2026-01-03 03:00:00+00:00,987.77658,1094.62472,1256.5304,188.03238,294.88052,456.7862,184.94487,293.4827,456.68622,140.86185,267.10663,432.13788,69.24049,222.95355,388.59003
2026-01-03 04:00:00+00:00,970.38516,1077.6258500000001,1240.0775,179.20926,286.44995,448.9016,177.05762,285.43027,449.3015,135.14977,260.4129,426.6577,66.90526,217.98903,384.6455
2026-01-03 05:00:00+00:00,983.70833,1092.41243,1256.04884,185.29993,294.00403,457.64044,183.02165,292.92667,458.0774,151.11111,273.84595,441.69196,88.59146,234.96245,402.33768
2026-01-03 06:00:00+00:00,1014.47804,1125.3720600000001,1290.8089,178.26974,289.16376,454.6006,175.67464,287.99753,454.96777,153.16797,274.5729,443.57227,96.907425,239.2027,407.15564
2026-01-03 07:00:00+00:00,1077.67807,1190.7318599999999,1357.6414399999999,166.39897,279.45276,446.36234,163.82124,278.3732,446.8377,149.47089,269.91486,439.78577,96.97285,237.44135,406.85138
2026-01-03 08:00:00+00:00,1088.53112,1204.07584,1372.5642500000001,174.16362,289.70834,458.19675,172.00912,288.7883,458.69574,162.01456,283.08185,453.71594,115.80952,254.80647,425.56335
2026-01-03 09:00:00+00:00,1123.33066,1242.2304,1411.6695,160.21066,279.1104,448.5495,158.76337,278.56015,449.24945,150.61914,273.90988,445.03503,111.57555,249.97415,421.19568
2026-01-03 10:00:00+00:00,1103.26478,1224.7176399999998,1394.34276,145.75558,267.20844,436.83356,144.58737,266.9361,437.5902,138.4026,263.4125,434.31693,107.21017,244.31375,415.40533
2026-01-03 11:00:00+00:00,1021.9004,1144.93367,1314.41566,147.0379,270.07117,439.55316,147.06099,270.48346,440.9087,142.91153,268.11688,438.70245,120.1593,254.2737,425.43994
2026-01-03 12:00:00+00:00,1060.44928,1182.48829,1351.06036,127.81928,249.85829,418.43036,128.81505,250.85143,420.2998,126.29184,249.45325,419.00464,110.07964,239.90302,409.81467
2026-01-03 13:00:00+00:00,1101.55087,1222.72667,1390.2657,141.06837,262.24417,429.7832,142.55666,263.60934,431.81433,140.99207,262.7498,431.0171,127.73785,255.0649,423.69623
2026-01-03 14:00:00+00:00,1154.37102,1280.2152999999998,1446.73634,138.49442,264.3387,430.85974,139.74852,265.62628,432.66193,138.18661,264.7045,431.7633,121.46681,254.26938,421.72327
2026-01-03 15:00:00+00:00,1154.7393499999998,1287.11882,1451.9476599999998,123.36685,255.74632,420.57516,125.02438,257.33908,422.4361,123.529205,256.41098,421.40515,103.99486,243.68982,407.77744
2026-01-03 16:00:00+00:00,1115.5285900000001,1255.7954,1419.10827,93.05359,233.3204,396.63327,95.090576,234.85538,397.53345,93.806274,234.07962,396.76935,73.25371,221.29083,383.7935
2026-01-03 17:00:00+00:00,1066.564396,1213.90303,1375.79465,67.661896,215.00053,376.89215,68.80777,215.97858,377.01236,65.24292,213.70322,374.63757,45.77269,201.05426,361.18243
2026-01-03 18:00:00+00:00,1017.089287,1170.2495800000002,1329.81606,47.035187,200.19548,359.76196,47.481995,200.68341,359.37274,43.999847,198.37613,356.79816,25.040009,185.52805,341.97745
2026-01-03 19:00:00+00:00,976.6864300000001,1133.18866,1290.32652,30.99553,187.49776,344.63562,31.062881,187.6375,343.9494,25.795212,183.99213,339.67438,8.060059,171.93892,324.95154
2026-01-03 20:00:00+00:00,1000.18015,1143.17118,1304.11944,67.03935,210.03038,370.97864,66.63049,209.77869,370.5172,58.868393,204.93172,365.4841,37.57094,191.18611,350.68716
2026-01-03 21:00:00+00:00,922.59091,1067.03642,1227.40308,70.31091,214.75642,375.12308,68.96518,213.84595,374.11426,61.80832,209.33307,369.3202,40.13524,195.24167,353.6317
2026-01-03 22:00:00+00:00,906.3612840000001,1055.3559400000001,1212.48628,72.816284,221.81094,378.94128,70.17926,219.84532,376.78094,60.956985,213.76256,369.9092,40.4794,199.84235,353.54797
2026-01-03 23:00:00+00:00,883.2916200000001,1023.88107,1184.23368,85.34572,225.93517,386.28778,81.36145,223.07741,383.86987,67.87721,214.57472,374.75473,43.227966,198.35779,356.4626
2026-01-04 00:00:00+00:00,882.62213,1008.1878999999999,1165.9551,135.00053,260.5663,418.3335,130.40396,257.18802,416.46442,117.40422,249.2535,410.13275,89.40834,231.67915,395.13934
2026-01-04 01:00:00+00:00,906.7495700000001,1021.6936300000001,1180.69342,174.56787,289.51193,448.51172,171.64655,287.73822,446.7851,161.58344,281.64703,440.78497,137.28064,266.32855,426.349
2026-01-04 02:00:00+00:00,955.20144,1063.38024,1222.92666,188.87314,297.05194,456.59836,186.625,295.54584,455.2647,177.75502,290.32877,450.76334,157.34265,278.1781,439.1898
2026-01-04 03:00:00+00:00,985.0106900000001,1090.07278,1249.48348,211.47319,316.53528,475.94598,210.51886,315.6153,475.62286,203.57867,311.32736,472.4698,187.62105,301.9652,464.66403
2026-01-04 04:00:00+00:00,992.18075,1097.47866,1254.85537,207.96405,313.26196,470.63867,207.30353,312.63354,470.60352,201.8042,308.50128,468.91907,190.2631,300.87613,464.00122
2026-01-04 05:00:00+00:00,972.4361,1077.6542,1233.37153,210.3161,315.5342,471.25153,209.97145,315.20032,471.4077,204.01045,310.93845,470.01727,194.5403,303.85815,467.0147
2026-01-04 06:00:00+00:00,971.38654,1076.38822,1230.3836999999999,275.98154,380.98322,534.9787,275.79324,380.8423,535.2174,270.90863,377.49393,534.3751,262.6772,371.61798,532.4236
2026-01-04 07:00:00+00:00,984.51252,1089.7978600000001,1243.0896,318.84912,424.13446,577.4262,319.02573,424.31094,577.4674,315.25018,421.80423,576.9236,307.96582,416.80624,575.6594
2026-01-04 08:00:00+00:00,1056.47157,1162.32893,1315.5608,374.47577,480.33313,633.565,374.82452,480.69266,633.71045,371.64017,478.6011,632.91034,364.64938,473.95892,631.9031
2026-01-04 09:00:00+00:00,1106.8168799999999,1213.3804,1366.8553,400.10938,506.6729,660.1478,400.66406,507.22113,660.40405,398.05722,505.51968,659.5475,392.26663,501.73663,658.74255
2026-01-04 10:00:00+00:00,1069.48517,1176.7165,1330.41864,409.55017,516.7815,670.48364,410.31216,517.48883,670.8362,408.32385,516.1942,670.19336,404.071,513.4118,669.3046
2026-01-04 11:00:00+00:00,1130.2402399999999,1237.6205,1391.3951499999998,406.25354,513.6338,667.40845,407.18546,514.4523,667.812,405.57837,513.4181,667.31433,402.14297,511.15082,666.1194
2026-01-04 12:00:00+00:00,1132.7232800000002,1240.1141499999999,1393.84914,438.79498,546.18585,699.92084,439.9657,547.1459,700.4106,438.68958,546.32715,700.0246,436.13528,544.6731,699.18884
2026-01-04 13:00:00+00:00,1139.3245299999999,1246.8236,1400.6486,436.17123,543.6703,697.4953,437.46033,544.6661,698.01636,436.48083,544.0348,697.71466,433.9678,542.396,696.88416
2026-01-04 14:00:00+00:00,1173.01168,1280.4195,1434.4092999999998,443.84668,551.2545,705.2443,445.23553,552.31915,705.8123,444.33582,551.74475,705.53796,440.96042,549.553,704.41516
2026-01-04 15:00:00+00:00,1226.8550599999999,1334.0754499999998,1488.1571,440.12836,547.34875,701.4304,441.61163,548.4391,702.05133,439.8111,547.2837,701.4772,433.64066,543.1611,699.1294
2026-01-04 16:00:00+00:00,1240.46224,1347.41173,1501.5144500000001,384.71634,491.66583,645.76855,386.309,492.76877,646.44336,383.6624,491.06104,645.5483,374.40665,484.7176,641.7581
2026-01-04 17:00:00+00:00,1206.92184,1313.2191400000002,1467.058,363.90854,470.20584,624.0447,365.58112,471.29196,624.7821,362.72507,469.44858,623.7883,353.1017,462.81427,619.64044
2026-01-04 18:00:00+00:00,1121.04936,1226.59583,1380.29005,411.23856,516.78503,670.47925,413.00922,517.8607,671.3466,410.25027,516.0439,670.3227,401.8295,510.1446,666.4434
2026-01-04 19:00:00+00:00,1104.60007,1209.77136,1363.625,394.12427,499.29556,653.1492,396.33994,500.51358,654.43256,393.72144,498.7121,653.32275,384.79907,492.2248,649.0428
2026-01-04 20:00:00+00:00,1084.8067999999998,1189.4452999999999,1343.3730999999998,382.1118,486.7503,640.6781,384.82263,488.25403,642.5566,381.85867,486.1052,641.10614,372.3117,478.97208,636.86597
2026-01-04 21:00:00+00:00,1037.8935000000001,1141.6936,1295.53365,350.166,453.9661,607.80615,353.08496,455.75034,610.23566,349.72803,453.18246,608.319,337.72473,444.84442,603.24817
2026-01-04 22:00:00+00:00,1000.4218000000001,1103.58318,1257.5234,356.2843,459.44568,613.3859,359.60162,461.49655,615.96545,355.2235,458.1505,614.153,340.2966,448.8123,607.43005
2026-01-04 23:00:00+00:00,917.9519,1020.57286,1173.717,438.8694,541.49036,694.6345,441.91885,543.19965,697.3412,437.30194,539.6738,695.43567,423.23648,530.5341,689.2501
2026-01-05 00:00:00+00:00,926.37453,1028.6989,1181.27034,441.26703,543.5914,696.16284,444.36185,545.1276,698.7739,438.05365,540.3322,696.263,421.54443,529.6576,689.18036
2026-01-05 01:00:00+00:00,949.22233,1051.6894,1203.88083,479.30573,581.7728,733.96423,482.48987,583.1543,736.4507,475.3816,577.832,733.7641,456.8799,565.8812,726.0985
2026-01-05 02:00:00+00:00,974.8212,1077.5593,1230.0005,523.6871,626.4252,778.8664,526.57324,627.57983,780.8363,518.8853,621.8555,778.16486,497.4652,608.11304,769.5876
2026-01-05 03:00:00+00:00,962.9965,1066.279,1219.437,551.4515,654.734,807.892,554.3553,656.00073,809.563,544.33594,648.58655,806.6946,516.41956,631.4364,795.0246
2026-01-05 04:00:00+00:00,1038.69964,1143.4097000000002,1297.63714,595.05884,699.7689,853.99634,598.60034,701.35297,855.322,585.06006,691.3882,851.89514,553.3519,672.6561,838.006
2026-01-05 05:00:00+00:00,1196.9186,1302.9125,1458.4076,578.4328,684.4267,839.9218,582.0925,686.19653,841.27405,566.1159,674.7446,836.9098,531.49176,654.4729,821.1975
2026-01-05 06:00:00+00:00,1323.4001,1430.6576,1586.7771,604.0959,711.3534,867.4729,608.4677,713.67554,869.2467,592.4662,702.2272,865.1035,558.7519,682.59753,850.07886
2026-01-05 07:00:00+00:00,1336.8764,1445.4451399999998,1601.81764,610.1389,718.70764,875.08014,614.3231,720.8817,876.89813,598.93396,709.7951,873.2472,566.8779,691.1735,859.3613
2026-01-05 08:00:00+00:00,1345.2157000000002,1455.0941400000002,1611.9126,725.9307,835.80914,992.6276,729.89813,837.86053,994.1893,713.83484,826.4236,990.5974,683.3542,808.64935,977.60803
2026-01-05 09:00:00+00:00,1386.85885,1497.9529,1655.827,750.51135,861.6054,1019.4795,753.80945,863.4433,1020.6895,736.89905,851.6069,1016.7223,708.59814,835.18567,1004.5668
2026-01-05 10:00:00+00:00,1357.8618000000001,1470.0187500000002,1628.5807,716.4418,828.59875,987.1607,719.42175,830.2488,988.05975,702.9549,818.8391,984.0702,679.296,805.04083,973.9741
2026-01-05 11:00:00+00:00,1382.2824,1495.0794999999998,1653.8789,671.2382,784.0353,942.8347,674.2629,785.7424,943.55524,659.4974,775.3203,940.1637,641.2861,764.54456,932.56213
2026-01-05 12:00:00+00:00,1375.17145,1487.9255,1646.2368000000001,625.62305,738.3771,896.6884,628.7117,740.21136,897.2977,615.71075,731.16284,894.5044,602.7241,723.0686,889.5612
2026-01-05 13:00:00+00:00,1381.86955,1494.0711000000001,1651.117,653.27795,765.4795,922.5254,656.4385,767.34247,923.0921,645.01715,759.55493,920.9004,634.9562,752.7654,917.7423
2026-01-05 14:00:00+00:00,1387.90933,1499.4285599999998,1655.4549,745.01843,856.53766,1012.564,748.0526,858.2352,1013.0437,737.0001,850.76904,1011.0289,727.2251,843.9291,1008.24023
2026-01-05 15:00:00+00:00,1417.4494,1528.9575,1685.0920999999998,800.6194,912.1275,1068.2621,804.01526,913.94403,1068.7961,792.9827,906.4409,1066.615,780.9982,898.4215,1062.7888
2026-01-05 16:00:00+00:00,1402.0956500000002,1513.25135,1669.9936,843.83405,954.98975,1111.732,847.143,956.7448,1112.1283,835.4242,948.5637,1109.4543,817.71735,937.4543,1102.4354
2026-01-05 17:00:00+00:00,1382.27556,1493.5074399999999,1651.1363,877.13226,988.36414,1145.993,881.38293,990.55,1146.8263,868.10016,981.40234,1142.8892,841.6553,965.8551,1131.0519
2026-01-05 18:00:00+00:00,1379.6573,1490.90596,1648.8142,874.0365,985.28516,1143.1934,879.41394,988.12164,1144.94,864.1716,978.3722,1139.2595,829.4536,958.0904,1122.2664
2026-01-05 19:00:00+00:00,1342.58025,1454.1091,1611.7112,835.56775,947.0966,1104.6987,842.3616,950.33026,1107.3956,825.3293,940.02496,1100.0612,785.38586,917.0218,1079.7119
2026-01-05 20:00:00+00:00,1284.70785,1395.6496,1552.8369,802.92615,913.8679,1071.0552,809.1581,916.9784,1073.5107,791.0698,906.15845,1065.4255,749.5826,882.3638,1043.929
2026-01-05 21:00:00+00:00,1192.077,1302.3794599999999,1458.9345,841.7012,952.00366,1108.5587,847.33295,954.5086,1110.5714,827.864,942.91077,1101.5902,783.07605,917.1804,1078.3054
2026-01-05 22:00:00+00:00,1141.59393,1252.5183,1408.8000000000002,860.45483,971.3792,1127.6609,866.9807,974.2783,1130.2351,844.91705,961.19604,1119.6285,792.86365,930.9096,1092.7429
2026-01-05 23:00:00+00:00,1119.8286699999999,1232.2536599999999,1388.7710000000002,895.88617,1008.31116,1164.8285,903.21295,1011.7758,1168.0657,877.68256,996.6798,1155.3943,819.486,962.04553,1124.9213
2026-01-06 00:00:00+00:00,1092.6091000000001,1208.0457700000002,1365.0892,825.8408,941.27747,1098.3209,833.6915,945.10315,1101.9061,801.4751,925.7801,1084.3457,717.3798,874.054,1036.787
2026-01-06 01:00:00+00:00,1086.556,1203.5516,1361.2885999999999,901.9752,1018.9708,1176.7078,909.11304,1022.57635,1180.0575,869.1232,998.0695,1156.855,770.7269,935.6024,1095.9144
2026-01-06 02:00:00+00:00,1093.6325499999998,1214.0328,1373.136,962.81165,1083.2119,1242.3151,969.8102,1086.8164,1245.7788,920.0529,1056.0526,1216.5663,819.7642,990.29736,1148.6354
2026-01-06 03:00:00+00:00,1127.7266,1253.1109000000001,1413.6349,955.1507,1080.535,1241.059,964.0316,1085.5342,1246.0701,905.48926,1049.0424,1211.455,809.3104,984.6218,1141.0015
2026-01-06 04:00:00+00:00,1236.1592,1365.5364,1527.3962000000001,905.2609,1034.6381,1196.4979,915.6717,1040.728,1202.798,853.0294,1001.59247,1165.53,762.2908,940.248,1095.8306
2026-01-06 05:00:00+00:00,1336.39997,1468.5723,1631.4400999999998,864.90497,997.0773,1159.9451,875.4818,1003.1469,1166.6937,811.72626,963.5143,1127.694,724.63043,903.88104,1059.3978
2026-01-06 06:00:00+00:00,1387.7991699999998,1521.3512,1685.2894000000001,906.57837,1040.1304,1204.0686,917.8352,1046.5964,1211.6669,849.2129,1003.53925,1167.799,760.00806,941.35767,1094.8267
2026-01-06 07:00:00+00:00,1388.3725,1523.2014,1688.4139,892.3783,1027.2072,1192.4197,903.91675,1033.9615,1200.4827,832.436,988.9191,1153.3976,741.3456,924.71246,1077.3672
2026-01-06 08:00:00+00:00,1388.9935,1525.0804,1691.057,961.2643,1097.3512,1263.3278,972.7921,1104.1232,1271.5118,893.4379,1053.6549,1218.4995,804.8455,990.4862,1142.3464
2026-01-06 09:00:00+00:00,1382.3821,1520.4413,1686.8727,906.3612,1044.4204,1210.8518,917.75415,1051.0616,1218.9722,830.615,995.2533,1159.7849,747.19617,935.18365,1085.8152
2026-01-06 10:00:00+00:00,1372.0401,1510.13483,1676.7903999999999,849.9743,988.06903,1154.7246,860.26135,994.01746,1161.846,774.78925,939.45184,1103.9888,692.5196,880.4393,1032.5109
2026-01-06 11:00:00+00:00,1394.7893,1531.1127000000001,1697.5226000000002,810.6051,946.9285,1113.3384,819.52795,951.97784,1119.3323,740.1843,901.6454,1066.337,656.37915,842.3593,996.90283
2026-01-06 12:00:00+00:00,1399.70875,1533.4721,1699.0520000000001,809.03625,942.7996,1108.3795,817.46765,947.5083,1113.9797,744.46265,901.7526,1066.1375,659.2369,842.3462,998.43146
2026-01-06 13:00:00+00:00,1399.91116,1531.1557,1696.1184,808.00616,939.2507,1104.2134,816.1996,943.90186,1109.4282,749.2539,902.6864,1067.543,665.4756,845.7451,1003.72284
2026-01-06 14:00:00+00:00,1397.7264,1526.6866,1691.2532999999999,837.4189,966.3791,1130.9458,845.09863,970.7759,1135.5312,783.2742,933.14984,1098.5707,700.87976,878.21564,1037.7178
2026-01-06 15:00:00+00:00,1378.813,1506.4178,1670.7786,817.3922,944.997,1109.3578,824.27783,948.87463,1113.2705,763.7983,912.32477,1077.746,682.0541,858.13873,1017.9973
2026-01-06 16:00:00+00:00,1328.85705,1455.6314,1619.8118,832.72125,959.4956,1123.676,839.9717,963.5012,1127.5852,776.04285,924.88153,1089.9792,692.12756,868.7094,1028.1843
2026-01-06 17:00:00+00:00,1308.1669,1434.687,1598.7776,830.086,956.6061,1120.6967,837.7508,960.8639,1124.8066,771.08057,920.4561,1085.2007,684.0875,861.5967,1020.5791
2026-01-06 18:00:00+00:00,1317.4994,1443.9621,1607.8681,774.3369,900.7996,1064.7056,781.8894,905.0557,1068.7933,714.667,864.1301,1028.6704,627.1836,804.8847,963.76855
2026-01-06 19:00:00+00:00,1262.2339299999999,1387.8548,1551.1205,751.72723,877.3481,1040.6138,759.18,881.56775,1044.699,692.5239,840.9012,1005.1809,606.2435,782.9711,942.1134
2026-01-06 20:00:00+00:00,1188.4748,1313.0728,1475.70845,725.5089,850.1069,1012.74255,732.49243,854.0457,1016.55756,666.9954,813.9472,977.9665,582.7444,758.0377,917.5541
2026-01-06 21:00:00+00:00,1109.3088400000001,1232.5498,1394.8961,666.06714,789.3081,951.6544,672.31274,792.8972,955.15247,609.0558,754.1416,918.2565,525.80707,699.3867,859.68604
2026-01-06 22:00:00+00:00,1075.9840000000002,1197.0646000000002,1358.9646000000002,688.5265,809.6071,971.5071,694.0653,812.8714,974.6875,634.6004,776.80426,940.4206,550.85114,722.011,883.40216
2026-01-06 23:00:00+00:00,1088.85925,1209.0942,1370.89343,685.37335,805.6083,967.40753,690.35034,808.6435,970.40137,636.5704,776.21295,939.5733,554.6665,722.7844,885.3312
2026-01-07 00:00:00+00:00,1047.5297,1172.1994,1333.47886,643.698,768.3677,929.64716,649.65295,772.05194,933.43567,599.7758,740.9256,902.9723,522.7783,690.73224,852.3962
2026-01-07 01:00:00+00:00,1031.5007999999998,1159.71957,1320.7743,597.5858,725.80457,886.8593,603.78864,729.9121,891.18085,560.2496,701.998,863.61115,489.0338,655.7278,817.3931
2026-01-07 02:00:00+00:00,1009.8006,1140.2749000000001,1301.7813700000002,539.0373,669.5116,831.01807,545.53613,673.9994,836.0305,510.04205,651.0531,813.1446,446.0315,609.8669,772.8629
2026-01-07 03:00:00+00:00,1005.03306,1136.3242500000001,1298.8049700000001,538.08466,669.37585,831.85657,544.9067,674.1924,837.48444,516.6992,656.1449,819.5349,462.1867,621.3772,785.82556
2026-01-07 04:00:00+00:00,1110.13033,1242.11935,1405.8542,569.73193,701.72095,865.4558,577.06055,706.84906,871.5756,555.536,693.364,858.1296,512.02203,665.6486,830.7158
2026-01-07 05:00:00+00:00,1224.9458,1358.10596,1523.0371,621.6217,754.78186,919.713,629.472,760.1908,926.2664,613.9292,750.6941,916.6293,580.03394,728.54126,894.5747
2026-01-07 06:00:00+00:00,1282.61564,1417.51273,1583.82127,678.14734,813.04443,979.35297,686.96936,819.0398,986.68854,674.32227,811.38324,979.0147,646.57684,793.1778,961.0232
2026-01-07 07:00:00+00:00,1288.12055,1425.2983,1592.9055,669.38715,806.5649,974.1721,679.69586,813.53,982.6228,669.6107,807.4678,976.60077,646.7607,792.73126,962.2399
2026-01-07 08:00:00+00:00,1323.6116000000002,1462.238,1630.7469,799.1132,937.7396,1106.2485,810.9899,945.6638,1115.7257,803.86804,941.4444,1111.5609,786.10956,930.29297,1100.7124
2026-01-07 09:00:00+00:00,1327.30533,1468.93265,1637.7312,739.02783,880.65515,1049.4537,752.261,889.52124,1059.7197,747.171,886.4734,1056.6735,734.24426,878.4245,1048.7839
2026-01-07 10:00:00+00:00,1338.3310000000001,1480.9284,1649.2107,671.056,813.6534,981.9357,685.23236,823.04474,992.57715,682.07776,821.1874,990.70325,673.3723,815.91486,985.35736
2026-01-07 11:00:00+00:00,1313.8719700000001,1455.8901,1623.2687999999998,700.13367,842.1518,1009.5305,714.1442,851.1646,1019.78375,712.35394,850.135,1018.7351,707.1867,847.10657,1015.6459
2026-01-07 12:00:00+00:00,1277.07537,1419.08294,1585.9534,822.32367,964.33124,1131.2017,836.2829,973.1461,1141.0869,835.20483,972.5299,1140.4589,832.04333,970.7079,1138.6012
2026-01-07 13:00:00+00:00,1237.1221,1380.903,1547.1686,873.7521,1017.533,1183.7986,888.64545,1027.1124,1193.9065,887.84656,1026.6511,1193.4354,885.2754,1025.1538,1191.9095
2026-01-07 14:00:00+00:00,1250.44796,1396.8228,1562.7154,794.04626,940.4211,1106.3137,809.25684,950.01416,1115.63,807.8098,949.1115,1114.7775,803.8319,946.58325,1112.4402
2026-01-07 15:00:00+00:00,1233.9511,1381.22084,1546.3512,831.7836,979.05334,1144.1837,847.02844,988.1791,1152.665,844.96277,986.9901,1151.6229,839.1051,983.61005,1148.6134
2026-01-07 16:00:00+00:00,1255.9142,1404.1803,1568.2157000000002,751.7117,899.9778,1064.0132,766.305,908.7027,1072.4813,763.58887,907.08234,1071.2367,755.46625,902.1873,1067.3789
2026-01-07 17:00:00+00:00,1230.93494,1378.33967,1541.0772000000002,757.55334,904.95807,1067.6956,770.99274,912.9117,1076.0458,768.0269,911.1398,1074.6675,759.2277,905.82446,1070.4366
2026-01-07 18:00:00+00:00,1202.9912,1349.77455,1511.5933,725.8837,872.66705,1034.4858,738.4636,880.0857,1042.4402,735.47015,878.29364,1041.0232,725.9935,872.54443,1036.375
2026-01-07 19:00:00+00:00,1151.50143,1297.2523,1458.144,682.84143,828.5923,989.484,694.6171,835.5332,997.00146,691.5049,833.6568,995.5023,680.5714,826.9779,990.0355
2026-01-07 20:00:00+00:00,1094.3759,1238.2388,1397.9577,639.1417,783.0046,942.7235,649.8567,789.2941,949.65765,646.78094,787.43665,948.1701,634.1958,779.71356,941.8324
2026-01-07 21:00:00+00:00,1036.472,1178.0181699999998,1336.4349,584.3895,725.93567,884.3524,593.74835,731.3823,890.57513,590.2567,729.2704,888.89197,576.1808,720.5944,881.7036
2026-01-07 22:00:00+00:00,1028.2554999999998,1167.01114,1324.3655999999999,598.6514,737.40704,894.7615,606.8507,742.1856,900.24304,602.23895,739.39795,898.0183,586.9086,729.9539,890.1581
2026-01-07 23:00:00+00:00,996.30717,1133.354,1290.5384,496.47797,633.5248,790.7092,503.93246,637.94403,795.3302,497.28943,633.9082,792.07794,480.8308,623.74365,783.5549
2026-01-08 00:00:00+00:00,990.7116799999999,1128.74275,1285.31056,490.22418,628.25525,784.82306,494.80325,630.83826,788.4097,486.46436,625.677,784.1007,469.4417,614.99695,775.08936
2026-01-08 01:00:00+00:00,1015.97216,1155.46904,1311.47136,497.89136,637.38824,793.39056,499.8593,638.2251,796.0043,489.67822,631.84143,790.7447,471.03662,619.9358,780.616
2026-01-08 02:00:00+00:00,992.54525,1133.58926,1289.5693,479.80615,620.85016,776.8302,479.82477,620.4382,778.9269,467.2959,612.49084,772.2645,448.46902,600.26416,761.5145
2026-01-08 03:00:00+00:00,964.5226,1106.6446700000001,1262.8613,491.4184,633.54047,789.7571,490.24597,632.43445,791.43054,474.98813,622.6495,783.0676,454.81543,609.34344,771.09485
2026-01-08 04:00:00+00:00,1016.8184,1160.7705999999998,1317.6659,554.1784,698.1306,855.0259,552.21704,696.57477,856.4142,534.9108,685.34753,846.6706,512.14197,670.1045,832.5954
2026-01-08 05:00:00+00:00,1156.8908999999999,1304.1907,1462.3967,557.3726,704.6724,862.8784,555.3949,703.15985,864.4415,536.90186,691.00916,853.6776,512.6928,674.7468,837.34705
2026-01-08 06:00:00+00:00,1200.48643,1350.77446,1510.6468300000001,623.77893,774.06696,933.93933,622.3856,773.0127,935.98267,603.75256,760.6855,924.9267,579.66766,744.4833,907.91315
2026-01-08 07:00:00+00:00,1237.7468,1391.5500000000002,1553.0821500000002,703.4177,857.2209,1018.75305,703.5588,857.145,1021.7464,685.8729,845.38574,1011.0757,662.28625,829.5767,993.7861
2026-01-08 08:00:00+00:00,1245.10846,1403.1491999999998,1565.7463999999998,746.28186,904.3226,1066.9198,748.51855,905.69543,1071.3843,731.9908,894.68384,1060.8926,709.5516,879.5268,1043.895
2026-01-08 09:00:00+00:00,1245.0283,1406.32215,1568.8355999999999,767.6583,928.95215,1091.4656,770.8717,930.89465,1096.941,754.9866,920.36755,1086.2114,733.08826,905.40094,1069.2261
2026-01-08 10:00:00+00:00,1223.5376999999999,1387.3105,1549.1073999999999,742.9619,906.7347,1068.5316,747.11743,909.1845,1074.9783,733.3136,900.1203,1065.234,711.8661,885.41797,1048.484
2026-01-08 11:00:00+00:00,1237.8784,1403.14056,1564.3337000000001,777.1859,942.44806,1103.6412,782.7454,945.8534,1110.9718,770.688,937.93524,1102.4987,752.3638,925.46204,1088.4594
2026-01-08 12:00:00+00:00,1227.9017,1394.5466999999999,1555.2076000000002,798.6367,965.2817,1125.9426,805.145,969.3083,1133.739,795.31366,962.9006,1126.919,778.89404,951.76385,1114.4315
2026-01-08 13:00:00+00:00,1209.43925,1377.013,1537.1424000000002,813.36835,980.9421,1141.0715,820.6013,985.4624,1149.3551,811.92725,979.7819,1143.275,798.06116,970.4327,1132.723
2026-01-08 14:00:00+00:00,1196.05495,1364.1432,1523.5149,827.21075,995.299,1154.6707,835.1126,1000.2884,1163.4907,826.33527,994.46436,1157.1033,813.4112,985.6846,1147.1595
2026-01-08 15:00:00+00:00,1209.77457,1378.2042000000001,1536.6959,785.94037,954.37,1112.8617,794.1456,959.5589,1121.8452,782.9022,952.00885,1113.4651,768.3632,941.9879,1101.8716
2026-01-08 16:00:00+00:00,1182.2781,1350.18544,1507.8543,728.6172,896.52454,1054.1934,736.95276,901.80634,1063.1357,722.6749,892.1218,1052.2805,703.39685,878.59106,1036.3301
2026-01-08 17:00:00+00:00,1159.91115,1326.1619,1482.9299999999998,697.23285,863.4836,1020.2517,705.9497,868.98193,1029.3235,686.59906,855.7784,1014.3954,662.80176,839.24365,995.2252
2026-01-08 18:00:00+00:00,1101.9383,1266.27463,1421.93705,686.7858,851.12213,1006.78455,695.5504,856.6681,1015.7638,672.9267,841.2434,998.2629,647.16296,823.94244,978.6768
2026-01-08 19:00:00+00:00,1074.43455,1237.06444,1391.5729000000001,612.22955,774.85944,929.3679,620.25696,779.91534,937.71924,594.37714,762.2157,917.58264,566.8187,744.22797,897.2079
2026-01-08 20:00:00+00:00,1057.3334,1217.3602,1371.29376,643.8342,803.861,957.79456,650.7875,808.1812,965.2377,622.78906,789.1746,943.61926,592.6253,769.9459,921.3607
2026-01-08 21:00:00+00:00,1042.48585,1200.88844,1354.1994,637.81415,796.21674,949.5277,643.2573,799.49506,955.8463,613.07666,779.53503,932.9176,581.4263,759.13605,909.0987
2026-01-08 22:00:00+00:00,965.8815,1123.35844,1276.1568399999999,673.614,831.09094,983.88934,677.60754,833.42316,989.25916,644.18536,811.9168,964.104,611.5757,790.7657,939.53345
2026-01-08 23:00:00+00:00,911.55056,1068.64174,1220.9058,748.99976,906.09094,1058.355,751.69196,907.595,1063.0186,714.4504,884.1707,1034.7858,680.6382,863.21497,1010.13104
2026-01-09 00:00:00+00:00,895.81245,1054.0523,1206.5704,729.89905,888.1389,1040.657,730.9479,888.5469,1044.1954,690.99805,863.00104,1013.7687,656.7856,843.0956,987.9891
2026-01-09 01:00:00+00:00,884.9465999999999,1044.4700599999999,1197.5101,732.4232,891.94666,1044.9867,731.84906,891.2894,1047.335,688.1391,862.7485,1013.3502,654.7125,844.0652,986.7096
2026-01-09 02:00:00+00:00,936.51324,1097.6307000000002,1251.6448,784.00824,945.1257,1099.1398,782.675,943.9395,1100.6304,733.48206,911.8186,1061.4895,702.59143,894.3697,1034.5083
2026-01-09 03:00:00+00:00,942.4135000000001,1105.78285,1260.4466,803.2919,966.66125,1121.325,802.0517,965.59595,1122.6643,748.5224,931.14185,1079.8064,720.27734,914.29254,1051.9011
2026-01-09 04:00:00+00:00,1038.4275699999998,1203.9068,1359.2412,847.69507,1013.1743,1168.5087,846.5798,1012.2869,1169.8993,789.7805,975.9142,1123.6377,763.64905,959.7566,1094.8011
2026-01-09 05:00:00+00:00,1151.8800999999999,1319.8952,1475.4362999999998,887.5126,1055.5277,1211.0688,886.53815,1054.9329,1212.6853,828.5706,1017.5531,1164.3633,804.8474,1002.33716,1135.0546
2026-01-09 06:00:00+00:00,1122.29706,1293.0853,1449.1118999999999,870.80786,1041.5961,1197.6227,870.7875,1041.837,1199.8707,812.51666,1003.70184,1149.8113,791.0906,989.42316,1120.2516
2026-01-09 07:00:00+00:00,1192.6838,1365.8567,1522.8129,874.9346,1048.1075,1205.0637,876.9949,1049.9462,1208.8096,817.917,1010.41956,1156.4465,797.9674,996.68427,1126.3965
2026-01-09 08:00:00+00:00,1206.93464,1381.89533,1539.8124,664.51874,839.47943,997.3965,668.5741,842.8314,1002.55347,608.2374,801.5203,947.5521,589.18884,787.93036,916.7153
2026-01-09 09:00:00+00:00,1244.0194999999999,1417.12914,1577.3773700000002,675.8253,848.93494,1009.18317,680.71436,852.8345,1014.82874,612.36255,804.92126,952.1414,591.81824,790.1119,918.74854
2026-01-09 10:00:00+00:00,1193.2312499999998,1363.68706,1525.6335,687.84125,858.29706,1020.2435,692.88214,862.24634,1025.4532,616.0017,807.88196,955.6312,594.1625,792.045,920.2813
2026-01-09 11:00:00+00:00,1269.44994,1437.6317,1600.7385,711.07324,879.255,1042.3618,718.1799,884.50824,1048.4022,632.67053,824.09607,972.08453,610.20667,807.75867,935.5054
2026-01-09 12:00:00+00:00,1290.6868,1457.0295,1620.7049000000002,713.7418,880.0845,1043.7599,723.33105,886.9943,1051.0316,632.0912,822.9697,971.4188,608.4935,806.16003,934.1584
2026-01-09 13:00:00+00:00,1279.9742,1444.5412999999999,1608.4389,743.3642,907.9313,1071.8289,754.15454,915.5811,1079.581,658.7953,849.0947,997.9557,634.10486,831.6888,959.8331
2026-01-09 14:00:00+00:00,1278.2548000000002,1441.4047,1605.0815,796.224,959.3739,1123.0507,806.8977,966.90283,1130.5793,709.0503,899.01184,1047.5509,684.38007,881.6358,1009.47327
2026-01-09 15:00:00+00:00,1253.3763,1416.1604,1579.1453000000001,803.603,966.3871,1129.372,813.73035,973.37354,1136.5339,715.05035,905.3517,1052.7728,691.87994,889.02313,1016.0159
2026-01-09 16:00:00+00:00,1235.638,1398.3453,1559.7276,804.8264,967.5337,1128.916,813.38916,973.2751,1135.4624,715.7794,906.503,1052.7255,693.9675,891.2645,1017.65515
2026-01-09 17:00:00+00:00,1199.8642,1362.56685,1522.3610999999999,818.5667,981.26935,1141.0636,826.3718,986.32556,1147.3367,730.3179,921.2537,1066.0607,710.02673,907.2719,1033.152
2026-01-09 18:00:00+00:00,1133.19307,1296.3976,1454.8855,760.02637,923.2309,1081.7188,767.7753,928.17365,1088.0502,673.7886,865.0483,1008.24316,655.219,852.36926,977.4924
2026-01-09 19:00:00+00:00,1067.8436,1230.93176,1388.3613999999998,783.9777,947.06586,1104.4955,792.0126,952.07733,1111.0001,699.0177,890.5142,1032.2129,681.8957,879.0522,1003.3674
2026-01-09 20:00:00+00:00,997.8542,1160.7673,1316.9571,788.5375,951.4506,1107.6404,795.19244,955.5481,1113.5673,704.45874,896.11224,1036.3865,688.7304,885.7891,1009.57513
2026-01-09 21:00:00+00:00,986.7407499999999,1149.6914,1305.2953,731.64825,894.5989,1050.2028,737.20325,897.9659,1055.4452,648.79517,840.3942,979.8467,634.2377,831.056,954.5515
2026-01-09 22:00:00+00:00,953.9454499999999,1116.40626,1272.3037,703.27875,865.73956,1021.637,707.66547,868.4314,1026.0142,619.95917,811.36035,950.3542,605.97437,802.551,925.88074
2026-01-09 23:00:00+00:00,921.7092,1083.3303999999998,1240.4868,707.6892,869.3104,1026.4668,710.9087,871.37335,1030.0125,622.249,813.0231,952.3013,607.91785,804.0741,927.76764
2026-01-10 00:00:00+00:00,912.70444,1070.6493,1231.3017,738.97534,896.9202,1057.5726,740.84216,898.18097,1060.0295,641.44385,831.35614,972.5609,625.0514,820.93164,945.68176
2026-01-10 01:00:00+00:00,905.6802,1060.03274,1222.933,779.0769,933.42944,1096.3297,779.1019,933.5687,1097.5482,670.1807,859.4726,1002.0808,651.93384,847.728,973.17395
2026-01-10 02:00:00+00:00,919.12914,1070.93065,1235.5218,797.30164,949.10315,1113.6943,796.2814,948.61365,1114.3945,679.8965,868.3821,1012.46564,659.8086,855.3294,981.417
2026-01-10 03:00:00+00:00,933.3783,1083.0322999999999,1248.8474999999999,796.7283,946.3823,1112.1975,795.1008,945.8153,1112.8518,673.1771,860.7325,1006.101,651.091,846.4288,973.2472
2026-01-10 04:00:00+00:00,958.2499,1107.20455,1273.6767,768.7815,917.73615,1084.2083,767.73865,917.5669,1085.3779,640.9402,827.47156,973.97174,616.84753,811.8808,939.3593
2026-01-10 05:00:00+00:00,1017.51785,1165.7401,1332.4788,761.48975,909.712,1076.4507,762.24634,910.5413,1078.7068,629.9176,815.5821,964.2302,602.9314,797.64026,926.1239
2026-01-10 06:00:00+00:00,1084.20674,1231.0653,1398.9515000000001,788.03674,934.8953,1102.7815,790.83276,937.1302,1105.6327,652.2662,837.76245,988.3672,622.7817,817.1925,946.4382
2026-01-10 07:00:00+00:00,1130.4179,1276.51506,1445.2921000000001,772.8946,918.99176,1087.7688,776.8345,921.96075,1091.5358,634.9443,820.4023,972.8343,603.02875,797.24756,927.309
2026-01-10 08:00:00+00:00,1217.6142399999999,1362.0991,1531.4110999999998,786.42334,930.9082,1100.2202,790.9427,934.19775,1104.6272,645.32117,830.4946,984.22284,610.30005,804.4938,935.4826
2026-01-10 09:00:00+00:00,1237.9241,1380.9931000000001,1550.5689,776.3824,919.4514,1089.0272,781.44073,922.93115,1093.8527,633.8513,818.4956,973.27625,595.14685,789.22015,921.03723
2026-01-10 10:00:00+00:00,1235.52656,1376.4562,1546.319,766.40576,907.3354,1077.1982,771.71234,910.93243,1082.1533,623.2968,806.78345,963.0112,579.51685,773.48016,906.2453
2026-01-10 11:00:00+00:00,1254.1205,1392.662,1562.6741,751.2421,889.7836,1059.7957,756.8839,893.5658,1064.8271,609.06494,790.5949,948.00397,559.2312,752.75543,886.1857
2026-01-10 12:00:00+00:00,1209.8734,1346.21974,1516.2784,771.78,908.12634,1078.185,777.9564,912.1921,1083.4015,636.4397,814.5152,973.654,576.12805,769.4291,904.51935
2026-01-10 13:00:00+00:00,1107.05306,1241.9425999999999,1411.8004999999998,767.37476,902.2643,1072.1222,774.07855,906.70935,1077.5029,641.14087,816.4442,977.6945,570.8829,763.55743,900.79816
2026-01-10 14:00:00+00:00,1164.5661300000002,1297.703,1467.3690000000001,713.74023,846.8771,1016.5431,720.73065,851.68134,1022.03314,597.0407,769.0368,931.93805,517.5738,708.81067,848.37714
2026-01-10 15:00:00+00:00,1205.6363299999998,1336.4926999999998,1506.2166499999998,663.23303,794.0894,963.81335,669.6251,799.21277,968.7743,553.0841,721.9765,885.9556,465.89777,655.82715,797.061
2026-01-10 16:00:00+00:00,1248.07746,1376.4086,1545.9335,732.09326,860.4244,1029.9493,737.8137,865.81476,1034.3838,628.5582,794.07196,959.12115,531.96436,721.53937,864.26196
2026-01-10 17:00:00+00:00,1266.0049,1394.0274,1562.8526000000002,686.819,814.8415,983.6667,692.2977,820.11786,988.3185,594.5846,756.6937,922.51654,488.0528,678.2128,821.9224
2026-01-10 18:00:00+00:00,1146.3528500000002,1273.3645700000002,1441.43244,692.03705,819.04877,987.11664,697.2055,824.17303,991.89246,615.3108,771.4422,938.05066,497.05783,687.0978,833.945
2026-01-10 19:00:00+00:00,1092.05895,1218.1001,1385.5824499999999,681.48395,807.5251,975.00745,686.0998,812.3178,979.74084,618.4403,769.10626,936.16547,492.06784,680.91315,830.8149
2026-01-10 20:00:00+00:00,1073.817,1199.0589,1366.1786,657.7345,782.9764,950.0961,661.67834,787.3551,954.6228,604.8543,751.4149,918.76,474.81506,661.898,814.74414
2026-01-10 21:00:00+00:00,1056.04286,1180.8354,1347.4515000000001,626.04706,750.8396,917.4557,629.212,754.5193,921.6396,578.97473,722.9876,890.4433,448.10907,633.5256,788.19104
2026-01-10 22:00:00+00:00,1035.3875,1159.5006,1325.7427,598.9317,723.0448,889.2869,601.0092,726.0502,892.882,553.7743,696.3398,863.8175,423.76694,607.7571,763.49713
2026-01-10 23:00:00+00:00,1065.01084,1188.10404,1354.2825699999999,539.98334,663.07654,829.25507,540.9548,665.4646,832.3073,494.68835,636.35944,803.8835,366.20032,549.0067,705.7468
2026-01-11 00:00:00+00:00,1053.8257600000002,1170.9045,1336.8145,548.96576,666.0445,831.9545,547.4358,667.7736,833.6487,510.00348,644.1417,812.9607,373.54352,551.99414,712.3984
2026-01-11 01:00:00+00:00,973.8271,1089.79845,1254.3225,562.6296,678.60095,843.125,560.9663,680.17004,844.80634,534.5731,661.85,831.2881,394.6155,568.6109,731.80774
2026-01-11 02:00:00+00:00,988.3804399999999,1103.7127999999998,1267.1919699999999,568.26794,683.6003,847.07947,566.57983,685.1182,848.70874,542.6448,667.58417,837.75586,407.09454,577.77606,743.0597
2026-01-11 03:00:00+00:00,995.68146,1110.8626,1273.6652,539.50226,654.6834,817.486,537.9035,656.19684,819.1048,514.0804,638.7184,809.1116,384.0694,552.1699,718.849
2026-01-11 04:00:00+00:00,1026.56587,1141.774,1303.9561999999999,545.76917,660.9773,823.1595,544.43176,662.55505,824.78436,522.7863,646.99255,816.78143,401.66498,565.9396,734.1426
2026-01-11 05:00:00+00:00,1087.62025,1202.96155,1364.6981,498.93195,614.27325,776.0098,497.96466,615.9951,777.66486,479.48077,603.2982,771.87506,373.09616,531.4397,700.4746
2026-01-11 06:00:00+00:00,1115.5589,1230.66086,1391.4837300000002,522.4498,637.55176,798.37463,521.86536,639.42596,800.0736,506.8362,629.4986,796.2422,417.5265,568.46466,739.66675
2026-01-11 07:00:00+00:00,1122.51757,1237.7104400000003,1397.8839600000001,542.33417,657.52704,817.70056,542.0567,659.53955,819.39465,529.6275,651.5049,816.7564,459.7779,603.43396,777.7331
2026-01-11 08:00:00+00:00,1127.6807,1243.2557000000002,1403.1794,552.7923,668.3673,828.291,552.60156,670.5525,829.9437,542.1303,663.69336,827.9927,492.0468,627.9522,803.69354
2026-01-11 09:00:00+00:00,1191.2651,1307.3832,1467.1906,546.1401,662.2582,822.0656,546.22205,664.6323,823.6737,536.10693,657.88257,821.95404,501.4926,632.5302,807.6917
2026-01-11 10:00:00+00:00,1188.9783,1305.37684,1464.8420999999998,574.2925,690.69104,850.1563,574.6467,693.1761,851.7162,565.52844,687.0413,850.3423,539.59045,668.7232,841.4914
2026-01-11 11:00:00+00:00,1181.9618,1298.6825,1458.0634,590.6168,707.3375,866.7184,591.0934,709.8413,868.2545,582.6537,704.1348,867.08215,561.3859,689.6096,860.7339
2026-01-11 12:00:00+00:00,1188.1905000000002,1305.08185,1464.3622,608.1988,725.09015,884.3705,608.5738,727.61395,885.9812,600.18024,721.9166,884.89624,578.6925,707.2803,878.6481
2026-01-11 13:00:00+00:00,1196.25326,1313.02475,1472.0331,655.72076,772.49225,931.5006,655.7222,774.89087,933.2043,646.4843,768.7316,932.0353,623.8094,753.16394,925.2245
2026-01-11 14:00:00+00:00,1212.11805,1329.1658400000001,1488.48993,651.56635,768.61414,927.93823,651.70435,770.8434,929.6151,641.16254,764.0497,928.1637,617.56683,747.6033,920.5272
2026-01-11 15:00:00+00:00,1181.0612999999998,1297.9201400000002,1457.5172,644.9771,761.83594,921.433,645.2109,763.9933,922.9854,634.09186,756.76715,921.244,608.7472,738.6414,912.20514
2026-01-11 16:00:00+00:00,1243.4095000000002,1359.68135,1519.363,607.2395,723.51135,883.193,607.41095,725.6338,884.70715,596.483,718.4575,882.8356,571.22723,700.3064,873.5635
2026-01-11 17:00:00+00:00,1222.05583,1337.7176,1497.1152000000002,564.34503,680.0068,839.4044,564.47516,682.04205,840.8676,554.58075,675.51166,839.09406,531.8275,659.2336,830.9739
2026-01-11 18:00:00+00:00,1184.06677,1298.56475,1457.1805,578.11597,692.61395,851.2297,578.1176,694.49475,852.65924,568.783,688.2811,850.9125,548.20483,673.5223,843.6843
2026-01-11 19:00:00+00:00,1060.2669999999998,1174.8617,1333.7195,624.3479,738.9426,897.8004,623.9586,740.509,899.1134,614.2752,733.9656,897.10944,594.85144,719.7309,890.01294
2026-01-11 20:00:00+00:00,1111.9211599999999,1225.76467,1384.92275,630.00946,743.85297,903.01105,629.9064,745.6456,904.2322,619.35724,738.3638,901.7494,600.4257,724.19147,894.2562
2026-01-11 21:00:00+00:00,1042.3862,1154.9665,1313.9063,607.8737,720.454,879.3938,607.748,722.1775,880.3926,596.4079,714.1417,877.3266,575.0794,699.3988,868.0786
2026-01-11 22:00:00+00:00,1019.4531000000001,1131.559,1290.8019,595.2448,707.3507,866.5936,594.9233,708.6605,867.2302,583.3754,700.30023,863.82623,558.9143,684.4214,852.54614
2026-01-11 23:00:00+00:00,1077.8059,1189.3541,1348.9666,587.9384,699.4866,859.0991,587.6385,700.61926,859.5286,576.4422,692.37256,855.97906,549.0495,675.38617,842.85046
2026-01-12 00:00:00+00:00,1084.003,1194.5428,1353.6965,583.8955,694.4353,853.589,583.68933,695.5084,853.92847,573.60205,688.0847,850.7994,547.21826,671.6176,838.38605
2026-01-12 01:00:00+00:00,1069.3082,1179.4001,1338.3517000000002,630.2715,740.3634,899.315,630.29083,741.41516,899.588,621.1228,734.70825,896.8786,596.97473,719.43555,885.9249
2026-01-12 02:00:00+00:00,1070.0182,1180.37114,1339.5965,627.5115,737.86444,897.0898,627.75867,738.95844,897.3937,619.2601,732.77954,894.9917,597.81165,718.9224,885.555
2026-01-12 03:00:00+00:00,1057.9506,1168.6179,1328.2051999999999,612.2039,722.8712,882.4585,612.8584,724.1703,882.8201,604.45337,718.09985,880.5564,584.60297,705.12305,872.0277
2026-01-12 04:00:00+00:00,1157.3054,1268.1817999999998,1428.01856,637.2479,748.1243,907.96106,638.22,749.63513,908.3859,629.21326,743.198,906.10974,608.7967,729.8343,897.50195
2026-01-12 05:00:00+00:00,1237.5292399999998,1349.1829,1509.6287,728.61334,840.267,1000.7128,729.73737,841.8001,1001.10815,719.6555,834.6599,998.66296,695.87036,819.5004,988.5852
2026-01-12 06:00:00+00:00,1322.8372,1436.4494,1598.4767000000002,859.8864,973.4986,1135.5259,861.04755,974.9662,1135.8774,851.12006,967.97095,1133.4702,827.16473,952.9313,1123.4185
2026-01-12 07:00:00+00:00,1342.4171999999999,1459.05105,1623.5481,886.6947,1003.32855,1167.8256,887.8167,1004.73096,1168.1993,878.2649,997.9193,1165.6617,854.2598,983.2936,1155.2747
2026-01-12 08:00:00+00:00,1353.93235,1473.2963,1639.7904,912.29645,1031.6604,1198.1545,913.5566,1033.153,1198.5634,904.59174,1026.6704,1195.9388,882.0032,1013.3164,1185.8813
2026-01-12 09:00:00+00:00,1335.6466,1457.0553,1625.0603,926.5491,1047.9578,1215.9628,928.0229,1049.5133,1216.3169,919.8421,1043.7261,1213.6174,899.2935,1031.7103,1204.3438
2026-01-12 10:00:00+00:00,1349.281,1471.6529,1640.3379,950.7519,1073.1238,1241.8088,952.5772,1074.6819,1242.1053,945.85803,1070.0131,1239.7175,928.95996,1060.1676,1232.1641
2026-01-12 11:00:00+00:00,1341.0334,1464.3858,1633.2305000000001,938.9701,1062.3225,1231.1672,941.2884,1063.8684,1231.5576,936.1096,1060.3062,1229.6248,922.4705,1052.3453,1223.6036
2026-01-12 12:00:00+00:00,1321.89824,1446.2688,1615.1403,925.57654,1049.9471,1218.8186,928.2374,1051.538,1219.2726,923.9444,1048.6053,1217.6157,913.03925,1042.179,1212.7812
2026-01-12 13:00:00+00:00,1281.72756,1406.5603,1575.4313,923.29926,1048.132,1217.003,926.1564,1049.9589,1217.4753,922.54675,1047.3502,1216.1454,912.99133,1041.6467,1211.9147
2026-01-12 14:00:00+00:00,1277.32026,1401.4605999999999,1569.9162999999999,901.25366,1025.394,1193.8497,904.22644,1027.5051,1194.3192,901.2116,1025.2627,1193.2567,892.2506,1019.7157,1189.3439
2026-01-12 15:00:00+00:00,1269.2890000000002,1392.2905,1559.9849,847.6665,970.668,1138.3624,850.6268,972.9891,1138.8025,848.0609,971.0887,1137.9141,839.66486,965.6444,1134.3523
2026-01-12 16:00:00+00:00,1277.1142,1398.558,1565.1126,861.1876,982.6314,1149.186,864.0928,985.0585,1149.5504,861.7243,983.3181,1148.7528,852.92303,977.5049,1145.1176
2026-01-12 17:00:00+00:00,1234.90615,1355.5855999999999,1521.2211,872.66785,993.3473,1158.9828,875.656,995.6062,1159.3331,873.3686,993.9244,1158.5483,863.84344,987.83563,1154.4667
2026-01-12 18:00:00+00:00,1232.22195,1352.83034,1517.8802,847.86945,968.47784,1133.5277,851.17804,970.51074,1134.0187,848.8845,968.8501,1133.1675,839.18713,962.9736,1128.7839
2026-01-12 19:00:00+00:00,1157.89456,1278.2355699999998,1442.4973,850.42706,970.76807,1135.0298,853.92505,972.64014,1135.6069,851.25616,971.0414,1134.4751,841.95105,965.3861,1130.1792
2026-01-12 20:00:00+00:00,1119.4180999999999,1240.06136,1404.1554999999998,798.4356,919.07886,1083.173,801.5494,920.6826,1083.4393,799.122,919.2102,1082.3639,790.32336,913.9197,1078.2511
2026-01-12 21:00:00+00:00,1058.5034,1177.9254,1340.9117999999999,731.1334,850.5554,1013.5418,734.31104,852.1886,1013.6792,731.9997,850.77203,1012.62555,724.2147,846.0824,1008.94196
2026-01-12 22:00:00+00:00,1042.70485,1160.1401500000002,1321.99477,698.58325,816.01855,977.87317,701.72595,817.60754,977.8546,699.322,816.1363,976.76447,692.5446,811.9788,973.52234
2026-01-12 23:00:00+00:00,1071.4027,1187.36887,1348.55826,678.9294,794.89557,956.08496,682.18085,796.5117,956.04895,679.6321,794.9553,954.9063,673.48987,791.13837,951.95654
2026-01-13 00:00:00+00:00,1091.43416,1207.33785,1367.9207000000001,662.39496,778.29865,938.8815,665.962,780.18774,939.2733,663.4928,778.6414,938.08215,656.54736,774.5785,934.8283
2026-01-13 01:00:00+00:00,1093.5830500000002,1210.0679,1370.3926999999999,657.62885,774.1137,934.4385,661.75867,776.2727,935.29083,658.9491,774.6508,933.99976,651.3322,770.2513,930.3817
2026-01-13 02:00:00+00:00,1071.5931600000001,1189.1461,1349.5495,648.36066,765.9136,926.317,652.6801,768.2489,927.5547,650.3183,766.8891,926.4372,642.95135,762.60455,922.8455
2026-01-13 03:00:00+00:00,1050.9270999999999,1169.1711599999999,1329.90254,653.9963,772.24036,932.97174,658.2887,774.62177,934.4203,654.8983,772.6571,932.81854,645.2078,766.96484,927.98987
2026-01-13 04:00:00+00:00,1160.8855,1279.6503,1441.1852,674.0438,792.8086,954.3435,678.10205,795.1307,955.85767,672.71045,792.0092,953.3159,659.85236,784.4052,946.7772
2026-01-13 05:00:00+00:00,1247.4047,1367.4773,1530.2057,785.2589,905.3315,1068.0599,789.191,907.63306,1069.7913,782.4657,903.72723,1066.6272,767.0905,894.59436,1058.7035
2026-01-13 06:00:00+00:00,1370.36445,1493.9186,1658.7514,904.43695,1027.9911,1192.8239,908.19104,1030.2458,1194.8291,900.6568,1025.8174,1191.1664,880.8726,1014.01794,1180.5007
2026-01-13 07:00:00+00:00,1367.1529,1496.1647400000002,1663.4728,889.6004,1018.61224,1185.9203,893.9287,1021.2487,1188.5343,885.94025,1016.45776,1184.3911,861.3118,1001.4949,1170.2101
2026-01-13 08:00:00+00:00,1426.39194,1559.29635,1727.6807,885.78864,1018.69305,1187.0774,892.0865,1022.4274,1190.9456,882.2818,1016.7071,1185.7694,856.5815,1000.7742,1170.4462
2026-01-13 09:00:00+00:00,1417.2711,1552.2613,1720.7012,890.2736,1025.2638,1193.7037,897.3936,1029.4918,1198.13,888.4481,1024.2693,1193.3605,865.71655,1010.3202,1179.7556
2026-01-13 10:00:00+00:00,1360.4248,1496.7168000000001,1665.6295,842.6607,978.9527,1147.8654,849.90173,983.2176,1152.3816,842.8493,979.10767,1148.6316,825.73517,968.7303,1138.6635
2026-01-13 11:00:00+00:00,1333.10653,1468.8786,1637.7460999999998,811.75653,947.5286,1116.3961,819.7174,952.1958,1121.2639,814.63135,949.25494,1118.6011,803.2317,942.53894,1112.2766
2026-01-13 12:00:00+00:00,1239.3564000000001,1373.88797,1542.5367,779.3297,913.86127,1082.51,787.4863,918.60785,1087.3503,783.82764,916.51355,1085.478,776.3889,912.1979,1081.4996
2026-01-13 13:00:00+00:00,1325.64556,1458.1861000000001,1626.1685,814.77136,947.3119,1115.2943,823.154,952.0762,1120.0024,820.75006,950.7108,1118.8048,816.1759,948.0937,1116.4495
2026-01-13 14:00:00+00:00,1349.3043400000001,1480.0704,1647.1684,829.64264,960.4087,1127.5067,838.00275,965.16925,1132.099,836.33954,964.19476,1131.2864,833.5514,962.6061,1129.8795
2026-01-13 15:00:00+00:00,1345.3854999999999,1474.3074499999998,1640.26,792.838,921.75995,1087.7125,801.4135,926.63885,1092.2922,799.4837,925.53143,1091.3741,796.9695,924.1117,1090.1439
2026-01-13 16:00:00+00:00,1270.7516,1397.7847000000002,1562.5608,871.4916,998.5247,1163.3008,880.0766,1003.4763,1167.8479,878.1326,1002.3451,1166.9274,875.6392,1000.9564,1165.7505
2026-01-13 17:00:00+00:00,1320.03263,1447.21616,1611.0965,886.44763,1013.63116,1177.5115,895.6984,1018.9095,1182.3851,893.0423,1017.4428,1181.1445,890.14075,1015.82904,1179.7639
2026-01-13 18:00:00+00:00,1311.9858,1440.0842699999998,1602.6198,769.2733,897.37177,1059.9073,778.74927,902.837,1065.0233,775.5547,901.0525,1063.4705,771.90515,898.99615,1061.6572
2026-01-13 19:00:00+00:00,1223.1345500000002,1349.5503,1510.8019000000002,623.59875,750.0145,911.2661,632.26227,755.0594,915.93317,628.1495,752.7484,913.9146,622.831,749.7268,911.2263
2026-01-13 20:00:00+00:00,1180.9324,1303.042,1462.89934,540.6732,662.7828,822.64014,548.3597,667.21326,826.5524,543.5908,664.55554,824.27893,536.05566,660.2916,820.5405
2026-01-13 21:00:00+00:00,1092.3552399999999,1209.78676,1368.54824,471.82104,589.25256,748.01404,477.72986,592.729,750.9855,473.6339,590.31476,749.0408,463.78995,584.6868,744.2665
2026-01-13 22:00:00+00:00,1115.59974,1228.5731,1386.1431,435.24304,548.2164,705.7864,440.18274,551.3026,708.34595,436.35455,548.9155,706.5226,425.52936,542.4774,701.30524
2026-01-13 23:00:00+00:00,1098.42088,1208.09764,1364.55094,383.77588,493.45264,649.90594,388.36066,496.178,652.0847,384.33,493.7185,650.3017,373.47745,486.9941,645.0374
2026-01-14 00:00:00+00:00,1084.7346699999998,1194.1138799999999,1350.2093,366.18967,475.56888,631.6643,369.8414,477.64935,633.605,366.33426,475.44855,631.91614,355.59238,468.93118,626.5886
2026-01-14 01:00:00+00:00,1096.2137400000001,1205.69208,1361.5481,370.37704,479.85538,635.7114,373.4001,481.5265,637.59503,370.04373,479.37225,635.85724,358.8413,472.7343,630.2154
2026-01-14 02:00:00+00:00,1098.7875800000002,1209.1703,1365.0103,365.75928,476.142,631.982,368.69827,477.64252,634.0879,364.26505,475.0237,631.8922,352.0008,467.5912,625.3066
2026-01-14 03:00:00+00:00,1125.45176,1237.01115,1393.09205,351.97336,463.53275,619.61365,354.4321,464.77814,621.7991,348.49063,461.21426,618.74915,332.0538,451.17874,609.5271
2026-01-14 04:00:00+00:00,1176.8695,1289.44824,1446.3471599999998,391.3562,503.93494,660.83386,393.6817,505.2307,663.3008,385.0421,500.0039,658.7959,362.58176,486.32925,645.9011
2026-01-14 05:00:00+00:00,1307.44143,1421.2825,1579.4446699999999,391.71643,505.5575,663.71967,393.82642,506.97296,666.51874,380.47778,498.82663,659.46454,350.98395,480.8923,642.1847
2026-01-14 06:00:00+00:00,1356.0349,1471.6108,1631.4608,451.8932,567.4691,727.3191,454.10916,569.3159,730.74835,435.16623,557.8324,720.65247,400.46558,536.2695,699.6728
2026-01-14 07:00:00+00:00,1382.6680999999999,1500.4403499999999,1662.027,478.4089,596.18115,757.7678,481.22577,598.69147,761.9813,456.40683,583.69226,748.5239,415.13702,557.6895,722.8903
2026-01-14 08:00:00+00:00,1387.627,1507.4526,1670.06636,515.1937,635.0193,797.63306,519.49866,638.5768,802.93427,487.00903,619.1154,784.916,438.92648,588.4045,754.5945
2026-01-14 09:00:00+00:00,1424.31744,1545.9214,1709.0387,614.56244,736.1664,899.2837,620.6038,740.70636,905.57794,580.60175,716.76917,882.8252,528.715,683.40967,849.36957
2026-01-14 10:00:00+00:00,1384.1655,1508.6785599999998,1671.8283999999999,610.2497,734.76276,897.9126,617.15936,739.69025,904.59875,569.3162,710.4251,876.11816,514.09155,674.73553,839.67017
2026-01-14 11:00:00+00:00,1400.3895,1526.89556,1689.47985,596.8079,723.31396,885.89825,604.18854,728.5065,892.76166,548.8031,693.76733,858.5023,491.5531,656.77496,820.147
2026-01-14 12:00:00+00:00,1321.2649999999999,1448.3423,1610.0081,600.3958,727.4731,889.1389,608.01807,732.8117,895.98804,546.7675,694.20624,857.93567,485.1505,653.98834,815.5089
2026-01-14 13:00:00+00:00,1406.3781,1533.9569999999999,1694.6986,610.2048,737.7837,898.5253,618.2158,743.2974,905.4101,552.12146,701.68353,864.818,487.0278,658.5098,818.1432
2026-01-14 14:00:00+00:00,1400.4542999999999,1527.9997600000002,1687.8734,593.1277,720.67316,880.5468,601.4946,726.4148,887.54645,525.88654,678.9706,841.2037,455.88647,631.6272,787.9047
2026-01-14 15:00:00+00:00,1388.7663499999999,1515.8134,1674.6725000000001,629.68225,756.7293,915.5884,638.48755,762.7136,922.72046,551.27325,707.9939,869.71423,477.73712,658.29456,810.81226
2026-01-14 16:00:00+00:00,1333.0221999999999,1460.0857999999998,1617.8285,593.1738,720.2374,877.9801,602.41266,726.4716,885.394,502.7,663.3882,824.34814,429.87784,614.1753,764.1636
2026-01-14 17:00:00+00:00,1294.90076,1421.72046,1578.4283,597.65326,724.47296,881.1808,607.48376,731.07294,888.97656,496.88348,660.48596,820.35004,425.19208,612.60175,759.617
2026-01-14 18:00:00+00:00,1266.1093700000001,1392.6447,1548.1865,611.15857,737.6939,893.2357,621.36694,744.50336,901.1588,505.2531,670.0717,828.6602,434.73627,624.0908,768.7537
2026-01-14 19:00:00+00:00,1211.42834,1337.5447399999998,1491.34466,631.99664,758.11304,911.91296,642.1875,764.89404,919.803,522.7152,688.0391,844.89557,453.51297,644.01324,786.2029
2026-01-14 20:00:00+00:00,1159.52593,1286.1388,1438.3598,653.51843,780.1313,932.3523,664.1727,786.9079,940.0453,543.72797,709.59937,864.7767,475.84412,667.0288,806.9699
2026-01-14 21:00:00+00:00,1086.9424,1214.57876,1365.69314,638.4024,766.03876,917.15314,647.84546,771.6351,923.739,527.51447,694.91754,848.0232,462.81183,654.65393,792.2481
2026-01-14 22:00:00+00:00,1083.10984,1211.87376,1362.3691,627.33154,756.09546,906.5908,635.4684,761.0134,912.5463,514.2126,683.7907,834.5388,453.87274,646.57104,782.0448
2026-01-14 23:00:00+00:00,1012.2938999999999,1141.8564499999998,1291.84296,624.3072,753.86975,903.85626,631.19214,758.0015,909.3032,507.61572,679.05475,828.3091,452.1305,645.73,779.20984
2026-01-15 00:00:00+00:00,1049.8393999999998,1184.5526599999998,1335.3787,622.8919,757.60516,908.4312,627.5131,760.40607,912.9933,509.0986,684.2855,831.5532,463.03815,657.5511,788.81964
2026-01-15 01:00:00+00:00,1049.2242,1188.7368999999999,1340.2179,606.3833,745.896,897.377,608.7174,747.3339,901.0987,496.14844,675.90955,821.2305,458.3567,653.6719,782.9573
2026-01-15 02:00:00+00:00,1016.7647000000001,1159.95425,1312.1058600000001,586.2897,729.47925,881.63086,587.00574,729.94696,884.7495,480.0577,662.91406,806.78235,447.56787,643.4238,771.2543
2026-01-15 03:00:00+00:00,999.8999,1145.9053,1298.62317,590.7724,736.7778,889.49567,590.3688,736.59375,892.1646,486.92136,671.93445,814.89935,457.84598,654.12085,781.1693
2026-01-15 04:00:00+00:00,1093.56253,1242.0853,1395.541,616.03253,764.5553,918.011,614.673,763.7505,920.3986,513.7499,700.3575,843.195,486.63812,683.30896,810.0953
2026-01-15 05:00:00+00:00,1210.1414,1361.2437599999998,1515.3528000000001,680.6856,831.78796,985.897,679.1616,830.9161,988.50275,580.4591,768.1048,911.2399,554.6881,751.688,878.7851
2026-01-15 06:00:00+00:00,1251.3519999999999,1405.87135,1560.9551999999999,753.677,908.19635,1063.2802,752.6377,907.7373,1066.271,658.5165,846.76135,991.2752,632.61035,830.18994,958.4749
2026-01-15 07:00:00+00:00,1304.5737,1463.2354,1619.1152,732.2096,890.8713,1046.7511,732.1195,891.08795,1050.6411,643.9209,832.7552,979.237,617.647,816.01624,946.2127
2026-01-15 08:00:00+00:00,1305.0743000000002,1466.5514400000002,1623.2440000000001,751.5134,912.99054,1069.6831,752.29395,913.8317,1074.2257,668.42957,857.2738,1005.51154,641.32025,840.0904,972.15106
2026-01-15 09:00:00+00:00,1309.3746999999998,1472.72194,1630.0073,720.8247,884.17194,1041.4573,723.00995,885.88824,1046.9648,642.3308,830.4639,980.4895,613.42694,812.2517,946.1001
2026-01-15 10:00:00+00:00,1307.9281,1471.7440000000001,1629.4061000000002,696.0889,859.9048,1017.5669,699.2228,862.26025,1023.61066,620.2483,807.2315,958.5081,589.56055,788.1016,924.05206
2026-01-15 11:00:00+00:00,1318.9379,1482.2091,1640.4212,679.822,843.0932,1001.3053,683.62085,845.8143,1007.3826,605.48895,790.61816,943.00244,572.90674,770.6427,909.36475
2026-01-15 12:00:00+00:00,1307.5614500000001,1469.6248,1628.2883000000002,664.73645,826.7998,985.4633,669.31506,829.9054,991.6812,595.849,778.0585,932.0286,559.1869,755.0767,898.4337
2026-01-15 13:00:00+00:00,1297.20416,1457.6678,1616.5889,669.90326,830.3669,989.288,675.725,834.1683,995.94183,606.06934,786.10956,940.99457,565.07837,758.8137,905.06226
2026-01-15 14:00:00+00:00,1294.66623,1453.5472,1612.34977,674.82623,833.7072,992.50977,681.56433,837.9748,999.52997,614.9258,793.09717,948.9798,570.1697,762.0609,909.7302
2026-01-15 15:00:00+00:00,1237.5756000000001,1395.25643,1554.4734,719.0439,876.72473,1035.9417,726.4874,881.328,1043.1128,661.1117,837.84467,994.7181,614.60205,804.94617,953.68744
2026-01-15 16:00:00+00:00,1237.4981,1394.95467,1553.77376,695.3198,852.77637,1011.59546,703.6538,857.82874,1019.28625,638.858,814.82806,971.4999,592.786,782.3659,931.5641
2026-01-15 17:00:00+00:00,1249.8845,1407.0085,1565.03587,651.9104,809.0344,967.06177,660.7334,814.3734,974.9977,594.9336,770.64435,926.2217,550.2099,739.5534,888.1869
2026-01-15 18:00:00+00:00,1179.74,1335.6204,1493.2859,580.9608,736.8412,894.5067,589.5539,741.96454,901.961,525.7005,699.72595,855.25757,479.42783,667.71423,816.09937
2026-01-15 19:00:00+00:00,1133.8597399999999,1287.5818,1445.2035999999998,595.21564,748.9377,906.5595,603.40674,753.8198,913.69,539.4516,711.71533,867.4098,492.39783,679.35156,827.60657
2026-01-15 20:00:00+00:00,1057.5899,1209.77395,1367.28396,589.5474,741.73145,899.24146,596.79144,746.05646,905.978,532.27014,703.58777,859.13135,485.23492,671.55084,819.24695
2026-01-15 21:00:00+00:00,1003.5838699999999,1154.8689,1312.2474,539.38727,690.6723,848.0508,545.21246,694.12134,854.1144,478.85492,650.3601,805.4657,432.67538,619.3517,765.8974
2026-01-15 22:00:00+00:00,976.9109000000001,1126.78354,1284.1185600000001,513.9293,663.80194,821.13696,518.1083,666.2574,826.35126,447.9974,620.0434,774.5952,402.98267,590.09076,735.21204
2026-01-15 23:00:00+00:00,978.01593,1126.37244,1283.9367000000002,465.64343,613.99994,771.5642,468.4969,615.74054,775.8452,395.50488,567.60156,722.09503,350.9851,538.22266,682.5255
2026-01-16 00:00:00+00:00,950.013,1096.57826,1255.6688,438.088,584.65326,743.7438,438.70782,585.16974,746.41296,365.89285,536.88025,693.6071,318.98154,505.52728,650.96625
2026-01-16 01:00:00+00:00,937.9195,1082.44813,1242.0943,431.6654,576.19403,735.8402,429.84045,575.20404,737.3096,355.93115,526.0388,684.43463,306.6943,492.69208,638.8494
2026-01-16 02:00:00+00:00,962.7539400000001,1105.2145,1265.3101,456.72394,599.1845,759.2801,452.7281,596.8724,759.7565,377.96838,547.3249,707.2903,326.64917,512.09296,659.0466
2026-01-16 03:00:00+00:00,1013.76834,1154.99585,1315.4252299999998,461.01004,602.23755,762.66693,455.44977,599.02454,762.51514,380.93262,549.76306,711.26514,327.37866,512.70856,660.4388
2026-01-16 04:00:00+00:00,1118.3521999999998,1258.8411299999998,1419.7059,434.3655,574.85443,735.7192,428.36563,571.4195,735.30927,354.4912,522.86743,685.8997,298.7925,483.9816,632.93866
2026-01-16 05:00:00+00:00,1166.682,1306.3462,1468.2802000000001,542.5328,682.197,844.131,538.063,679.93524,843.9912,462.99707,631.00775,795.513,405.06995,589.7717,740.50946
2026-01-16 06:00:00+00:00,1222.0932000000003,1363.69124,1527.02315,597.2332,738.83124,902.16315,594.86346,738.0929,903.25543,517.49286,687.2282,852.5525,460.59906,646.0381,797.4949
2026-01-16 07:00:00+00:00,1216.2722,1360.8883700000001,1525.30914,614.8206,759.43677,923.85754,614.20154,759.8854,926.4501,533.9199,706.4428,871.8558,478.7998,665.97394,816.5532
2026-01-16 08:00:00+00:00,1259.49964,1406.4824,1571.45716,650.89294,797.8757,962.85046,651.6522,799.1687,966.6677,570.67773,744.9342,910.3601,517.0521,705.05804,856.18353
2026-01-16 09:00:00+00:00,1272.7595999999999,1421.8406,1586.7686999999999,671.1604,820.2414,985.1695,672.8281,821.96704,989.8291,594.0633,769.1184,934.351,542.0851,730.3862,882.32825
2026-01-16 10:00:00+00:00,1309.0023999999999,1459.5764,1624.0825399999999,636.2749,786.8489,951.35504,638.6711,788.9331,956.6789,560.6804,736.50085,900.9886,511.79684,700.2328,852.48615
2026-01-16 11:00:00+00:00,1310.3225,1461.1841,1625.3273399999998,641.2617,792.1233,956.26654,644.28357,794.61273,961.8401,565.89856,742.02136,905.8991,518.615,707.0462,859.4188
2026-01-16 12:00:00+00:00,1283.1049,1434.0452,1597.6336999999999,616.0066,766.9469,930.5354,619.7008,769.84467,936.32385,540.98016,717.23035,880.44073,495.06345,683.4179,835.715
2026-01-16 13:00:00+00:00,1286.9855000000002,1436.80365,1599.7087000000001,653.9913,803.80945,966.7145,658.14124,807.00977,972.5919,578.1999,753.97144,916.5128,532.99805,720.8629,873.10583
2026-01-16 14:00:00+00:00,1318.84673,1468.1657599999999,1630.5389,689.84753,839.16656,1001.5397,694.3569,842.42035,1007.2228,609.8481,786.45306,947.72766,565.2992,753.181,904.153
2026-01-16 15:00:00+00:00,1297.31374,1447.0391,1609.0973,776.20874,925.9341,1087.9923,781.37274,929.27356,1093.55,689.23303,867.5924,1026.7146,646.6207,835.56085,983.8447
2026-01-16 16:00:00+00:00,1281.5813,1433.69353,1595.2501,762.5171,914.62933,1076.1859,768.48,918.40356,1082.1016,671.58746,852.64,1008.42267,632.346,823.74176,967.66376
2026-01-16 17:00:00+00:00,1166.9368,1321.3917000000001,1482.2692000000002,790.0826,944.5375,1105.415,796.3938,948.47296,1111.4541,698.1821,881.337,1033.71,662.3721,855.4939,995.5751
2026-01-16 18:00:00+00:00,1153.25926,1309.6786299999999,1469.2151,752.25836,908.67773,1068.2142,758.4941,912.4998,1074.3301,661.5462,845.21,996.2039,628.9082,823.4539,959.9322
2026-01-16 19:00:00+00:00,1148.0408,1305.4608,1463.7217999999998,722.2533,879.6733,1037.9343,727.5661,882.84015,1043.5454,631.31647,816.3649,965.24176,602.5276,797.65265,930.9291
2026-01-16 20:00:00+00:00,1116.0907499999998,1273.6821,1431.3352,712.89825,870.4896,1028.1427,716.8547,872.71844,1032.8306,620.78925,807.1863,954.0309,594.9347,790.3723,921.4411
2026-01-16 21:00:00+00:00,1045.55483,1203.0761400000001,1360.1990999999998,713.70483,871.22614,1028.3491,716.11975,872.4098,1032.0322,620.75977,808.34894,953.35986,597.47595,793.1869,922.5892
2026-01-16 22:00:00+00:00,1028.2797,1185.6459,1342.2397,740.0955,897.4617,1054.0555,740.89484,897.5731,1056.7683,646.60864,835.2037,978.49725,625.6476,821.52997,949.4524
2026-01-16 23:00:00+00:00,955.4996000000001,1113.3364000000001,1269.3497,752.5188,910.3556,1066.3689,751.84894,909.49274,1068.1321,660.2053,849.746,991.47565,641.24146,837.42584,964.1229
2026-01-17 00:00:00+00:00,975.2623,1130.7489,1288.656,745.0281,900.5147,1058.4218,742.9101,898.61505,1059.0234,645.50977,835.0519,977.78265,625.51514,822.22345,949.3503
2026-01-17 01:00:00+00:00,1002.76055,1155.6977499999998,1314.9062399999998,690.81555,843.75275,1002.96124,687.0993,840.81274,1002.60095,583.7681,773.05237,917.0383,561.88873,758.9849,886.6742
2026-01-17 02:00:00+00:00,963.1439,1112.72896,1273.4069,717.7698,867.35486,1028.0328,713.29254,864.1339,1026.7357,602.3629,790.5892,936.11786,577.7977,774.8379,903.3977
2026-01-17 03:00:00+00:00,965.69225,1112.74364,1273.7346,696.66895,843.72034,1004.7113,691.4091,840.081,1003.1995,574.4601,761.87213,908.6587,547.64185,744.70795,873.9619
2026-01-17 04:00:00+00:00,993.004,1138.1956,1299.40615,685.7115,830.9031,992.11365,679.68713,826.5028,990.02515,558.82104,744.97327,893.57416,528.88135,726.0153,856.8498
2026-01-17 05:00:00+00:00,1016.8885700000001,1161.36415,1323.1607,702.65607,847.13165,1008.9282,696.2677,842.4888,1006.75903,574.1184,758.8516,909.61066,540.01636,736.963,870.56854
2026-01-17 06:00:00+00:00,1089.4128,1233.74644,1396.8709,734.8953,879.22894,1042.3534,729.763,875.60596,1040.4498,607.8044,790.7937,944.94434,569.5581,765.8,902.1897
2026-01-17 07:00:00+00:00,1160.6661000000001,1305.4208,1469.3586400000002,674.9786,819.7333,983.67114,671.0135,817.02893,982.0045,550.584,732.78625,889.06714,509.4047,705.0272,843.5894
2026-01-17 08:00:00+00:00,1199.5647,1343.13674,1507.6857,657.0106,800.58264,965.1316,653.9586,798.72327,963.52106,532.46356,713.6162,872.0431,488.0854,682.8262,823.4015
2026-01-17 09:00:00+00:00,1190.5281599999998,1332.4993,1497.8593999999998,667.22736,809.1985,974.5586,664.87213,807.834,973.60236,545.56836,725.3358,886.80316,495.9108,689.6134,833.0691
2026-01-17 10:00:00+00:00,1181.71587,1322.32646,1488.2258,634.01917,774.62976,940.5291,632.48413,773.8373,940.3031,515.10803,693.71185,857.0061,461.65573,654.207,800.1881
2026-01-17 11:00:00+00:00,1180.01504,1317.9623,1484.297,605.41254,743.3598,909.6945,604.75824,743.2233,910.14746,492.0362,667.74475,832.66223,430.77094,621.7538,770.19073
2026-01-17 12:00:00+00:00,1192.2764000000002,1326.64133,1493.1214,596.3739,730.73883,897.2189,596.51306,731.17017,898.2014,493.91754,664.2042,830.74664,422.73868,611.9755,764.4458
2026-01-17 13:00:00+00:00,1216.5382,1347.3882,1513.7348000000002,604.5032,735.3532,901.6998,605.5551,736.4061,903.31165,511.98877,676.4726,843.4091,434.3131,620.86414,777.17706
2026-01-17 14:00:00+00:00,1218.90704,1346.6856,1512.99554,612.28284,740.0614,906.37134,614.3546,741.8855,908.77,528.39954,687.69037,854.3835,445.61273,629.2218,787.3623
2026-01-17 15:00:00+00:00,1238.4207000000001,1363.5839,1529.884,628.6065,753.7697,920.0698,631.48004,756.2854,923.18866,550.592,705.93823,872.99347,464.58658,645.6448,805.17566
2026-01-17 16:00:00+00:00,1192.4674499999999,1316.0910999999999,1482.1897399999998,592.75415,716.3778,882.47644,596.2,719.4069,886.1432,520.2185,672.6705,839.96967,433.82294,612.944,774.2531
2026-01-17 17:00:00+00:00,1173.4818999999998,1295.0965299999998,1460.77396,628.0794,749.69403,915.37146,631.19257,753.0151,919.0973,560.32947,709.5985,876.99304,474.18185,650.96234,813.7409
2026-01-17 18:00:00+00:00,1218.2663000000002,1339.4266000000002,1504.7224,637.5438,758.7041,923.9999,640.90796,762.28455,928.031,575.39435,722.21375,889.60394,492.04224,666.3546,830.3009
2026-01-17 19:00:00+00:00,1136.93593,1258.5781,1423.3075,599.82263,721.4648,886.1942,603.62366,725.11304,890.6889,540.40955,686.3925,853.6187,460.09302,632.9372,797.2383
2026-01-17 20:00:00+00:00,1094.26203,1215.95325,1380.2288,567.95703,689.64825,853.9238,571.1684,692.9849,858.1456,508.86002,654.4681,821.55786,431.7143,603.4155,767.9672
2026-01-17 21:00:00+00:00,1035.9138,1157.25434,1321.2598,534.8472,656.18774,820.1932,536.6919,658.8025,823.74335,475.33102,620.4617,787.64624,402.39832,572.48004,737.7055
2026-01-17 22:00:00+00:00,1007.0708400000001,1127.665,1291.72087,514.93164,635.5258,799.58167,515.43286,637.4235,802.5357,456.7195,600.59576,768.008,388.2402,555.864,722.1037
2026-01-17 23:00:00+00:00,986.1493800000001,1105.76205,1270.14957,508.30438,627.91705,792.30457,507.83487,629.328,794.8147,453.44022,595.351,763.04614,390.04413,554.28107,721.68085
2026-01-18 00:00:00+00:00,964.31305,1080.17524,1244.8281,530.87225,646.73444,811.3873,528.7451,647.76324,812.9534,486.9346,622.1379,790.10956,430.8885,585.6765,754.7395
2026-01-18 01:00:00+00:00,989.6528000000001,1105.31745,1269.2982000000002,542.397,658.06165,822.0424,540.2188,658.9407,823.48816,511.54077,640.42694,808.9811,463.24792,609.2694,778.2762
2026-01-18 02:00:00+00:00,976.7867,1092.22794,1255.72776,563.1934,678.63464,842.13446,561.07587,679.46454,843.52734,541.74725,665.6679,834.8618,497.66815,638.461,809.2418
2026-01-18 03:00:00+00:00,990.0302,1105.42885,1268.9053,566.8635,682.26215,845.7386,564.8398,683.0662,847.0888,549.00604,671.27924,840.5713,508.67865,646.6485,818.3151
2026-01-18 04:00:00+00:00,1017.8349000000001,1133.2915600000001,1296.83246,589.4574,704.91406,868.45496,587.65765,705.8491,869.74384,573.28394,695.2761,864.33527,534.6285,671.22906,843.46436
2026-01-18 05:00:00+00:00,1055.6942000000001,1171.58293,1335.3171,561.8667,677.75543,841.4896,560.30975,678.8681,842.7633,547.1549,669.2977,838.2422,511.11624,646.43774,819.5279
2026-01-18 06:00:00+00:00,1073.2717499999999,1189.5837999999999,1353.2051999999999,566.42175,682.7338,846.3552,565.24384,684.07794,847.68134,553.3738,675.5839,844.09546,525.03235,656.7198,830.5569
2026-01-18 07:00:00+00:00,1129.8084000000001,1246.7813700000002,1410.2505,550.2951,667.26807,830.7372,549.51654,668.7906,832.1134,539.1856,661.52234,829.3656,517.7663,646.3662,820.2738
2026-01-18 08:00:00+00:00,1149.98466,1267.2203,1430.17326,539.08716,656.3228,819.27576,538.7043,657.97864,820.6955,529.3005,651.4203,818.48193,510.79593,637.9111,811.20746
2026-01-18 09:00:00+00:00,1189.3607499999998,1306.5701999999999,1468.76816,551.39575,668.6052,830.80316,551.3108,670.33966,832.2383,542.47894,664.3271,830.4336,525.78656,652.2886,824.5701
2026-01-18 10:00:00+00:00,1297.1503,1414.1873,1575.60177,557.0019,674.0389,835.45337,557.18097,675.7954,836.84344,548.8291,670.2328,835.35144,535.1636,660.5342,831.1554
2026-01-18 11:00:00+00:00,1178.2015999999999,1294.9041,1455.4053,585.0458,701.7483,862.2495,585.5354,703.5203,863.6135,577.7658,698.4323,862.3728,566.9935,690.8066,859.49524
2026-01-18 12:00:00+00:00,1157.2559999999999,1273.7241,1433.6244000000002,571.246,687.7141,847.6144,572.10376,689.4813,848.86017,565.5343,685.2332,847.8865,557.27246,679.5203,845.948
2026-01-18 13:00:00+00:00,1132.2769,1248.2660700000001,1407.5606000000002,577.9711,693.96027,853.2548,579.0481,695.7438,854.34326,573.5726,692.2225,853.5835,567.3979,688.0319,852.306
2026-01-18 14:00:00+00:00,1135.38364,1250.6855999999998,1409.4915,550.28784,665.5898,824.3957,551.37463,667.3042,825.2848,546.7965,664.3697,824.66455,541.48315,660.7985,823.6555
2026-01-18 15:00:00+00:00,1198.7006000000001,1312.9639,1470.9607,547.7531,662.0164,820.0132,548.7717,663.6333,820.7403,544.2881,660.7518,820.147,538.5186,656.8888,819.08093
2026-01-18 16:00:00+00:00,1259.9756000000002,1373.09706,1530.2377500000002,558.1156,671.23706,828.37775,559.16974,672.7823,828.9686,554.6552,669.873,828.34186,547.8149,665.26624,827.01984
2026-01-18 17:00:00+00:00,1231.63733,1343.8197,1500.44874,589.33813,701.5205,858.14954,590.33844,702.97186,858.6671,585.3036,699.68726,857.9083,576.57825,693.7024,855.99445
2026-01-18 18:00:00+00:00,1199.18176,1310.74725,1467.4438,584.80676,696.37225,853.0688,585.6637,697.7154,853.53,579.36224,693.5199,852.4105,568.11566,685.5668,849.40936
2026-01-18 19:00:00+00:00,1153.2448,1264.03557,1420.7347,574.7132,685.50397,842.2031,575.5747,686.787,842.516,567.45184,681.2494,840.78564,553.654,671.07324,836.28766
2026-01-18 20:00:00+00:00,1106.0867,1216.0380300000002,1372.74757,537.1592,647.11053,803.82007,538.1577,648.3213,803.9246,528.63116,641.6293,801.5343,511.26776,629.6897,794.61646
2026-01-18 21:00:00+00:00,1043.0713,1152.18225,1308.7146,512.873,621.98395,778.5163,514.0739,623.1133,778.4811,504.1379,615.9741,775.69525,483.14664,602.52386,766.60376
2026-01-18 22:00:00+00:00,1041.06335,1149.3528999999999,1305.7652,513.38495,621.6745,778.0868,514.5881,622.69885,777.92334,504.81528,615.56335,774.98157,482.73157,601.8707,765.0385
2026-01-18 23:00:00+00:00,1030.3308,1138.11557,1294.6181299999998,509.3525,617.13727,773.63983,510.5005,618.033,773.38446,500.85614,610.87213,770.2819,479.66412,598.1133,760.45264
2026-01-19 00:00:00+00:00,1055.93988,1163.2245,1319.234,506.16818,613.4528,769.4623,507.30002,614.3023,769.1298,497.9363,607.39,766.2653,478.19434,595.3324,757.2379
2026-01-19 01:00:00+00:00,1092.8328999999999,1199.8685999999998,1355.8946999999998,509.7563,616.792,772.8181,510.83844,617.629,772.4601,501.59555,610.86084,769.8105,482.75607,599.19885,761.45874
2026-01-19 02:00:00+00:00,1122.8254,1230.0203999999999,1386.0807599999998,502.3838,609.5788,765.63916,503.4138,610.4273,765.3312,493.48865,603.2529,762.7148,475.8431,592.1484,755.1078
2026-01-19 03:00:00+00:00,1125.80055,1233.41307,1389.57646,495.03055,602.64307,758.80646,495.91617,603.4432,758.5934,485.31314,595.89197,756.03455,469.43924,585.6937,749.48706
2026-01-19 04:00:00+00:00,1195.8216699999998,1304.0376,1460.31575,495.83417,604.0501,760.32825,496.69116,604.876,760.28613,486.14218,597.49963,758.0118,472.2188,588.2513,752.83295
2026-01-19 05:00:00+00:00,1296.95975,1405.95115,1562.37064,516.37225,625.36365,781.78314,517.1829,626.2081,781.90576,507.49924,619.5845,780.09186,495.57913,611.20734,776.33246
2026-01-19 06:00:00+00:00,1411.8827,1521.81424,1678.50686,532.4727,642.40424,799.09686,533.29095,643.2672,799.41345,525.29517,637.91174,798.119,514.6424,630.2814,795.364
2026-01-19 07:00:00+00:00,1414.4089,1525.38113,1682.31705,553.5805,664.55273,821.48865,554.3383,665.3789,822.0189,547.4312,660.8044,821.02563,536.96844,653.46155,818.6233
2026-01-19 08:00:00+00:00,1447.6936,1559.4629,1716.53625,579.0603,690.8296,847.90295,579.79034,691.65137,848.572,573.7306,687.66876,847.74243,564.355,681.21246,845.7973
2026-01-19 09:00:00+00:00,1432.0738999999999,1544.4412499999999,1701.6776,615.7947,728.16205,885.3984,616.56085,729.024,886.1573,612.00244,726.04974,885.56555,604.72076,721.12994,884.25134
2026-01-19 10:00:00+00:00,1426.1461,1539.3837599999997,1697.0679,619.6728,732.91046,890.5946,620.5974,733.8458,891.426,617.1771,731.6135,890.97876,612.081,728.2194,890.1334
2026-01-19 11:00:00+00:00,1406.7912000000001,1520.75,1678.5699,616.9828,730.9416,888.7615,617.9277,731.908,889.58325,615.4877,730.3213,889.25604,612.1741,728.1393,888.7378
2026-01-19 12:00:00+00:00,1377.5127,1492.0025500000002,1649.8691,602.8102,717.30005,875.1666,603.81494,718.2949,875.95483,602.2688,717.2881,875.7416,600.25977,715.9645,875.43787
2026-01-19 13:00:00+00:00,1363.047,1477.30696,1634.6884,599.4453,713.70526,871.0867,600.49677,714.7107,871.815,599.525,714.07355,871.6821,598.3172,713.2754,871.5088
2026-01-19 14:00:00+00:00,1381.0488999999998,1494.2979999999998,1650.6807,598.1972,711.4463,867.829,599.49945,712.5658,868.48376,598.89185,712.1687,868.39954,598.1671,711.6862,868.2971
2026-01-19 15:00:00+00:00,1385.8263,1498.0789,1653.4926999999998,587.1513,699.4039,854.8177,588.7086,700.64825,855.4078,588.2647,700.35266,855.34357,587.7815,700.0294,855.2746
2026-01-19 16:00:00+00:00,1350.6884,1462.24124,1617.097,600.9634,712.51624,867.372,602.45764,713.7056,868.14716,602.16486,713.50555,868.02563,601.785,713.2472,867.8678
2026-01-19 17:00:00+00:00,1374.3011000000001,1485.2655,1640.0357,594.1219,705.0863,859.8565,595.66376,706.3319,860.6708,595.4501,706.1888,860.5811,595.0856,705.9468,860.4315
2026-01-19 18:00:00+00:00,1311.22714,1421.6435000000001,1576.2592399999999,580.56714,690.9835,845.59924,582.18085,692.2825,846.4481,581.99603,692.15515,846.36646,581.7228,691.97186,846.2484
2026-01-19 19:00:00+00:00,1265.2164400000001,1374.9886999999999,1529.3528000000001,570.72064,680.4929,834.857,572.4292,681.7976,835.6654,572.1931,681.6346,835.5609,571.95087,681.46704,835.4506
2026-01-19 20:00:00+00:00,1211.0937,1319.88287,1473.9814,554.6487,663.43787,817.5364,556.5093,664.80994,818.29156,556.02594,664.47034,818.0699,555.7053,664.2447,817.91986
2026-01-19 21:00:00+00:00,1136.9117999999999,1244.5812,1398.3898,557.6343,665.3037,819.1123,559.64233,666.74176,819.7871,558.8669,666.186,819.418,558.2992,665.77374,819.1389
2026-01-19 22:00:00+00:00,1097.888,1204.79734,1358.64506,549.9172,656.82654,810.67426,552.1208,658.3519,811.0677,551.0795,657.59247,810.5469,550.5741,657.2271,810.3131
2026-01-19 23:00:00+00:00,1095.1076,1201.7357,1356.05595,581.0143,687.6424,841.96265,583.5145,689.33826,841.8736,581.9911,688.26746,841.5254,581.2772,687.7577,841.3546
2026-01-20 00:00:00+00:00,1104.7990599999998,1211.88744,1368.1786,580.66406,687.75244,844.0436,583.03796,689.43225,843.98,581.5816,688.3707,843.56213,581.0188,687.9572,843.38715
2026-01-20 01:00:00+00:00,1115.2448,1224.37547,1381.912,571.714,680.84467,838.3812,574.8139,682.40173,838.9339,572.6354,681.1105,838.0857,571.9834,680.7178,837.81757
2026-01-20 02:00:00+00:00,1125.5549,1236.43143,1394.9179399999998,556.4049,667.28143,825.76794,559.26044,668.771,826.45667,557.05505,667.4393,825.5173,556.26306,666.95325,825.1677
2026-01-20 03:00:00+00:00,1112.1248500000002,1224.4316000000001,1383.8031,579.22485,691.5316,850.9031,581.81934,692.9388,851.7027,579.9479,691.78156,850.8623,578.9625,691.1719,850.416
2026-01-20 04:00:00+00:00,1215.6434,1329.8592,1490.2403,573.1309,687.3467,847.7278,575.45496,688.6508,848.5525,573.7746,687.5991,847.77423,572.5588,686.83624,847.20715
2026-01-20 05:00:00+00:00,1302.2983,1418.43453,1579.9932,585.7041,701.84033,863.399,587.46216,702.9003,864.2449,585.5242,701.6943,863.35095,584.2085,700.87195,862.73413
2026-01-20 06:00:00+00:00,1361.05287,1478.8879,1641.9483,596.32367,714.1587,877.2191,597.44556,714.94037,878.09863,595.84955,713.9497,877.35376,594.1164,712.86615,876.5515
2026-01-20 07:00:00+00:00,1447.9063999999998,1566.8727,1731.26096,638.0205,756.9868,921.37506,638.89636,757.81274,922.51355,637.5705,756.9833,921.9083,636.1116,756.0826,921.23376
2026-01-20 08:00:00+00:00,1414.7799,1535.4481,1700.4846400000001,700.228,820.8962,985.93274,702.15845,822.4109,988.06305,700.9732,821.67834,987.51996,699.17065,820.5544,986.7023
2026-01-20 09:00:00+00:00,1434.3438,1556.8414,1722.4333000000001,621.7179,744.2155,909.8074,624.16223,746.096,912.44775,623.34,745.58887,912.06274,621.9431,744.73285,911.4126
2026-01-20 10:00:00+00:00,1501.345,1623.4307000000001,1789.1998,620.29,742.3757,908.1448,623.20636,744.72766,911.0916,622.6683,744.3917,910.84644,621.6999,743.79407,910.4171
2026-01-20 11:00:00+00:00,1447.03514,1568.1259,1733.4528599999999,621.32764,742.4184,907.74536,624.2425,744.81494,910.66077,623.8901,744.60114,910.5057,623.2466,744.2061,910.2189
2026-01-20 12:00:00+00:00,1392.8216,1513.0801999999999,1677.6714000000002,611.2941,731.5527,896.1439,614.3523,733.9347,898.89795,614.1423,733.8062,898.8051,613.751,733.5725,898.63745
2026-01-20 13:00:00+00:00,1388.9931000000001,1508.0202,1671.8622,617.7197,736.7468,900.5888,621.0989,739.438,903.33954,621.004,739.3618,903.3027,620.8263,739.2199,903.2339
2026-01-20 14:00:00+00:00,1375.96385,1493.7608,1656.75675,622.44965,740.2466,903.24255,625.4999,742.88904,905.64703,625.44183,742.84454,905.6256,625.32874,742.7571,905.5856
2026-01-20 15:00:00+00:00,1330.4301500000001,1447.2754,1609.4221000000002,663.47345,780.3187,942.4654,666.59796,782.9158,944.6113,666.56274,782.888,944.59753,666.4962,782.8351,944.57117
2026-01-20 16:00:00+00:00,1278.10433,1394.6816599999997,1556.1034,699.93353,816.51086,977.9326,703.5532,819.03827,980.105,703.53394,819.02264,980.09686,703.4962,818.99146,980.0813
2026-01-20 17:00:00+00:00,1338.7642500000002,1455.3208300000001,1615.8994500000001,639.28265,755.83923,916.41785,643.0881,758.29297,918.4956,643.07446,758.2847,918.48883,643.04834,758.269,918.47626
2026-01-20 18:00:00+00:00,1320.44796,1436.0734400000001,1595.7522,614.39716,730.02264,889.7014,617.84607,732.2317,891.5035,617.83746,732.22626,891.4989,617.8198,732.2156,891.49005
2026-01-20 19:00:00+00:00,1277.5281,1391.80035,1550.4251,567.3414,681.61365,840.2384,570.7172,683.70746,841.9343,570.71277,683.7046,841.9318,570.66064,683.6724,841.9081
2026-01-20 20:00:00+00:00,1216.63744,1329.4661999999998,1486.81945,565.82574,678.6545,836.00775,569.2714,680.7616,837.6798,569.2342,680.73865,837.663,569.0612,680.6328,837.58545
2026-01-20 21:00:00+00:00,1139.72195,1251.6849,1408.19696,509.72775,621.6907,778.20276,513.1567,623.69934,779.7186,513.0525,623.636,779.6721,512.58875,623.35266,779.4644
2026-01-20 22:00:00+00:00,1129.018,1239.7929,1395.6603,528.3196,639.0945,794.9619,531.77576,641.0463,796.3296,531.52893,640.8964,796.2206,530.9499,640.54504,795.96094
2026-01-20 23:00:00+00:00,1105.3057,1215.55647,1371.3755999999998,486.6741,596.92487,752.744,490.1112,598.82056,754.00226,489.82138,598.6441,753.8721,488.89224,598.0696,753.45416
2026-01-21 00:00:00+00:00,1098.8880000000001,1210.7438000000002,1366.62985,481.5405,593.3963,749.28235,484.56235,595.1326,750.659,483.63223,594.52814,750.17883,481.65973,593.3077,749.19
2026-01-21 01:00:00+00:00,1105.2926,1220.23964,1376.3644,460.8751,575.82214,731.9469,463.5935,577.3687,733.3965,461.2015,575.94147,732.1721,456.69937,573.21985,729.7874
2026-01-21 02:00:00+00:00,1098.82867,1216.36716,1372.8234499999999,435.10867,552.64716,709.10345,437.1542,553.91486,710.5823,431.1823,550.365,707.2964,420.5577,543.8844,700.9547
2026-01-21 03:00:00+00:00,1110.06377,1229.8193,1386.7083,459.74207,579.4976,736.3866,460.91193,580.4323,737.8197,450.3969,574.0448,731.6355,432.1998,562.78876,720.4614
2026-01-21 04:00:00+00:00,1172.442,1294.47266,1452.2528000000002,507.137,629.16766,786.9478,507.77487,629.9969,788.5032,493.17902,620.9941,779.60693,465.6885,603.7842,762.59766
2026-01-21 05:00:00+00:00,1210.034,1335.75684,1495.34955,555.7207,681.44354,841.03625,555.89136,682.1114,842.6961,537.34064,670.5516,831.0741,504.0262,649.0729,810.07166
2026-01-21 06:00:00+00:00,1224.1284500000002,1354.2489,1515.7167,559.60095,689.7214,851.1892,560.59314,690.84,853.57074,537.5365,676.1034,838.8363,497.14325,649.701,813.4038
2026-01-21 07:00:00+00:00,1234.3199,1368.20445,1531.1414599999998,579.8057,713.69025,876.62726,581.73755,715.4133,879.7488,554.3632,697.5729,861.92206,506.91187,666.4856,831.011
2026-01-21 08:00:00+00:00,1267.38875,1403.94496,1567.8831,571.34705,707.90326,871.8414,574.6347,710.3901,875.8103,541.9638,688.7791,855.06384,488.8462,654.0362,818.8474
2026-01-21 09:00:00+00:00,1325.0519,1462.3359,1626.4348,577.7836,715.0676,879.1665,582.37067,718.35913,883.9618,544.66626,693.3936,860.4624,489.8463,657.6226,822.28015
2026-01-21 10:00:00+00:00,1340.0029,1476.9859999999999,1640.7903000000001,605.8779,742.861,906.6653,611.754,746.95776,912.21497,575.64655,723.4168,889.8353,521.9891,688.47754,853.0843
2026-01-21 11:00:00+00:00,1358.08315,1494.76296,1658.01943,609.67645,746.35626,909.61273,616.1294,750.89136,915.468,581.6276,728.6548,893.9778,527.5629,693.488,857.1895
2026-01-21 12:00:00+00:00,1382.5139000000001,1518.3478,1680.6764,659.258,795.0919,957.4205,666.68304,800.2348,963.73254,632.3059,778.3313,942.3569,576.61707,742.28595,904.8734
2026-01-21 13:00:00+00:00,1340.0212000000001,1475.8502600000002,1636.9045,637.7454,773.57446,934.6287,645.4283,778.95807,940.98425,609.8189,756.0969,918.7955,553.2613,719.65765,880.77686
2026-01-21 14:00:00+00:00,1278.93935,1414.3899999999999,1574.6473,659.29095,794.7416,954.9989,666.9282,800.0923,961.1642,621.2566,770.585,932.60077,557.04913,728.2974,886.6335
2026-01-21 15:00:00+00:00,1295.2448399999998,1430.4433,1589.7441,670.95154,806.15,965.4508,679.4017,811.9789,972.03284,620.9149,774.5656,935.86487,550.76965,726.8839,881.7993
2026-01-21 16:00:00+00:00,1301.2248,1436.1095,1593.6718999999998,685.404,820.2887,977.8511,695.0382,826.8971,985.1567,625.6533,782.43146,942.4845,552.9167,732.3414,885.12366
2026-01-21 17:00:00+00:00,1286.4877000000001,1421.34235,1576.8694,654.621,789.47565,945.0027,664.62744,796.46857,952.76276,589.14197,748.01355,906.229,516.28046,698.1017,849.3907
2026-01-21 18:00:00+00:00,1251.43063,1385.7689500000001,1539.6005,664.90643,799.24475,953.0763,675.09143,806.47736,961.1168,597.22284,756.5547,913.1115,523.8018,707.0568,856.27875
2026-01-21 19:00:00+00:00,1194.3931000000002,1329.4883,1482.2934,576.5981,711.6933,864.4984,587.75073,719.3724,872.66516,509.28214,669.0374,824.1704,434.73294,619.9916,766.66003
2026-01-21 20:00:00+00:00,1098.4686,1232.9382,1384.7680599999999,554.1378,688.6074,840.43726,565.2421,696.0078,848.1226,485.62442,644.97284,799.26605,410.1251,596.3229,741.3116
2026-01-21 21:00:00+00:00,1041.9057,1175.2384,1326.3432,574.2174,707.5501,858.6549,584.9508,714.55206,865.8429,502.26648,661.4607,815.1159,427.7285,614.46326,758.1213
2026-01-21 22:00:00+00:00,1019.7430999999999,1152.59616,1303.2766,556.2706,689.12366,839.8041,565.97076,695.42926,846.4181,480.07684,639.9183,792.98016,408.16965,595.4992,737.9813
2026-01-21 23:00:00+00:00,1008.7312499999999,1141.39964,1291.9926,492.52625,625.19464,775.7876,501.9801,631.24207,782.1289,413.94995,574.06476,727.0034,344.348,531.89,673.899
2026-01-22 00:00:00+00:00,1036.64412,1171.97786,1323.1782400000002,472.65332,607.98706,759.18744,479.56067,612.45074,764.3273,393.6817,556.1657,708.29156,330.94415,518.97205,660.3285
2026-01-22 01:00:00+00:00,1056.51,1194.0824400000001,1345.8282,484.5492,622.12164,773.8674,488.11124,624.53485,777.713,406.12805,570.9177,722.3694,348.7886,536.9783,678.1053
2026-01-22 02:00:00+00:00,1048.7425,1188.54596,1341.0303000000001,454.9267,594.73016,747.2145,455.73685,595.4469,749.95593,378.74496,545.0415,696.31396,325.25247,513.41864,654.6667
2026-01-22 03:00:00+00:00,982.0860299999999,1123.7512499999998,1276.938,454.53693,596.20215,749.3889,454.41687,596.32697,751.73737,381.88766,548.46313,700.3085,329.82684,517.5626,659.5941
2026-01-22 04:00:00+00:00,1071.24564,1214.66125,1368.89307,491.93314,635.34875,789.58057,492.14038,635.79767,792.2601,422.70325,589.3678,742.20654,371.1934,558.5841,701.5578
2026-01-22 05:00:00+00:00,1183.37604,1328.58813,1484.126,528.31934,673.53143,829.0693,528.9397,674.42224,832.14087,461.9828,629.3362,783.23596,410.71274,598.18097,742.0254
2026-01-22 06:00:00+00:00,1166.6713,1314.1351399999999,1471.41834,581.6304,729.09424,886.37744,582.55,730.27997,889.6121,517.8683,686.50964,841.6919,467.5096,655.34406,800.5267
2026-01-22 07:00:00+00:00,1214.6841,1364.63474,1523.4675,554.77,704.72064,863.5534,555.6687,705.87067,866.89624,492.39117,662.98895,819.34,443.1163,631.9048,778.346
2026-01-22 08:00:00+00:00,1297.0136,1447.837,1607.4798,538.1795,689.0029,848.6457,538.83234,690.0613,852.0652,476.31213,647.8845,805.3301,426.4112,615.56213,763.1949
2026-01-22 09:00:00+00:00,1332.2918,1482.85,1642.8187,545.046,695.6042,855.5729,545.9614,696.78296,858.9871,485.2532,656.28577,814.8202,433.78452,621.7344,771.0505
2026-01-22 10:00:00+00:00,1337.1046000000001,1487.14677,1647.19584,576.2071,726.24927,886.29834,578.6146,728.34576,890.2935,518.9672,689.00867,848.0614,466.0097,652.46985,802.8185
2026-01-22 11:00:00+00:00,1351.19175,1501.0008,1660.93705,547.80005,697.6091,857.54535,551.6601,700.69336,862.4086,493.72382,662.82196,821.9733,439.01062,624.5305,775.2741
2026-01-22 12:00:00+00:00,1329.33413,1478.32125,1638.0578,538.48663,687.47375,847.2103,543.0022,691.002,852.33826,487.16006,654.7615,814.1402,430.50223,614.6926,766.0552
2026-01-22 13:00:00+00:00,1341.0041,1488.548,1648.0147299999999,559.3391,706.883,866.34973,564.5928,710.8072,871.5752,510.36584,675.92566,835.38306,451.8657,634.7705,786.44775
2026-01-22 14:00:00+00:00,1324.4268499999998,1471.0012000000002,1630.3143599999999,571.01105,717.5854,876.89856,577.5016,722.19965,882.4549,521.45605,686.23364,845.45154,462.68832,645.2158,796.71466
2026-01-22 15:00:00+00:00,1328.469,1474.5705,1633.792,559.3015,705.403,864.6245,567.1486,710.7847,870.7071,507.42166,672.3894,831.28906,448.84378,631.76776,782.9503
2026-01-22 16:00:00+00:00,1327.9023,1473.36914,1632.18835,534.8973,680.36414,839.18335,543.9206,686.48737,845.85394,481.0874,645.9924,804.44806,423.1751,606.1803,757.13367
2026-01-22 17:00:00+00:00,1300.0911,1444.7376,1603.00755,529.3211,673.9676,832.23755,539.4287,680.7273,839.3537,476.49802,640.24677,798.25726,418.54797,600.8142,751.5221
2026-01-22 18:00:00+00:00,1249.93042,1394.5238599999998,1552.1786499999998,509.67792,654.27136,811.92615,521.3489,661.9428,819.76483,460.15833,622.64624,780.1496,402.9201,584.1115,734.4477
2026-01-22 19:00:00+00:00,1185.03356,1329.43163,1486.4695000000002,482.13446,626.53253,783.5704,494.86182,634.79083,791.7985,435.26654,596.55347,753.4402,379.27258,559.21576,708.9103
2026-01-22 20:00:00+00:00,1068.71682,1212.34145,1368.6882500000002,492.17432,635.79895,792.14575,504.75922,643.9053,800.00073,447.47455,607.1361,763.5356,392.89236,571.2318,720.3535
2026-01-22 21:00:00+00:00,1028.06423,1171.72536,1327.91426,465.40253,609.06366,765.25256,477.94067,617.138,772.8128,423.7985,582.2501,738.48987,371.64017,548.477,697.5185
2026-01-22 22:00:00+00:00,1058.20593,1201.8423400000001,1357.8961,425.19263,568.82904,724.8828,437.247,576.5439,732.14453,387.0486,544.1196,700.4781,337.2147,512.2721,661.4536
2026-01-22 23:00:00+00:00,1018.845,1161.8633,1317.89847,423.6192,566.6375,722.67267,434.49005,573.56,729.2163,388.63232,543.9102,700.6543,340.54584,513.1664,663.39667
2026-01-23 00:00:00+00:00,1020.77158,1163.4249,1320.4956,425.65738,568.3107,725.3814,434.17352,573.66547,730.47815,392.0011,546.3908,704.5508,345.83752,516.2464,668.74414
2026-01-23 01:00:00+00:00,1025.95587,1168.4019,1326.50055,432.38757,574.8336,732.93225,438.43958,578.6467,736.72644,399.4674,553.4934,713.0258,355.1568,523.78436,678.45795
2026-01-23 02:00:00+00:00,1019.3455,1161.9090999999999,1320.96616,419.5738,562.1374,721.19446,423.4788,564.6075,723.9488,387.0475,541.09924,701.9614,344.8188,512.66614,669.21497
2026-01-23 03:00:00+00:00,977.67095,1119.91704,1279.5988,424.08765,566.33374,726.0155,426.46817,567.8705,728.0276,391.86548,545.57996,707.57947,351.89618,518.91077,677.31964
2026-01-23 04:00:00+00:00,1087.60125,1229.6012999999998,1389.99847,458.91455,600.9146,761.31177,460.10556,601.7565,762.8025,427.46832,580.8063,743.9241,390.28156,556.2513,716.5915
2026-01-23 05:00:00+00:00,1210.91284,1353.7773000000002,1515.5145,473.13034,615.9948,777.732,474.41623,616.9475,779.2994,444.44263,597.84076,762.235,410.12036,575.4338,737.7889
2026-01-23 06:00:00+00:00,1268.80077,1412.7309,1575.9368,476.80667,620.7368,783.9427,478.99292,622.29175,786.0713,451.79675,605.1016,770.996,420.49634,584.95197,749.4889
2026-01-23 07:00:00+00:00,1228.4247599999999,1373.3175999999999,1537.7435,511.12726,656.0201,820.446,514.0145,658.0564,823.0102,489.1271,642.3878,809.41693,459.38712,623.40765,789.4561
2026-01-23 08:00:00+00:00,1273.7065,1419.4366,1584.5064499999999,527.874,673.6041,838.67395,531.07916,675.8683,841.49023,507.9261,661.4141,828.79193,480.20972,643.8402,810.5513
2026-01-23 09:00:00+00:00,1357.26494,1503.2999,1668.53673,524.88574,670.9207,836.15753,528.8093,673.7752,839.5571,507.83783,660.6318,827.8467,481.65906,644.2103,811.2329
2026-01-23 10:00:00+00:00,1350.59017,1496.4528,1661.7448,531.17267,677.0353,842.3273,536.1302,680.76056,846.5328,517.0289,668.54456,835.7795,493.17587,653.80743,820.9468
2026-01-23 11:00:00+00:00,1358.6596,1504.3244,1669.4313700000002,532.3937,678.0585,843.16547,538.23566,682.4254,847.89185,521.2113,671.38055,838.3235,499.43738,658.07355,824.7778
2026-01-23 12:00:00+00:00,1340.6059,1485.4279999999999,1650.1874,526.5017,671.3238,836.0832,533.30786,676.2824,841.18066,516.79755,665.59033,832.0255,497.53125,653.9481,820.38776
2026-01-23 13:00:00+00:00,1323.1044,1466.6090399999998,1630.90445,512.4635,655.96814,820.26355,520.2007,661.3718,825.5437,503.5071,650.72003,816.58545,484.57703,639.36395,805.4696
2026-01-23 14:00:00+00:00,1328.9922700000002,1471.00164,1634.80004,505.48807,647.49744,811.29584,514.363,653.4059,816.8154,493.0511,640.09515,805.8092,471.1446,626.96936,792.71704
2026-01-23 15:00:00+00:00,1341.26088,1481.9190600000002,1645.0077999999999,490.10928,630.76746,793.8562,500.42108,637.15204,799.7043,471.51562,619.6371,784.9304,442.5276,601.95306,766.89453
2026-01-23 16:00:00+00:00,1294.1824299999998,1433.7148,1596.17266,503.36243,642.8948,805.35266,515.487,649.9753,811.5757,480.54315,629.1308,793.89056,442.22284,605.2563,769.119
2026-01-23 17:00:00+00:00,1257.7032,1396.9895999999999,1558.87325,476.4541,615.7405,777.62415,489.89734,623.4022,784.2948,452.57086,600.99426,764.9355,406.18738,571.7194,734.26416
2026-01-23 18:00:00+00:00,1268.6224,1407.47983,1568.5549700000001,459.6599,598.51733,759.59247,473.9253,606.5217,766.41284,437.63373,584.62274,747.5735,385.82764,551.8114,713.08
2026-01-23 19:00:00+00:00,1220.1881,1358.5584,1518.7240000000002,457.7522,596.1225,756.2881,472.4465,604.4729,763.3412,438.23212,583.62445,745.64185,384.03546,549.31,709.5781
2026-01-23 20:00:00+00:00,1171.5903,1309.2171,1468.3269,432.412,570.0388,729.1486,445.32053,577.2878,735.27124,413.39703,557.7081,718.5979,358.88196,523.0491,682.6258
2026-01-23 21:00:00+00:00,1089.8630600000001,1226.29314,1384.3571000000002,426.28806,562.71814,720.7821,437.02844,568.7638,726.0486,407.2228,550.38556,710.5862,354.44977,516.67255,676.09595
2026-01-23 22:00:00+00:00,1104.2522199999999,1240.4793,1397.7103,399.46722,535.6943,692.9253,408.66812,540.695,697.44147,380.25552,523.0665,682.7415,331.49927,491.82028,651.10455
2026-01-23 23:00:00+00:00,1036.71354,1173.2487,1330.0946,418.03854,554.5737,711.4196,427.24854,559.46814,715.9771,399.58945,542.2517,701.7415,355.20306,513.74316,673.3154
2026-01-24 00:00:00+00:00,1030.09177,1163.573,1320.904,425.74347,559.2247,716.5557,436.00903,564.4764,721.09015,409.94586,548.5436,708.2181,368.21313,521.9916,684.2165
2026-01-24 01:00:00+00:00,1043.1355600000002,1172.9796000000001,1331.0961000000002,429.89136,559.7354,717.8519,439.66815,564.72455,721.5765,416.1664,550.7201,710.162,377.3125,526.41156,689.7046
2026-01-24 02:00:00+00:00,1051.48682,1178.1287000000002,1336.66847,414.54272,541.1846,699.72437,423.44196,546.0803,703.8325,403.9506,534.5573,693.6138,368.04828,512.55853,675.76526
2026-01-24 03:00:00+00:00,1074.33406,1197.7528499999999,1356.4870999999998,422.37656,545.79535,704.5296,429.46118,550.217,709.86,414.9232,541.45593,700.80115,381.69916,521.35876,684.1749
2026-01-24 04:00:00+00:00,1074.15476,1195.66844,1354.7794,440.20306,561.71674,720.8277,446.41632,566.22473,727.7438,433.8987,558.8572,720.2969,405.06897,541.0972,703.5769
2026-01-24 05:00:00+00:00,1126.18394,1247.7294000000002,1407.4399600000002,457.01144,578.5569,738.26746,462.24817,582.1595,745.26324,450.39502,575.3298,738.6411,425.0721,559.7902,722.70605
2026-01-24 06:00:00+00:00,1175.78713,1297.6113999999998,1458.48525,490.75793,612.5822,773.45605,495.3064,615.71606,780.0431,483.4421,608.94904,773.6154,460.19443,594.9326,759.4376
2026-01-24 07:00:00+00:00,1215.98963,1338.3310000000001,1500.5565000000001,505.48883,627.8302,790.0557,509.29785,630.5287,795.8032,496.41675,623.22784,788.95984,473.5624,609.5043,775.16785
2026-01-24 08:00:00+00:00,1284.8809999999999,1407.8031999999998,1571.20267,536.661,659.5832,822.98267,539.8438,661.92786,827.99396,525.87115,654.0437,820.6819,504.07397,641.01807,807.6736
2026-01-24 09:00:00+00:00,1300.84967,1424.3779,1588.7089,538.97217,662.5004,826.8314,541.3401,664.4534,831.11414,527.60803,656.738,824.01154,507.32922,644.68353,812.086
2026-01-24 10:00:00+00:00,1258.0913,1381.7555,1546.5245,552.5905,676.2547,841.0237,554.59314,677.99884,844.7718,542.02234,670.9897,838.38477,525.57513,661.41,829.04297
2026-01-24 11:00:00+00:00,1259.1658000000002,1382.92657,1547.7591000000002,557.4083,681.16907,846.0016,559.639,683.00995,849.5222,549.0037,677.13635,844.21387,536.60834,670.0845,837.4652
2026-01-24 12:00:00+00:00,1276.39855,1399.7637,1564.2126400000002,529.14685,652.512,816.96094,532.02637,654.6243,820.50977,522.69824,649.5032,815.93115,512.48193,643.7498,810.51886
2026-01-24 13:00:00+00:00,1283.8395999999998,1405.5061,1569.298,516.6279,638.2944,802.0863,520.2516,640.7415,805.6652,511.7282,636.1087,801.5947,502.61902,631.0468,796.938
2026-01-24 14:00:00+00:00,1324.0819999999999,1443.6366,1606.6201,521.727,641.2816,804.2651,526.1488,644.09534,807.85364,518.524,639.98956,804.31146,510.03574,635.3193,800.11487
2026-01-24 15:00:00+00:00,1363.7405,1481.4965000000002,1643.4856,524.873,642.629,804.6181,529.79895,645.64935,808.20526,522.2043,641.5393,804.7284,512.0807,635.9984,799.80695
2026-01-24 16:00:00+00:00,1386.06357,1502.6838,1663.46866,558.51697,675.1372,835.92206,564.6137,678.724,840.04736,555.7718,673.8915,836.014,542.0454,666.3614,829.23505
2026-01-24 17:00:00+00:00,1364.138,1480.8401,1640.363,613.6105,730.3126,889.8355,621.7162,734.9332,895.18024,611.0434,729.07043,890.18726,593.8695,719.5135,881.32166
2026-01-24 18:00:00+00:00,1299.3527599999998,1417.1259,1575.5936699999997,604.87866,722.6518,881.11957,614.18567,727.86285,887.18567,601.19824,720.682,880.7953,578.8594,707.77484,868.2951
2026-01-24 19:00:00+00:00,1264.3361,1382.9378,1540.44846,607.4311,726.0328,883.54346,616.8843,731.2871,889.573,602.44135,723.1495,881.93036,572.9098,705.42255,865.73724
2026-01-24 20:00:00+00:00,1206.71786,1326.2871,1483.46597,613.93286,733.5021,890.68097,623.862,739.1239,896.2472,607.6032,729.77277,887.2958,571.70636,708.30176,869.1435
2026-01-24 21:00:00+00:00,1199.9284000000002,1320.928,1477.9269,567.6959,688.6955,845.6944,578.6879,695.0668,851.1159,559.6345,683.63165,840.8587,518.9624,659.4517,820.6367
2026-01-24 22:00:00+00:00,1189.71355,1312.0446699999998,1468.9524,551.57605,673.90717,830.8149,563.4409,680.5778,835.8609,542.32733,667.9724,825.12317,497.84592,641.06915,802.92114
2026-01-24 23:00:00+00:00,1142.55945,1264.79565,1421.11865,550.29285,672.52905,828.85205,559.6445,677.6507,832.87775,538.78925,665.1661,822.25024,491.83682,636.48865,798.75696
2026-01-25 00:00:00+00:00,1081.7521,1198.99216,1354.31155,574.1029,691.34296,846.66235,579.73584,694.2467,850.07227,560.36304,682.4493,839.2894,509.1756,651.3752,813.979
2026-01-25 01:00:00+00:00,1105.5005,1219.3474999999999,1376.1603,569.5564,683.4034,840.2162,572.43945,684.7506,841.7377,554.99756,674.4163,831.9765,504.90222,643.76733,806.2997
2026-01-25 02:00:00+00:00,1152.24905,1264.5873,1422.5937,576.14075,688.479,846.4854,578.5204,689.4319,847.40063,563.4022,680.4601,839.41705,518.468,652.83325,814.60846
2026-01-25 03:00:00+00:00,1173.4747,1284.4686000000002,1443.3173000000002,573.3764,684.3703,843.219,575.1383,685.0393,843.9671,559.8033,676.18036,836.6,519.6744,651.40247,813.0457
2026-01-25 04:00:00+00:00,1195.5698,1305.64796,1465.2116999999998,578.7789,688.85706,848.4208,580.2725,689.4224,849.04065,564.1399,680.30383,841.7888,526.0311,657.2001,820.01013
2026-01-25 05:00:00+00:00,1232.8961,1342.7972,1503.05386,596.7361,706.6372,866.89386,597.918,707.15656,867.551,581.7835,697.95465,860.5125,542.7725,674.4516,839.0111
2026-01-25 06:00:00+00:00,1268.1698999999999,1378.1976,1539.0441,604.6941,714.7218,875.5683,605.6365,715.1279,876.26196,588.8772,705.5049,869.1633,547.8719,680.88336,846.93896
2026-01-25 07:00:00+00:00,1369.1894000000002,1479.60394,1640.91217,700.0348,810.44934,971.75757,701.0144,810.9561,972.56006,683.62524,800.814,965.4259,639.2858,774.27106,941.5983
2026-01-25 08:00:00+00:00,1394.5315,1506.1967399999999,1668.3198,714.6215,826.28674,988.4098,715.38495,826.87006,989.28253,696.7222,815.9287,981.65063,648.1104,786.8426,955.0431
2026-01-25 09:00:00+00:00,1372.13204,1485.0219,1647.7781,713.09784,825.9877,988.7439,713.88477,826.6256,989.6482,694.5412,815.316,981.6954,648.2077,787.8049,956.48303
2026-01-25 10:00:00+00:00,1332.63877,1446.07584,1609.0723,701.47217,814.90924,977.9057,702.07635,815.49927,978.63947,683.25385,804.38007,970.96,644.4966,781.6636,950.56055
2026-01-25 11:00:00+00:00,1331.54257,1445.6679,1608.6958,685.68677,799.8121,962.84,686.68616,800.7254,963.502,669.4514,790.2613,956.6033,638.803,772.60693,941.29364
2026-01-25 12:00:00+00:00,1338.1799999999998,1452.6082999999999,1615.1419,620.4408,734.8691,897.4027,621.8837,736.0735,898.0716,606.7329,726.5082,892.17773,579.44617,710.9735,879.1236
2026-01-25 13:00:00+00:00,1313.06256,1426.7586000000001,1587.9742,613.94086,727.6369,888.8525,615.64685,728.9658,889.42285,602.09766,719.9065,884.6663,577.785,705.97955,873.4783
2026-01-25 14:00:00+00:00,1378.6793,1491.51105,1651.5339,660.8101,773.64185,933.6647,663.013,775.2485,934.23615,646.78015,764.2529,928.8302,616.64746,747.0513,914.7051
2026-01-25 15:00:00+00:00,1427.75577,1539.90194,1699.2271999999998,735.70667,847.85284,1007.1781,738.3212,849.70966,1007.80316,716.3799,835.2701,1000.0887,671.24817,809.17755,976.6748
2026-01-25 16:00:00+00:00,1398.3514,1510.4353,1670.013,753.4997,865.5836,1025.1613,756.43744,867.63446,1025.8402,725.10834,848.0594,1013.6317,660.97876,808.85443,976.372
2026-01-25 17:00:00+00:00,1334.0647,1446.6398,1606.9013,761.4739,874.049,1034.3105,764.50287,876.1635,1035.0115,721.6864,850.5969,1016.4459,643.75165,802.07684,969.21045
2026-01-25 18:00:00+00:00,1308.4956499999998,1421.24003,1582.1171,724.78235,837.52673,998.4038,727.7669,839.60175,999.02277,676.42804,809.4421,974.74945,592.7101,756.9893,923.7401
2026-01-25 19:00:00+00:00,1288.0121,1400.429,1561.4389,711.3605,823.7774,984.7873,714.33887,825.7112,985.36194,653.2857,789.92615,954.56226,563.1603,732.71576,898.1179
2026-01-25 20:00:00+00:00,1208.8065,1321.2801,1482.0998,677.6631,790.1367,950.9564,680.91504,791.90985,951.66504,612.6908,751.653,916.3693,517.8845,690.87115,854.90393
2026-01-25 21:00:00+00:00,1097.6492600000001,1210.0753,1370.7129,709.35596,821.782,982.4196,712.37085,823.3038,982.9509,643.24634,782.295,946.9541,547.5415,720.8835,884.9381
2026-01-25 22:00:00+00:00,1109.60007,1222.5828999999999,1383.1668399999999,688.20917,801.192,961.77594,691.10516,802.51117,962.0713,617.2332,758.0988,922.89026,523.62866,697.72253,860.85266
2026-01-25 23:00:00+00:00,1136.3113999999998,1249.9270999999999,1410.54955,631.9889,745.6046,906.22705,634.4476,746.51135,906.21515,555.7298,698.60724,863.7202,459.81757,635.9042,797.21216
2026-01-26 00:00:00+00:00,1137.1708999999998,1249.6783999999998,1410.1491999999998,610.5509,723.0584,883.5292,612.6485,723.8489,883.31274,533.2372,675.43024,840.4478,434.42932,610.5107,771.7287
2026-01-26 01:00:00+00:00,1160.9443299999998,1272.93835,1433.47076,600.19763,712.19165,872.72406,602.37604,712.9744,872.6363,531.84595,670.64,834.85535,435.1665,607.6319,771.87445
2026-01-26 02:00:00+00:00,1112.63256,1223.85686,1384.5356000000002,586.87836,698.10266,858.7814,588.62744,698.723,858.7909,526.1709,661.7401,826.69336,436.6878,604.2507,770.8276
2026-01-26 03:00:00+00:00,1147.50466,1258.28633,1419.3797,582.34296,693.12463,854.218,583.6686,693.95526,854.11145,531.01733,662.618,828.8098,449.36847,610.99286,778.839
2026-01-26 04:00:00+00:00,1237.41174,1349.3878,1510.4587999999999,608.79504,720.7711,881.8421,610.276,721.606,882.0665,572.5484,698.57495,865.70874,506.7533,657.35046,825.901
2026-01-26 05:00:00+00:00,1285.5933400000001,1399.1757000000002,1560.8084000000001,671.35004,784.9324,946.5651,672.66754,785.72504,946.9913,646.6599,769.1833,936.843,600.09,741.26135,910.80804
2026-01-26 06:00:00+00:00,1346.8829,1463.0331999999999,1626.4259,689.2646,805.4149,968.8076,690.1794,806.1126,969.27594,672.9585,794.41736,963.2707,640.4954,775.5143,947.18884
2026-01-26 07:00:00+00:00,1451.27,1569.47545,1734.2597999999998,693.9392,812.14465,976.929,694.75116,813.00104,977.54584,681.20984,803.18976,973.46967,654.7111,787.63885,961.16235
2026-01-26 08:00:00+00:00,1440.241,1560.0527000000002,1725.41076,703.7443,823.556,988.91406,704.6973,824.7241,989.7422,693.55334,816.79626,986.76984,673.49994,804.2301,978.22906
2026-01-26 09:00:00+00:00,1444.74,1565.77844,1731.4504,687.4333,808.47174,974.1437,688.87146,809.9921,975.118,680.12164,803.9393,973.042,667.5169,794.9384,968.4718
2026-01-26 10:00:00+00:00,1406.2837,1528.2321,1693.74217,678.5278,800.4762,965.98627,680.0482,802.12585,967.01355,673.86084,797.9278,965.68567,665.10474,791.68274,963.10724
2026-01-26 11:00:00+00:00,1390.4206,1512.4871,1677.3567,675.5064,797.5729,962.4425,677.2987,799.4077,963.49304,673.3156,796.75415,962.717,667.60956,792.82104,961.311
2026-01-26 12:00:00+00:00,1386.5823,1507.96213,1671.6539699999998,671.2589,792.63873,956.33057,673.221,794.52313,957.2814,670.8216,792.93835,956.84033,667.33466,790.58105,956.09186
2026-01-26 13:00:00+00:00,1416.20307,1536.5927000000001,1699.12165,658.90137,779.291,941.81995,660.94977,781.1155,942.6471,659.5083,780.16925,942.39795,657.4168,778.77094,941.99286
2026-01-26 14:00:00+00:00,1411.11276,1530.13143,1691.5353599999999,641.40186,760.42053,921.82446,643.666,762.42444,922.6852,642.80786,761.85767,922.54517,641.52954,761.00684,922.3235
2026-01-26 15:00:00+00:00,1439.25147,1557.2630599999998,1717.5425,681.75977,799.77136,960.0508,684.1722,802.01733,961.0525,683.62885,801.6596,960.9755,682.6641,801.02747,960.8368
2026-01-26 16:00:00+00:00,1354.9434999999999,1472.65615,1632.46535,720.7677,838.48035,998.28955,723.0814,840.7347,999.3745,721.9989,840.0387,999.2372,720.3693,838.98724,999.0093
2026-01-26 17:00:00+00:00,1353.1651000000002,1470.6376,1630.6095,754.0585,871.531,1031.5029,756.1832,873.7544,1032.5868,754.56464,872.72455,1032.3541,750.8117,870.2646,1031.7175
2026-01-26 18:00:00+00:00,1341.71076,1458.2078000000001,1618.3281000000002,773.59076,890.0878,1050.2081,775.7553,892.4376,1051.3032,773.25287,890.795,1050.8635,768.22986,887.4267,1049.7867
2026-01-26 19:00:00+00:00,1296.4247999999998,1411.9967299999998,1572.3039999999999,766.5231,882.09503,1042.4023,768.4996,884.28204,1043.3368,764.9761,881.8986,1042.5646,758.9759,877.69775,1040.9517
2026-01-26 20:00:00+00:00,1238.7178,1353.6325000000002,1514.1851000000001,747.9345,862.8492,1023.4018,749.79065,864.83374,1024.0311,744.4442,861.0828,1022.6306,737.3253,855.8493,1020.2718
2026-01-26 21:00:00+00:00,1193.32413,1307.556,1468.19553,709.18243,823.4143,984.05383,710.813,825.2001,984.43823,702.6182,819.2377,981.93066,688.6779,810.56116,975.76697
2026-01-26 22:00:00+00:00,1210.3029999999999,1323.9479000000001,1484.6419,726.2413,839.8862,1000.5802,727.7048,841.45557,1000.7685,718.0374,834.7649,997.4278,697.3168,822.42285,987.817
2026-01-26 23:00:00+00:00,1100.4148,1213.7184,1374.89686,707.4765,820.7801,981.95856,708.964,822.2091,981.95544,698.1091,815.13934,977.7078,674.3853,801.14734,966.2987
2026-01-27 00:00:00+00:00,1101.2260999999999,1215.9672,1377.2858700000002,699.5327,814.2738,975.59247,702.5152,815.96063,976.3633,687.16724,806.72723,969.38403,660.7487,791.21533,955.51715
2026-01-27 01:00:00+00:00,1129.1778,1245.4383,1407.0059999999999,661.9011,778.1616,939.7293,665.196,780.04846,940.7384,646.86316,769.2791,932.0108,621.76074,754.3746,917.9474
2026-01-27 02:00:00+00:00,1096.275,1213.98857,1375.7161999999998,644.7492,762.46277,924.1904,648.76416,764.6369,925.5729,629.16864,753.1851,915.9884,603.64374,737.82837,901.1403
2026-01-27 03:00:00+00:00,1119.68785,1238.3761,1400.5297,645.29285,763.9811,926.1347,649.2862,766.17944,927.6568,630.0282,754.9021,918.07104,601.42773,737.5387,901.3268
2026-01-27 04:00:00+00:00,1194.3709000000001,1313.70813,1476.5681,620.6693,740.00653,902.8665,624.38293,742.1563,904.5517,607.2953,732.1147,896.0318,579.42737,715.38495,879.839
2026-01-27 05:00:00+00:00,1280.3895000000002,1400.2965,1563.98686,659.1112,779.0182,942.70856,662.443,781.0136,944.66864,647.9206,772.47784,937.56213,623.68274,758.0588,923.9208
2026-01-27 06:00:00+00:00,1334.8995,1456.8591000000001,1621.96965,689.6262,811.5858,976.69635,692.48755,813.358,978.7966,679.49725,805.75903,972.533,658.8047,793.50934,961.1417
2026-01-27 07:00:00+00:00,1411.2051999999999,1535.33113,1701.9319,716.916,841.04193,1007.6427,719.7826,842.9169,1009.91455,706.7178,835.24927,1003.59155,685.2649,822.533,991.7163
2026-01-27 08:00:00+00:00,1436.4954,1561.55935,1728.7231000000002,721.5699,846.63385,1013.7976,724.4402,848.60315,1016.16345,708.34863,839.2489,1008.32007,683.74115,824.4823,994.2395
2026-01-27 09:00:00+00:00,1421.9014,1547.1871999999998,1714.6431,735.2239,860.5097,1027.9656,737.98883,862.42004,1030.2756,719.9717,852.0155,1021.4956,688.64465,832.9577,1003.13776
2026-01-27 10:00:00+00:00,1390.82976,1516.56066,1684.3136,743.44476,869.17566,1036.9286,746.63293,871.27844,1039.3516,726.5505,859.6906,1029.5638,691.0829,837.82605,1008.4974
2026-01-27 11:00:00+00:00,1381.4618,1506.9629,1674.2156999999997,714.8518,840.3529,1007.6057,718.9709,842.92554,1010.4063,698.18634,831.0231,1000.3266,661.8298,808.6768,978.76434
2026-01-27 12:00:00+00:00,1302.0787,1426.2347,1592.6121,725.5054,849.6614,1016.0388,729.96545,852.429,1018.8844,708.8968,840.4186,1008.855,672.7451,818.4708,987.66296
2026-01-27 13:00:00+00:00,1356.5982,1479.5987300000002,1645.395,736.7632,859.76373,1025.56,741.3478,862.547,1028.2344,718.97327,849.77747,1017.6661,682.55615,827.75323,996.4413
2026-01-27 14:00:00+00:00,1374.6992,1496.8577,1662.2307,735.635,857.7935,1023.1665,739.763,860.34686,1025.4799,715.53394,846.459,1013.9885,677.93964,823.49524,991.996
2026-01-27 15:00:00+00:00,1385.804,1507.25637,1672.1911,755.9974,877.44977,1042.3845,760.29364,880.0665,1044.6643,731.49304,863.5185,1030.7936,688.14874,836.5424,1004.1254
2026-01-27 16:00:00+00:00,1362.6649000000002,1483.73326,1648.0113000000001,772.2757,893.34406,1057.6221,777.4529,896.3866,1060.3506,742.13965,876.05615,1042.9374,687.409,841.6966,1009.076
2026-01-27 17:00:00+00:00,1338.75776,1459.9068000000002,1623.6195,763.33856,884.4876,1048.2003,769.8473,888.16864,1051.721,726.98035,863.32825,1029.7764,663.7356,823.69464,990.75903
2026-01-27 18:00:00+00:00,1294.31306,1415.6596,1578.9017999999999,769.14966,890.4962,1053.7384,777.3058,895.031,1058.2601,728.0961,866.2387,1032.4392,658.3845,822.4559,988.66064
2026-01-27 19:00:00+00:00,1258.2217,1379.6964600000001,1542.2689,758.1442,879.61896,1042.1914,767.5462,884.8721,1047.5734,713.91656,853.0977,1019.21576,639.38855,806.3306,971.38
2026-01-27 20:00:00+00:00,1191.0719,1311.9947399999999,1473.4388999999999,688.7577,809.68054,971.1247,698.8997,815.366,977.0427,640.21497,780.1007,945.80286,562.4187,731.3342,894.9852
2026-01-27 21:00:00+00:00,1102.4832999999999,1222.2249,1382.7548,723.5883,843.3299,1003.8598,733.5829,848.8793,1009.8911,675.13525,813.7198,978.5242,593.7571,762.53766,925.5408
2026-01-27 22:00:00+00:00,1098.3327,1217.8075,1377.9157599999999,700.0193,819.4941,979.60236,709.74,824.8546,985.6183,653.42426,790.9017,954.8391,570.5823,738.7732,901.5164
2026-01-27 23:00:00+00:00,1066.3455000000001,1185.4474,1345.18973,676.9455,796.0474,955.78973,686.33453,801.27075,961.5464,631.689,768.20294,931.2275,548.3374,715.6439,878.3117
2026-01-28 00:00:00+00:00,1063.9631,1186.6626999999999,1345.86866,671.0356,793.7352,952.94116,679.93054,798.7755,958.8406,619.3876,761.61115,924.8207,538.02496,708.6943,868.20624
2026-01-28 01:00:00+00:00,1085.217,1211.95114,1370.2255,623.7362,750.47034,908.7447,632.6453,755.7264,915.14703,565.5625,713.9973,877.10175,489.04645,663.01324,819.1878
2026-01-28 02:00:00+00:00,1056.8666,1186.4187,1343.53145,608.1941,737.7462,894.85895,616.88245,742.9676,901.676,545.2715,698.0232,860.5718,473.7392,649.86475,803.52344
2026-01-28 03:00:00+00:00,1076.62867,1209.0026,1366.4161,668.00287,800.3768,957.7903,676.4695,805.24713,964.09326,598.6242,756.04517,917.9143,531.80786,711.2073,862.6477
2026-01-28 04:00:00+00:00,1171.2589,1307.1994,1465.2827,741.1481,877.0886,1035.1719,749.4712,881.823,1041.2886,668.6693,830.39215,991.4184,605.95557,787.9941,937.98645
2026-01-28 05:00:00+00:00,1259.05584,1399.4972,1558.9703000000002,843.85504,984.2964,1143.7695,852.74347,989.4693,1150.0886,771.11597,936.8662,1097.2751,712.103,897.0602,1046.2341
2026-01-28 06:00:00+00:00,1334.6978,1481.50425,1642.8908999999999,825.9286,972.73505,1134.1217,837.2914,979.7657,1141.5803,755.40454,926.01184,1085.5365,701.9978,890.207,1038.7007
2026-01-28 07:00:00+00:00,1415.6063,1567.2041,1730.1353,814.4488,966.0466,1128.9778,827.10645,974.06165,1137.5085,745.3385,919.7129,1078.7671,695.77234,886.3648,1034.3589
2026-01-28 08:00:00+00:00,1439.3340600000001,1593.45405,1757.2289999999998,792.75586,946.87585,1110.6508,805.9016,955.2906,1119.642,727.8957,903.4119,1062.9641,679.3275,870.20123,1019.2577
2026-01-28 09:00:00+00:00,1378.3164,1533.2075,1697.0973,812.5364,967.4275,1131.3173,825.86066,975.7851,1140.5054,753.84937,928.4787,1089.2249,704.7897,893.97345,1045.2324
2026-01-28 10:00:00+00:00,1357.5852399999999,1513.1787,1677.329,865.24194,1020.8354,1184.9857,880.97864,1030.6216,1195.3201,815.36273,988.21765,1149.9664,765.8789,952.24304,1105.2837
2026-01-28 11:00:00+00:00,1390.017,1546.5325,1710.4242,894.4745,1050.99,1214.8817,911.84717,1061.7433,1226.0239,851.9719,1023.4379,1185.3369,802.869,987.7407,1141.1254
2026-01-28 12:00:00+00:00,1363.0475000000001,1519.6684999999998,1682.9027,884.8042,1041.4252,1204.6594,902.0445,1052.1069,1215.7474,846.18835,1016.50543,1178.0768,797.1057,980.98047,1134.3727
2026-01-28 13:00:00+00:00,1334.6367,1491.0467,1653.8613,869.5,1025.91,1188.7246,886.3393,1036.345,1199.4473,832.25195,1001.8841,1163.0125,782.99,966.31433,1119.5068
2026-01-28 14:00:00+00:00,1291.56335,1447.8644,1610.4733,833.38165,989.6827,1152.2916,850.8429,1000.45087,1163.1539,795.23047,964.96515,1125.4713,745.4704,928.95667,1081.6062
2026-01-28 15:00:00+00:00,1305.8938,1461.9419,1624.5620999999999,885.458,1041.5061,1204.1263,904.6449,1053.309,1215.7997,841.59503,1012.84375,1172.4535,790.73016,975.55225,1127.5167
2026-01-28 16:00:00+00:00,1290.96844,1447.6129,1609.9326,792.33844,948.9829,1111.3026,813.1412,961.92474,1124.0618,743.3738,916.6351,1074.8813,691.8414,879.457,1029.6909
2026-01-28 17:00:00+00:00,1267.19266,1422.66165,1584.5633,755.35016,910.81915,1072.7208,777.4779,924.5927,1086.1412,701.15356,874.8984,1032.1405,648.6145,837.66876,986.2716
2026-01-28 18:00:00+00:00,1240.3386,1394.1246999999998,1555.8195999999998,757.4052,911.1913,1072.8862,780.44867,925.51227,1086.5326,700.69885,873.7698,1030.4591,646.21906,835.7746,983.0133
2026-01-28 19:00:00+00:00,1215.3207400000001,1367.8586,1528.9973,731.70074,884.2386,1045.3773,755.7033,899.1458,1059.4495,674.8683,846.8085,1002.8996,619.50415,808.9419,955.3597
2026-01-28 20:00:00+00:00,1127.89586,1278.90495,1439.1794,685.92926,836.93835,997.2128,710.03,851.9557,1011.11743,630.5975,800.5934,956.1588,573.9065,762.60803,908.51227
2026-01-28 21:00:00+00:00,1035.8504,1185.07286,1345.1237,696.3462,845.56866,1005.6195,720.64185,860.81366,1019.1487,644.97845,812.095,968.24615,586.4503,773.3512,920.01715
2026-01-28 22:00:00+00:00,1027.40986,1175.355,1335.0558,694.41156,842.3567,1002.0575,717.22614,856.5754,1014.4529,645.6896,810.6377,967.2373,586.8462,771.80505,919.26984
2026-01-28 23:00:00+00:00,1047.0262,1194.15566,1353.38076,683.7904,830.91986,990.14496,705.0883,844.20013,1001.5967,638.0627,801.21094,958.0876,578.6959,762.075,909.9236
2026-01-29 00:00:00+00:00,1089.7124000000001,1240.09335,1399.6233,649.1882,799.56915,959.0991,667.4983,811.199,969.50653,605.7985,770.8827,926.74976,552.7957,736.5458,883.8225
2026-01-29 01:00:00+00:00,1091.4439,1244.82804,1404.4755,628.1855,781.56964,941.2171,644.5452,792.10614,951.1315,587.5466,754.256,909.1952,539.6592,723.9394,870.712
2026-01-29 02:00:00+00:00,1076.2125,1231.8354,1391.177,633.4791,789.102,948.4436,648.1188,798.6874,957.8223,595.2129,763.0726,917.4756,551.59955,736.0077,882.7318
2026-01-29 03:00:00+00:00,1065.3374,1223.0179,1382.4838,735.1649,892.8454,1052.3113,748.74646,901.93536,1061.3381,699.6344,868.54486,1023.0865,658.79736,842.9993,990.21063
2026-01-29 04:00:00+00:00,1108.70723,1270.17434,1430.4727,820.44543,981.91254,1142.2109,834.8281,991.8082,1151.9,788.227,959.7379,1114.551,750.16785,935.5362,1082.9181
2026-01-29 05:00:00+00:00,1283.7326,1449.74576,1611.0718000000002,832.3926,998.40576,1159.7318,847.4303,1008.93536,1170.2379,803.0759,977.9439,1133.3917,767.7844,955.0443,1102.8348
2026-01-29 06:00:00+00:00,1305.9718,1475.78,1637.9761,846.1993,1016.0075,1178.2036,861.38574,1026.8748,1189.3628,816.67993,995.0732,1150.73,782.95465,972.95294,1120.3064
2026-01-29 07:00:00+00:00,1362.1655,1535.25304,1697.7588,839.7155,1012.80304,1175.3088,854.69977,1023.5454,1186.6466,810.4248,991.4714,1147.0247,777.5746,969.8114,1116.6843
2026-01-29 08:00:00+00:00,1331.5311,1506.7116999999998,1669.0631,800.9911,976.1717,1138.5231,815.8698,986.78357,1150.1807,772.8227,955.16956,1110.9299,740.5183,933.7598,1081.1946
2026-01-29 09:00:00+00:00,1288.44255,1464.2193,1627.0041,725.91675,901.6935,1064.4783,741.2147,912.4907,1076.4863,699.2046,881.5552,1038.4447,666.22437,859.3519,1008.1805
2026-01-29 10:00:00+00:00,1275.03444,1449.9391999999998,1614.0104,717.74524,892.65,1056.7212,734.7412,904.4038,1069.6198,693.84906,874.82623,1034.2863,658.5404,849.99036,1001.59314
2026-01-29 11:00:00+00:00,1234.2055,1407.7067000000002,1572.9704000000002,679.4313,852.9325,1018.1962,698.69305,865.93286,1031.915,659.3273,838.3534,1000.2811,621.36633,809.93787,963.9323
2026-01-29 12:00:00+00:00,1241.02884,1411.9940000000001,1578.0533,653.50214,824.4673,990.5266,674.8225,838.59296,1004.93756,636.05054,812.3387,976.0106,594.8901,782.0106,937.03467
2026-01-29 13:00:00+00:00,1239.6449,1407.4733999999999,1574.02257,614.8257,782.6542,949.20337,637.44415,797.4594,964.2419,599.67706,772.61176,937.32776,554.39575,739.37946,896.37384
2026-01-29 14:00:00+00:00,1236.0127,1399.9623000000001,1566.74453,629.1002,793.0498,959.83203,652.32117,808.0258,974.917,610.57666,781.1191,946.14935,560.64075,744.689,901.93744
2026-01-29 15:00:00+00:00,1245.96773,1406.49135,1573.3978,753.92773,914.45135,1081.3578,778.21924,929.9572,1096.7222,729.9147,899.2118,1064.1804,675.9059,860.0415,1016.64594
2026-01-29 16:00:00+00:00,1303.42726,1463.35866,1629.7942,818.39636,978.32776,1144.7633,843.52515,994.38727,1160.5831,789.02924,959.4634,1123.5797,734.7368,920.0303,1074.7334
2026-01-29 17:00:00+00:00,1295.6138,1456.7449000000001,1622.1111,832.3497,993.4808,1158.847,857.6296,1009.7868,1175.0867,798.7879,971.44727,1133.9277,746.8639,933.4208,1085.356
2026-01-29 18:00:00+00:00,1247.105,1410.3885999999998,1574.8578,829.6917,992.9753,1157.4445,855.03406,1009.64154,1174.096,794.2381,969.13513,1129.481,746.7273,934.11786,1084.5819
2026-01-29 19:00:00+00:00,1210.4157,1376.09867,1539.4294,790.3257,956.00867,1119.3394,815.3784,972.7497,1136.1255,754.9793,931.5949,1089.7192,712.329,900.2295,1049.4578
2026-01-29 20:00:00+00:00,1137.395,1304.3945399999998,1466.1237999999998,718.2009,885.20044,1046.9297,742.31525,901.5553,1063.4276,683.5099,860.88196,1016.83356,645.15015,833.2425,981.48035
2026-01-29 21:00:00+00:00,1087.54,1254.13225,1415.08556,646.025,812.61725,973.57056,668.9499,828.31366,989.5735,612.62683,789.26697,944.4424,576.27026,763.74963,911.8203
2026-01-29 22:00:00+00:00,1090.9054999999998,1255.90794,1416.638,583.2013,748.20374,908.9338,604.3887,762.62573,923.77905,550.9206,725.90497,881.4837,514.97485,701.0233,849.6073
2026-01-29 23:00:00+00:00,1117.1243,1279.7446,1440.70944,582.8852,745.5055,906.47034,602.15027,758.5072,919.923,552.2557,724.8339,881.6936,515.3064,699.48096,848.6808
2026-01-30 00:00:00+00:00,1115.98,1276.77576,1439.3645000000001,577.1675,737.96326,900.552,593.6668,748.9343,911.64044,549.89825,719.971,879.3918,513.5988,694.04047,846.18304
2026-01-30 01:00:00+00:00,1167.56255,1327.0157,1490.95635,579.74585,739.199,903.13965,593.71075,748.3402,912.16425,556.2651,723.9593,885.526,523.1448,700.1254,856.3351
2026-01-30 02:00:00+00:00,1123.4793,1281.72064,1446.9595,588.2777,746.51904,911.7579,599.94147,754.15045,919.1495,568.15125,733.7485,897.2347,538.8796,713.30884,873.0014
2026-01-30 03:00:00+00:00,1119.9222,1276.7682,1443.4135999999999,604.1006,760.9466,927.592,614.58997,767.9582,934.28705,586.1475,749.9172,915.33167,559.6858,731.7501,894.4947
2026-01-30 04:00:00+00:00,1211.75495,1367.77014,1535.4983,680.37415,836.38934,1004.1175,690.94135,843.48334,1010.69867,664.37524,826.8279,993.80347,639.5171,809.9722,975.2393
2026-01-30 05:00:00+00:00,1284.2062,1441.8926000000001,1611.1369,734.0604,891.7468,1060.9911,745.9072,899.64166,1068.1318,720.56824,883.62946,1052.0151,696.67474,867.4956,1034.4277
2026-01-30 06:00:00+00:00,1351.21133,1511.7231,1682.5004,803.50793,964.0197,1134.797,817.8582,973.513,1143.6204,793.66846,958.0984,1128.0168,769.3625,941.67523,1110.1196
2026-01-30 07:00:00+00:00,1380.12073,1544.13434,1715.7567,849.75903,1013.77264,1185.395,866.4562,1024.8455,1196.0236,842.3662,1009.3534,1179.9429,816.0824,991.3887,1160.0668
2026-01-30 08:00:00+00:00,1417.8465999999999,1585.2791,1756.8622,875.7224,1043.1549,1214.738,893.3328,1054.8029,1226.3156,868.90063,1038.9192,1209.4492,841.9147,1020.21,1188.3896
2026-01-30 09:00:00+00:00,1394.1376,1564.7851,1735.8833,872.3267,1042.9742,1214.0724,890.07935,1054.856,1226.0566,868.61975,1040.7604,1210.9104,844.1566,1023.705,1191.6254
2026-01-30 10:00:00+00:00,1350.3561,1523.4702,1693.9649,858.4327,1031.5468,1202.0415,876.6415,1043.8512,1214.5173,858.74146,1031.9855,1201.6312,839.12683,1018.37756,1186.2843
2026-01-30 11:00:00+00:00,1395.73874,1570.15665,1739.8623,833.27954,1007.69745,1177.4031,851.46375,1020.0796,1189.9612,837.28357,1010.7094,1179.638,822.5702,1000.63855,1168.3577
2026-01-30 12:00:00+00:00,1351.259,1525.5881399999998,1694.4452999999999,788.3373,962.66644,1131.5236,806.10974,974.76984,1143.7495,794.53766,967.2473,1135.3733,783.9378,960.09656,1127.4596
2026-01-30 13:00:00+00:00,1327.0520999999999,1500.0848,1668.1405,749.2562,922.2889,1090.3446,765.9542,933.48413,1101.6188,755.75934,926.9289,1094.3234,747.5383,921.53796,1088.3779
2026-01-30 14:00:00+00:00,1311.6317,1482.4526,1650.3393,723.255,894.0759,1061.9626,739.89215,905.1366,1072.9622,729.33923,898.44305,1065.621,721.2203,893.17664,1059.7097
2026-01-30 15:00:00+00:00,1338.31614,1506.7044,1674.9902000000002,743.92444,912.3127,1080.5985,761.6059,923.93286,1092.1008,748.81714,915.9091,1083.46,736.89044,908.1734,1074.8215
2026-01-30 16:00:00+00:00,1338.1749,1504.66115,1673.1528999999998,762.3141,928.80035,1097.2921,781.6449,941.421,1109.9459,765.21106,931.17615,1099.0194,747.6839,919.75946,1086.4156
2026-01-30 17:00:00+00:00,1299.17774,1464.8056000000001,1633.2701000000002,760.76434,926.3922,1094.8567,781.51917,940.0244,1108.6509,761.5598,927.553,1095.324,738.66235,912.4472,1078.6312
2026-01-30 18:00:00+00:00,1317.0079,1481.96333,1650.3180000000002,750.8437,915.79913,1084.1538,772.55176,930.10474,1098.7141,753.3668,918.12787,1085.8738,729.628,902.53564,1068.7286
2026-01-30 19:00:00+00:00,1287.5219,1452.0799,1619.80856,636.4244,800.9824,968.71106,657.677,814.9273,982.5563,640.3208,804.0458,971.0402,616.84937,788.65216,954.05066
2026-01-30 20:00:00+00:00,1207.4866,1369.52194,1536.7093,607.2149,769.25024,936.4376,626.1953,781.4436,948.1758,610.3872,771.6309,938.05035,586.0164,755.7677,920.6171
2026-01-30 21:00:00+00:00,1160.3793999999998,1319.8301299999998,1486.5850999999998,579.0594,738.51013,905.2651,595.44916,748.82477,915.0414,580.4713,739.5287,905.5157,553.63214,722.0618,886.3846
2026-01-30 22:00:00+00:00,1150.2108699999999,1307.7064,1473.7638499999998,476.59247,634.088,800.14545,490.70764,642.7541,808.3258,475.14465,633.04095,798.4129,445.7596,613.79565,777.2639
2026-01-30 23:00:00+00:00,1082.4521,1237.2123000000001,1402.2428,424.1379,578.8981,743.9286,435.6195,585.58746,750.5326,417.22815,574.042,739.0676,385.33362,553.1015,715.9275
